metric_month,marketing_year,factor_key,factor_name,value,unit,method,source_name,source_url,monthly_source_status
2016-04-01,2016/17,domestic_other_use,Domestic other use,0.513985,million_tonnes,annual_total_demand_to_monthly_other_proxy,Local maize supply-demand balance,D:\ncel2\ncel-commodity-pricing\SnD\supply\maize\maize_supply_factors.db,not_found_cleanly
2016-04-01,2016/17,ethanol_demand_signal,Ethanol demand signal,35.0,index_100,curated_step_signal,Curated Maize demand profile,D:\ncel2\ncel-commodity-pricing\SnD\demand\maize\build_maize_demand_store.py,curated
2016-04-01,2016/17,exports,Exports,0.027195,million_tonnes,annual_exports_to_monthly_proxy,APEDA Product Page + proxy,https://apeda.gov.in/,partially_available
2016-04-01,2016/17,feed_use,Feed use,1.186738,million_tonnes,annual_total_demand_to_monthly_feed_proxy,Local maize supply-demand balance,D:\ncel2\ncel-commodity-pricing\SnD\supply\maize\maize_supply_factors.db,mixed
2016-04-01,2016/17,industrial_use,Industrial use,0.259,million_tonnes,annual_total_demand_to_monthly_industrial_proxy,Local maize supply-demand balance,D:\ncel2\ncel-commodity-pricing\SnD\supply\maize\maize_supply_factors.db,not_found_cleanly
2016-04-01,2016/17,policy_changes,Policy changes,0.0,policy_index,curated_event_series,Curated Maize demand profile,D:\ncel2\ncel-commodity-pricing\SnD\demand\maize\build_maize_demand_store.py,curated
2016-04-01,2016/17,population_trend,Population / consumption trend,1328.06,million_people,annual_population_to_monthly_interpolation,Interpolated population trend,D:\ncel2\ncel-commodity-pricing\SnD\demand\maize\build_maize_demand_store.py,annual_only
2016-04-01,2016/17,poultry_demand_cycle,Poultry demand cycle,97.0,index_100,curated_monthly_poultry_cycle,Curated Maize demand profile,D:\ncel2\ncel-commodity-pricing\SnD\demand\maize\build_maize_demand_store.py,curated
2016-04-01,2016/17,retail_price_pressure,Retail / mandi price pressure,100.0,index_100,monthly_national_maize_price_index,Local maize support store,D:\ncel2\ncel-commodity-pricing\backend\data\maize_model_support.db,available
2016-04-01,2016/17,seed_use,Seed use,0.02072,million_tonnes,annual_seed_to_monthly_sowing_proxy,Derived sowing proxy,D:\ncel2\ncel-commodity-pricing\SnD\demand\maize\build_maize_demand_store.py,not_found_cleanly
2016-04-01,2016/17,substitution_effect,Substitution effect,100.0,index_100,monthly_maize_vs_wheat_ratio_index,Local maize vs wheat support stores,D:\ncel2\ncel-commodity-pricing\backend\data\maize_model_support.db | D:\ncel2\ncel-commodity-pricing\backend\data\wheat_model_support.db,available
2016-04-01,2016/17,total_demand_monthly,Total demand monthly,2.007638,million_tonnes,feed_plus_industrial_plus_exports_plus_seed_plus_domestic_other_use,Derived inside Maize demand store,D:\ncel2\ncel-commodity-pricing\SnD\demand\maize\build_maize_demand_store.py,derived
2016-05-01,2016/17,domestic_other_use,Domestic other use,0.513985,million_tonnes,annual_total_demand_to_monthly_other_proxy,Local maize supply-demand balance,D:\ncel2\ncel-commodity-pricing\SnD\supply\maize\maize_supply_factors.db,not_found_cleanly
2016-05-01,2016/17,ethanol_demand_signal,Ethanol demand signal,35.0,index_100,curated_step_signal,Curated Maize demand profile,D:\ncel2\ncel-commodity-pricing\SnD\demand\maize\build_maize_demand_store.py,curated
2016-05-01,2016/17,exports,Exports,0.027195,million_tonnes,annual_exports_to_monthly_proxy,APEDA Product Page + proxy,https://apeda.gov.in/,partially_available
2016-05-01,2016/17,feed_use,Feed use,1.186738,million_tonnes,annual_total_demand_to_monthly_feed_proxy,Local maize supply-demand balance,D:\ncel2\ncel-commodity-pricing\SnD\supply\maize\maize_supply_factors.db,mixed
2016-05-01,2016/17,industrial_use,Industrial use,0.259,million_tonnes,annual_total_demand_to_monthly_industrial_proxy,Local maize supply-demand balance,D:\ncel2\ncel-commodity-pricing\SnD\supply\maize\maize_supply_factors.db,not_found_cleanly
2016-05-01,2016/17,policy_changes,Policy changes,0.0,policy_index,curated_event_series,Curated Maize demand profile,D:\ncel2\ncel-commodity-pricing\SnD\demand\maize\build_maize_demand_store.py,curated
2016-05-01,2016/17,population_trend,Population / consumption trend,1329.24,million_people,annual_population_to_monthly_interpolation,Interpolated population trend,D:\ncel2\ncel-commodity-pricing\SnD\demand\maize\build_maize_demand_store.py,annual_only
2016-05-01,2016/17,poultry_demand_cycle,Poultry demand cycle,96.0,index_100,curated_monthly_poultry_cycle,Curated Maize demand profile,D:\ncel2\ncel-commodity-pricing\SnD\demand\maize\build_maize_demand_store.py,curated
2016-05-01,2016/17,retail_price_pressure,Retail / mandi price pressure,100.0,index_100,monthly_national_maize_price_index,Local maize support store,D:\ncel2\ncel-commodity-pricing\backend\data\maize_model_support.db,available
2016-05-01,2016/17,seed_use,Seed use,0.04144,million_tonnes,annual_seed_to_monthly_sowing_proxy,Derived sowing proxy,D:\ncel2\ncel-commodity-pricing\SnD\demand\maize\build_maize_demand_store.py,not_found_cleanly
2016-05-01,2016/17,substitution_effect,Substitution effect,100.0,index_100,monthly_maize_vs_wheat_ratio_index,Local maize vs wheat support stores,D:\ncel2\ncel-commodity-pricing\backend\data\maize_model_support.db | D:\ncel2\ncel-commodity-pricing\backend\data\wheat_model_support.db,available
2016-05-01,2016/17,total_demand_monthly,Total demand monthly,2.028358,million_tonnes,feed_plus_industrial_plus_exports_plus_seed_plus_domestic_other_use,Derived inside Maize demand store,D:\ncel2\ncel-commodity-pricing\SnD\demand\maize\build_maize_demand_store.py,derived
2016-06-01,2016/17,domestic_other_use,Domestic other use,0.513985,million_tonnes,annual_total_demand_to_monthly_other_proxy,Local maize supply-demand balance,D:\ncel2\ncel-commodity-pricing\SnD\supply\maize\maize_supply_factors.db,not_found_cleanly
2016-06-01,2016/17,ethanol_demand_signal,Ethanol demand signal,35.0,index_100,curated_step_signal,Curated Maize demand profile,D:\ncel2\ncel-commodity-pricing\SnD\demand\maize\build_maize_demand_store.py,curated
2016-06-01,2016/17,exports,Exports,0.027195,million_tonnes,annual_exports_to_monthly_proxy,APEDA Product Page + proxy,https://apeda.gov.in/,partially_available
2016-06-01,2016/17,feed_use,Feed use,1.186738,million_tonnes,annual_total_demand_to_monthly_feed_proxy,Local maize supply-demand balance,D:\ncel2\ncel-commodity-pricing\SnD\supply\maize\maize_supply_factors.db,mixed
2016-06-01,2016/17,industrial_use,Industrial use,0.259,million_tonnes,annual_total_demand_to_monthly_industrial_proxy,Local maize supply-demand balance,D:\ncel2\ncel-commodity-pricing\SnD\supply\maize\maize_supply_factors.db,not_found_cleanly
2016-06-01,2016/17,policy_changes,Policy changes,0.0,policy_index,curated_event_series,Curated Maize demand profile,D:\ncel2\ncel-commodity-pricing\SnD\demand\maize\build_maize_demand_store.py,curated
2016-06-01,2016/17,population_trend,Population / consumption trend,1330.42,million_people,annual_population_to_monthly_interpolation,Interpolated population trend,D:\ncel2\ncel-commodity-pricing\SnD\demand\maize\build_maize_demand_store.py,annual_only
2016-06-01,2016/17,poultry_demand_cycle,Poultry demand cycle,98.0,index_100,curated_monthly_poultry_cycle,Curated Maize demand profile,D:\ncel2\ncel-commodity-pricing\SnD\demand\maize\build_maize_demand_store.py,curated
2016-06-01,2016/17,retail_price_pressure,Retail / mandi price pressure,100.0,index_100,monthly_national_maize_price_index,Local maize support store,D:\ncel2\ncel-commodity-pricing\backend\data\maize_model_support.db,available
2016-06-01,2016/17,seed_use,Seed use,0.19684,million_tonnes,annual_seed_to_monthly_sowing_proxy,Derived sowing proxy,D:\ncel2\ncel-commodity-pricing\SnD\demand\maize\build_maize_demand_store.py,not_found_cleanly
2016-06-01,2016/17,substitution_effect,Substitution effect,100.0,index_100,monthly_maize_vs_wheat_ratio_index,Local maize vs wheat support stores,D:\ncel2\ncel-commodity-pricing\backend\data\maize_model_support.db | D:\ncel2\ncel-commodity-pricing\backend\data\wheat_model_support.db,available
2016-06-01,2016/17,total_demand_monthly,Total demand monthly,2.183758,million_tonnes,feed_plus_industrial_plus_exports_plus_seed_plus_domestic_other_use,Derived inside Maize demand store,D:\ncel2\ncel-commodity-pricing\SnD\demand\maize\build_maize_demand_store.py,derived
2016-07-01,2016/17,domestic_other_use,Domestic other use,0.526676,million_tonnes,annual_total_demand_to_monthly_other_proxy,Local maize supply-demand balance,D:\ncel2\ncel-commodity-pricing\SnD\supply\maize\maize_supply_factors.db,not_found_cleanly
2016-07-01,2016/17,ethanol_demand_signal,Ethanol demand signal,35.0,index_100,curated_step_signal,Curated Maize demand profile,D:\ncel2\ncel-commodity-pricing\SnD\demand\maize\build_maize_demand_store.py,curated
2016-07-01,2016/17,exports,Exports,0.027195,million_tonnes,annual_exports_to_monthly_proxy,APEDA Product Page + proxy,https://apeda.gov.in/,partially_available
2016-07-01,2016/17,feed_use,Feed use,1.231804,million_tonnes,annual_total_demand_to_monthly_feed_proxy,Local maize supply-demand balance,D:\ncel2\ncel-commodity-pricing\SnD\supply\maize\maize_supply_factors.db,mixed
2016-07-01,2016/17,industrial_use,Industrial use,0.259,million_tonnes,annual_total_demand_to_monthly_industrial_proxy,Local maize supply-demand balance,D:\ncel2\ncel-commodity-pricing\SnD\supply\maize\maize_supply_factors.db,not_found_cleanly
2016-07-01,2016/17,policy_changes,Policy changes,0.0,policy_index,curated_event_series,Curated Maize demand profile,D:\ncel2\ncel-commodity-pricing\SnD\demand\maize\build_maize_demand_store.py,curated
2016-07-01,2016/17,population_trend,Population / consumption trend,1331.6,million_people,annual_population_to_monthly_interpolation,Interpolated population trend,D:\ncel2\ncel-commodity-pricing\SnD\demand\maize\build_maize_demand_store.py,annual_only
2016-07-01,2016/17,poultry_demand_cycle,Poultry demand cycle,101.0,index_100,curated_monthly_poultry_cycle,Curated Maize demand profile,D:\ncel2\ncel-commodity-pricing\SnD\demand\maize\build_maize_demand_store.py,curated
2016-07-01,2016/17,retail_price_pressure,Retail / mandi price pressure,100.0,index_100,monthly_national_maize_price_index,Local maize support store,D:\ncel2\ncel-commodity-pricing\backend\data\maize_model_support.db,available
2016-07-01,2016/17,seed_use,Seed use,0.22792,million_tonnes,annual_seed_to_monthly_sowing_proxy,Derived sowing proxy,D:\ncel2\ncel-commodity-pricing\SnD\demand\maize\build_maize_demand_store.py,not_found_cleanly
2016-07-01,2016/17,substitution_effect,Substitution effect,100.0,index_100,monthly_maize_vs_wheat_ratio_index,Local maize vs wheat support stores,D:\ncel2\ncel-commodity-pricing\backend\data\maize_model_support.db | D:\ncel2\ncel-commodity-pricing\backend\data\wheat_model_support.db,available
2016-07-01,2016/17,total_demand_monthly,Total demand monthly,2.272595,million_tonnes,feed_plus_industrial_plus_exports_plus_seed_plus_domestic_other_use,Derived inside Maize demand store,D:\ncel2\ncel-commodity-pricing\SnD\demand\maize\build_maize_demand_store.py,derived
2016-08-01,2016/17,domestic_other_use,Domestic other use,0.533022,million_tonnes,annual_total_demand_to_monthly_other_proxy,Local maize supply-demand balance,D:\ncel2\ncel-commodity-pricing\SnD\supply\maize\maize_supply_factors.db,not_found_cleanly
2016-08-01,2016/17,ethanol_demand_signal,Ethanol demand signal,35.0,index_100,curated_step_signal,Curated Maize demand profile,D:\ncel2\ncel-commodity-pricing\SnD\demand\maize\build_maize_demand_store.py,curated
2016-08-01,2016/17,exports,Exports,0.027195,million_tonnes,annual_exports_to_monthly_proxy,APEDA Product Page + proxy,https://apeda.gov.in/,partially_available
2016-08-01,2016/17,feed_use,Feed use,1.261848,million_tonnes,annual_total_demand_to_monthly_feed_proxy,Local maize supply-demand balance,D:\ncel2\ncel-commodity-pricing\SnD\supply\maize\maize_supply_factors.db,mixed
2016-08-01,2016/17,industrial_use,Industrial use,0.259,million_tonnes,annual_total_demand_to_monthly_industrial_proxy,Local maize supply-demand balance,D:\ncel2\ncel-commodity-pricing\SnD\supply\maize\maize_supply_factors.db,not_found_cleanly
2016-08-01,2016/17,policy_changes,Policy changes,0.0,policy_index,curated_event_series,Curated Maize demand profile,D:\ncel2\ncel-commodity-pricing\SnD\demand\maize\build_maize_demand_store.py,curated
2016-08-01,2016/17,population_trend,Population / consumption trend,1332.78,million_people,annual_population_to_monthly_interpolation,Interpolated population trend,D:\ncel2\ncel-commodity-pricing\SnD\demand\maize\build_maize_demand_store.py,annual_only
2016-08-01,2016/17,poultry_demand_cycle,Poultry demand cycle,103.0,index_100,curated_monthly_poultry_cycle,Curated Maize demand profile,D:\ncel2\ncel-commodity-pricing\SnD\demand\maize\build_maize_demand_store.py,curated
2016-08-01,2016/17,retail_price_pressure,Retail / mandi price pressure,100.0,index_100,monthly_national_maize_price_index,Local maize support store,D:\ncel2\ncel-commodity-pricing\backend\data\maize_model_support.db,available
2016-08-01,2016/17,seed_use,Seed use,0.08288,million_tonnes,annual_seed_to_monthly_sowing_proxy,Derived sowing proxy,D:\ncel2\ncel-commodity-pricing\SnD\demand\maize\build_maize_demand_store.py,not_found_cleanly
2016-08-01,2016/17,substitution_effect,Substitution effect,100.0,index_100,monthly_maize_vs_wheat_ratio_index,Local maize vs wheat support stores,D:\ncel2\ncel-commodity-pricing\backend\data\maize_model_support.db | D:\ncel2\ncel-commodity-pricing\backend\data\wheat_model_support.db,available
2016-08-01,2016/17,total_demand_monthly,Total demand monthly,2.163945,million_tonnes,feed_plus_industrial_plus_exports_plus_seed_plus_domestic_other_use,Derived inside Maize demand store,D:\ncel2\ncel-commodity-pricing\SnD\demand\maize\build_maize_demand_store.py,derived
2016-09-01,2016/17,domestic_other_use,Domestic other use,0.533022,million_tonnes,annual_total_demand_to_monthly_other_proxy,Local maize supply-demand balance,D:\ncel2\ncel-commodity-pricing\SnD\supply\maize\maize_supply_factors.db,not_found_cleanly
2016-09-01,2016/17,ethanol_demand_signal,Ethanol demand signal,35.0,index_100,curated_step_signal,Curated Maize demand profile,D:\ncel2\ncel-commodity-pricing\SnD\demand\maize\build_maize_demand_store.py,curated
2016-09-01,2016/17,exports,Exports,0.03108,million_tonnes,annual_exports_to_monthly_proxy,APEDA Product Page + proxy,https://apeda.gov.in/,partially_available
2016-09-01,2016/17,feed_use,Feed use,1.261848,million_tonnes,annual_total_demand_to_monthly_feed_proxy,Local maize supply-demand balance,D:\ncel2\ncel-commodity-pricing\SnD\supply\maize\maize_supply_factors.db,mixed
2016-09-01,2016/17,industrial_use,Industrial use,0.259,million_tonnes,annual_total_demand_to_monthly_industrial_proxy,Local maize supply-demand balance,D:\ncel2\ncel-commodity-pricing\SnD\supply\maize\maize_supply_factors.db,not_found_cleanly
2016-09-01,2016/17,policy_changes,Policy changes,0.0,policy_index,curated_event_series,Curated Maize demand profile,D:\ncel2\ncel-commodity-pricing\SnD\demand\maize\build_maize_demand_store.py,curated
2016-09-01,2016/17,population_trend,Population / consumption trend,1333.96,million_people,annual_population_to_monthly_interpolation,Interpolated population trend,D:\ncel2\ncel-commodity-pricing\SnD\demand\maize\build_maize_demand_store.py,annual_only
2016-09-01,2016/17,poultry_demand_cycle,Poultry demand cycle,104.0,index_100,curated_monthly_poultry_cycle,Curated Maize demand profile,D:\ncel2\ncel-commodity-pricing\SnD\demand\maize\build_maize_demand_store.py,curated
2016-09-01,2016/17,retail_price_pressure,Retail / mandi price pressure,100.0,index_100,monthly_national_maize_price_index,Local maize support store,D:\ncel2\ncel-commodity-pricing\backend\data\maize_model_support.db,available
2016-09-01,2016/17,seed_use,Seed use,0.03108,million_tonnes,annual_seed_to_monthly_sowing_proxy,Derived sowing proxy,D:\ncel2\ncel-commodity-pricing\SnD\demand\maize\build_maize_demand_store.py,not_found_cleanly
2016-09-01,2016/17,substitution_effect,Substitution effect,100.0,index_100,monthly_maize_vs_wheat_ratio_index,Local maize vs wheat support stores,D:\ncel2\ncel-commodity-pricing\backend\data\maize_model_support.db | D:\ncel2\ncel-commodity-pricing\backend\data\wheat_model_support.db,available
2016-09-01,2016/17,total_demand_monthly,Total demand monthly,2.11603,million_tonnes,feed_plus_industrial_plus_exports_plus_seed_plus_domestic_other_use,Derived inside Maize demand store,D:\ncel2\ncel-commodity-pricing\SnD\demand\maize\build_maize_demand_store.py,derived
2016-10-01,2016/17,domestic_other_use,Domestic other use,0.545713,million_tonnes,annual_total_demand_to_monthly_other_proxy,Local maize supply-demand balance,D:\ncel2\ncel-commodity-pricing\SnD\supply\maize\maize_supply_factors.db,not_found_cleanly
2016-10-01,2016/17,ethanol_demand_signal,Ethanol demand signal,35.0,index_100,curated_step_signal,Curated Maize demand profile,D:\ncel2\ncel-commodity-pricing\SnD\demand\maize\build_maize_demand_store.py,curated
2016-10-01,2016/17,exports,Exports,0.03885,million_tonnes,annual_exports_to_monthly_proxy,APEDA Product Page + proxy,https://apeda.gov.in/,partially_available
2016-10-01,2016/17,feed_use,Feed use,1.291892,million_tonnes,annual_total_demand_to_monthly_feed_proxy,Local maize supply-demand balance,D:\ncel2\ncel-commodity-pricing\SnD\supply\maize\maize_supply_factors.db,mixed
2016-10-01,2016/17,industrial_use,Industrial use,0.259,million_tonnes,annual_total_demand_to_monthly_industrial_proxy,Local maize supply-demand balance,D:\ncel2\ncel-commodity-pricing\SnD\supply\maize\maize_supply_factors.db,not_found_cleanly
2016-10-01,2016/17,policy_changes,Policy changes,0.0,policy_index,curated_event_series,Curated Maize demand profile,D:\ncel2\ncel-commodity-pricing\SnD\demand\maize\build_maize_demand_store.py,curated
2016-10-01,2016/17,population_trend,Population / consumption trend,1335.14,million_people,annual_population_to_monthly_interpolation,Interpolated population trend,D:\ncel2\ncel-commodity-pricing\SnD\demand\maize\build_maize_demand_store.py,annual_only
2016-10-01,2016/17,poultry_demand_cycle,Poultry demand cycle,105.0,index_100,curated_monthly_poultry_cycle,Curated Maize demand profile,D:\ncel2\ncel-commodity-pricing\SnD\demand\maize\build_maize_demand_store.py,curated
2016-10-01,2016/17,retail_price_pressure,Retail / mandi price pressure,100.0,index_100,monthly_national_maize_price_index,Local maize support store,D:\ncel2\ncel-commodity-pricing\backend\data\maize_model_support.db,available
2016-10-01,2016/17,seed_use,Seed use,0.16576,million_tonnes,annual_seed_to_monthly_sowing_proxy,Derived sowing proxy,D:\ncel2\ncel-commodity-pricing\SnD\demand\maize\build_maize_demand_store.py,not_found_cleanly
2016-10-01,2016/17,substitution_effect,Substitution effect,100.0,index_100,monthly_maize_vs_wheat_ratio_index,Local maize vs wheat support stores,D:\ncel2\ncel-commodity-pricing\backend\data\maize_model_support.db | D:\ncel2\ncel-commodity-pricing\backend\data\wheat_model_support.db,available
2016-10-01,2016/17,total_demand_monthly,Total demand monthly,2.301215,million_tonnes,feed_plus_industrial_plus_exports_plus_seed_plus_domestic_other_use,Derived inside Maize demand store,D:\ncel2\ncel-commodity-pricing\SnD\demand\maize\build_maize_demand_store.py,derived
2016-11-01,2016/17,domestic_other_use,Domestic other use,0.558404,million_tonnes,annual_total_demand_to_monthly_other_proxy,Local maize supply-demand balance,D:\ncel2\ncel-commodity-pricing\SnD\supply\maize\maize_supply_factors.db,not_found_cleanly
2016-11-01,2016/17,ethanol_demand_signal,Ethanol demand signal,35.0,index_100,curated_step_signal,Curated Maize demand profile,D:\ncel2\ncel-commodity-pricing\SnD\demand\maize\build_maize_demand_store.py,curated
2016-11-01,2016/17,exports,Exports,0.042735,million_tonnes,annual_exports_to_monthly_proxy,APEDA Product Page + proxy,https://apeda.gov.in/,partially_available
2016-11-01,2016/17,feed_use,Feed use,1.306914,million_tonnes,annual_total_demand_to_monthly_feed_proxy,Local maize supply-demand balance,D:\ncel2\ncel-commodity-pricing\SnD\supply\maize\maize_supply_factors.db,mixed
2016-11-01,2016/17,industrial_use,Industrial use,0.259,million_tonnes,annual_total_demand_to_monthly_industrial_proxy,Local maize supply-demand balance,D:\ncel2\ncel-commodity-pricing\SnD\supply\maize\maize_supply_factors.db,not_found_cleanly
2016-11-01,2016/17,policy_changes,Policy changes,0.0,policy_index,curated_event_series,Curated Maize demand profile,D:\ncel2\ncel-commodity-pricing\SnD\demand\maize\build_maize_demand_store.py,curated
2016-11-01,2016/17,population_trend,Population / consumption trend,1336.32,million_people,annual_population_to_monthly_interpolation,Interpolated population trend,D:\ncel2\ncel-commodity-pricing\SnD\demand\maize\build_maize_demand_store.py,annual_only
2016-11-01,2016/17,poultry_demand_cycle,Poultry demand cycle,107.0,index_100,curated_monthly_poultry_cycle,Curated Maize demand profile,D:\ncel2\ncel-commodity-pricing\SnD\demand\maize\build_maize_demand_store.py,curated
2016-11-01,2016/17,retail_price_pressure,Retail / mandi price pressure,100.0,index_100,monthly_national_maize_price_index,Local maize support store,D:\ncel2\ncel-commodity-pricing\backend\data\maize_model_support.db,available
2016-11-01,2016/17,seed_use,Seed use,0.16576,million_tonnes,annual_seed_to_monthly_sowing_proxy,Derived sowing proxy,D:\ncel2\ncel-commodity-pricing\SnD\demand\maize\build_maize_demand_store.py,not_found_cleanly
2016-11-01,2016/17,substitution_effect,Substitution effect,100.0,index_100,monthly_maize_vs_wheat_ratio_index,Local maize vs wheat support stores,D:\ncel2\ncel-commodity-pricing\backend\data\maize_model_support.db | D:\ncel2\ncel-commodity-pricing\backend\data\wheat_model_support.db,available
2016-11-01,2016/17,total_demand_monthly,Total demand monthly,2.332813,million_tonnes,feed_plus_industrial_plus_exports_plus_seed_plus_domestic_other_use,Derived inside Maize demand store,D:\ncel2\ncel-commodity-pricing\SnD\demand\maize\build_maize_demand_store.py,derived
2016-12-01,2016/17,domestic_other_use,Domestic other use,0.558404,million_tonnes,annual_total_demand_to_monthly_other_proxy,Local maize supply-demand balance,D:\ncel2\ncel-commodity-pricing\SnD\supply\maize\maize_supply_factors.db,not_found_cleanly
2016-12-01,2016/17,ethanol_demand_signal,Ethanol demand signal,35.0,index_100,curated_step_signal,Curated Maize demand profile,D:\ncel2\ncel-commodity-pricing\SnD\demand\maize\build_maize_demand_store.py,curated
2016-12-01,2016/17,exports,Exports,0.03885,million_tonnes,annual_exports_to_monthly_proxy,APEDA Product Page + proxy,https://apeda.gov.in/,partially_available
2016-12-01,2016/17,feed_use,Feed use,1.321936,million_tonnes,annual_total_demand_to_monthly_feed_proxy,Local maize supply-demand balance,D:\ncel2\ncel-commodity-pricing\SnD\supply\maize\maize_supply_factors.db,mixed
2016-12-01,2016/17,industrial_use,Industrial use,0.259,million_tonnes,annual_total_demand_to_monthly_industrial_proxy,Local maize supply-demand balance,D:\ncel2\ncel-commodity-pricing\SnD\supply\maize\maize_supply_factors.db,not_found_cleanly
2016-12-01,2016/17,policy_changes,Policy changes,0.0,policy_index,curated_event_series,Curated Maize demand profile,D:\ncel2\ncel-commodity-pricing\SnD\demand\maize\build_maize_demand_store.py,curated
2016-12-01,2016/17,population_trend,Population / consumption trend,1337.5,million_people,annual_population_to_monthly_interpolation,Interpolated population trend,D:\ncel2\ncel-commodity-pricing\SnD\demand\maize\build_maize_demand_store.py,annual_only
2016-12-01,2016/17,poultry_demand_cycle,Poultry demand cycle,107.0,index_100,curated_monthly_poultry_cycle,Curated Maize demand profile,D:\ncel2\ncel-commodity-pricing\SnD\demand\maize\build_maize_demand_store.py,curated
2016-12-01,2016/17,retail_price_pressure,Retail / mandi price pressure,100.0,index_100,monthly_national_maize_price_index,Local maize support store,D:\ncel2\ncel-commodity-pricing\backend\data\maize_model_support.db,available
2016-12-01,2016/17,seed_use,Seed use,0.07252,million_tonnes,annual_seed_to_monthly_sowing_proxy,Derived sowing proxy,D:\ncel2\ncel-commodity-pricing\SnD\demand\maize\build_maize_demand_store.py,not_found_cleanly
2016-12-01,2016/17,substitution_effect,Substitution effect,100.0,index_100,monthly_maize_vs_wheat_ratio_index,Local maize vs wheat support stores,D:\ncel2\ncel-commodity-pricing\backend\data\maize_model_support.db | D:\ncel2\ncel-commodity-pricing\backend\data\wheat_model_support.db,available
2016-12-01,2016/17,total_demand_monthly,Total demand monthly,2.25071,million_tonnes,feed_plus_industrial_plus_exports_plus_seed_plus_domestic_other_use,Derived inside Maize demand store,D:\ncel2\ncel-commodity-pricing\SnD\demand\maize\build_maize_demand_store.py,derived
2017-01-01,2016/17,domestic_other_use,Domestic other use,0.520331,million_tonnes,annual_total_demand_to_monthly_other_proxy,Local maize supply-demand balance,D:\ncel2\ncel-commodity-pricing\SnD\supply\maize\maize_supply_factors.db,not_found_cleanly
2017-01-01,2016/17,ethanol_demand_signal,Ethanol demand signal,35.0,index_100,curated_step_signal,Curated Maize demand profile,D:\ncel2\ncel-commodity-pricing\SnD\demand\maize\build_maize_demand_store.py,curated
2017-01-01,2016/17,exports,Exports,0.034965,million_tonnes,annual_exports_to_monthly_proxy,APEDA Product Page + proxy,https://apeda.gov.in/,partially_available
2017-01-01,2016/17,feed_use,Feed use,1.291892,million_tonnes,annual_total_demand_to_monthly_feed_proxy,Local maize supply-demand balance,D:\ncel2\ncel-commodity-pricing\SnD\supply\maize\maize_supply_factors.db,mixed
2017-01-01,2016/17,industrial_use,Industrial use,0.259,million_tonnes,annual_total_demand_to_monthly_industrial_proxy,Local maize supply-demand balance,D:\ncel2\ncel-commodity-pricing\SnD\supply\maize\maize_supply_factors.db,not_found_cleanly
2017-01-01,2016/17,policy_changes,Policy changes,0.0,policy_index,curated_event_series,Curated Maize demand profile,D:\ncel2\ncel-commodity-pricing\SnD\demand\maize\build_maize_demand_store.py,curated
2017-01-01,2016/17,population_trend,Population / consumption trend,1338.68,million_people,annual_population_to_monthly_interpolation,Interpolated population trend,D:\ncel2\ncel-commodity-pricing\SnD\demand\maize\build_maize_demand_store.py,annual_only
2017-01-01,2016/17,poultry_demand_cycle,Poultry demand cycle,102.0,index_100,curated_monthly_poultry_cycle,Curated Maize demand profile,D:\ncel2\ncel-commodity-pricing\SnD\demand\maize\build_maize_demand_store.py,curated
2017-01-01,2016/17,retail_price_pressure,Retail / mandi price pressure,100.0,index_100,monthly_national_maize_price_index,Local maize support store,D:\ncel2\ncel-commodity-pricing\backend\data\maize_model_support.db,available
2017-01-01,2016/17,seed_use,Seed use,0.01036,million_tonnes,annual_seed_to_monthly_sowing_proxy,Derived sowing proxy,D:\ncel2\ncel-commodity-pricing\SnD\demand\maize\build_maize_demand_store.py,not_found_cleanly
2017-01-01,2016/17,substitution_effect,Substitution effect,100.0,index_100,monthly_maize_vs_wheat_ratio_index,Local maize vs wheat support stores,D:\ncel2\ncel-commodity-pricing\backend\data\maize_model_support.db | D:\ncel2\ncel-commodity-pricing\backend\data\wheat_model_support.db,available
2017-01-01,2016/17,total_demand_monthly,Total demand monthly,2.116548,million_tonnes,feed_plus_industrial_plus_exports_plus_seed_plus_domestic_other_use,Derived inside Maize demand store,D:\ncel2\ncel-commodity-pricing\SnD\demand\maize\build_maize_demand_store.py,derived
2017-02-01,2016/17,domestic_other_use,Domestic other use,0.513985,million_tonnes,annual_total_demand_to_monthly_other_proxy,Local maize supply-demand balance,D:\ncel2\ncel-commodity-pricing\SnD\supply\maize\maize_supply_factors.db,not_found_cleanly
2017-02-01,2016/17,ethanol_demand_signal,Ethanol demand signal,35.0,index_100,curated_step_signal,Curated Maize demand profile,D:\ncel2\ncel-commodity-pricing\SnD\demand\maize\build_maize_demand_store.py,curated
2017-02-01,2016/17,exports,Exports,0.034965,million_tonnes,annual_exports_to_monthly_proxy,APEDA Product Page + proxy,https://apeda.gov.in/,partially_available
2017-02-01,2016/17,feed_use,Feed use,1.261848,million_tonnes,annual_total_demand_to_monthly_feed_proxy,Local maize supply-demand balance,D:\ncel2\ncel-commodity-pricing\SnD\supply\maize\maize_supply_factors.db,mixed
2017-02-01,2016/17,industrial_use,Industrial use,0.259,million_tonnes,annual_total_demand_to_monthly_industrial_proxy,Local maize supply-demand balance,D:\ncel2\ncel-commodity-pricing\SnD\supply\maize\maize_supply_factors.db,not_found_cleanly
2017-02-01,2016/17,policy_changes,Policy changes,0.0,policy_index,curated_event_series,Curated Maize demand profile,D:\ncel2\ncel-commodity-pricing\SnD\demand\maize\build_maize_demand_store.py,curated
2017-02-01,2016/17,population_trend,Population / consumption trend,1339.843333,million_people,annual_population_to_monthly_interpolation,Interpolated population trend,D:\ncel2\ncel-commodity-pricing\SnD\demand\maize\build_maize_demand_store.py,annual_only
2017-02-01,2016/17,poultry_demand_cycle,Poultry demand cycle,101.0,index_100,curated_monthly_poultry_cycle,Curated Maize demand profile,D:\ncel2\ncel-commodity-pricing\SnD\demand\maize\build_maize_demand_store.py,curated
2017-02-01,2016/17,retail_price_pressure,Retail / mandi price pressure,100.0,index_100,monthly_national_maize_price_index,Local maize support store,D:\ncel2\ncel-commodity-pricing\backend\data\maize_model_support.db,available
2017-02-01,2016/17,seed_use,Seed use,0.01036,million_tonnes,annual_seed_to_monthly_sowing_proxy,Derived sowing proxy,D:\ncel2\ncel-commodity-pricing\SnD\demand\maize\build_maize_demand_store.py,not_found_cleanly
2017-02-01,2016/17,substitution_effect,Substitution effect,100.0,index_100,monthly_maize_vs_wheat_ratio_index,Local maize vs wheat support stores,D:\ncel2\ncel-commodity-pricing\backend\data\maize_model_support.db | D:\ncel2\ncel-commodity-pricing\backend\data\wheat_model_support.db,available
2017-02-01,2016/17,total_demand_monthly,Total demand monthly,2.080158,million_tonnes,feed_plus_industrial_plus_exports_plus_seed_plus_domestic_other_use,Derived inside Maize demand store,D:\ncel2\ncel-commodity-pricing\SnD\demand\maize\build_maize_demand_store.py,derived
2017-03-01,2016/17,domestic_other_use,Domestic other use,0.513985,million_tonnes,annual_total_demand_to_monthly_other_proxy,Local maize supply-demand balance,D:\ncel2\ncel-commodity-pricing\SnD\supply\maize\maize_supply_factors.db,not_found_cleanly
2017-03-01,2016/17,ethanol_demand_signal,Ethanol demand signal,35.0,index_100,curated_step_signal,Curated Maize demand profile,D:\ncel2\ncel-commodity-pricing\SnD\demand\maize\build_maize_demand_store.py,curated
2017-03-01,2016/17,exports,Exports,0.03108,million_tonnes,annual_exports_to_monthly_proxy,APEDA Product Page + proxy,https://apeda.gov.in/,partially_available
2017-03-01,2016/17,feed_use,Feed use,1.231804,million_tonnes,annual_total_demand_to_monthly_feed_proxy,Local maize supply-demand balance,D:\ncel2\ncel-commodity-pricing\SnD\supply\maize\maize_supply_factors.db,mixed
2017-03-01,2016/17,industrial_use,Industrial use,0.259,million_tonnes,annual_total_demand_to_monthly_industrial_proxy,Local maize supply-demand balance,D:\ncel2\ncel-commodity-pricing\SnD\supply\maize\maize_supply_factors.db,not_found_cleanly
2017-03-01,2016/17,policy_changes,Policy changes,0.0,policy_index,curated_event_series,Curated Maize demand profile,D:\ncel2\ncel-commodity-pricing\SnD\demand\maize\build_maize_demand_store.py,curated
2017-03-01,2016/17,population_trend,Population / consumption trend,1341.006667,million_people,annual_population_to_monthly_interpolation,Interpolated population trend,D:\ncel2\ncel-commodity-pricing\SnD\demand\maize\build_maize_demand_store.py,annual_only
2017-03-01,2016/17,poultry_demand_cycle,Poultry demand cycle,99.0,index_100,curated_monthly_poultry_cycle,Curated Maize demand profile,D:\ncel2\ncel-commodity-pricing\SnD\demand\maize\build_maize_demand_store.py,curated
2017-03-01,2016/17,retail_price_pressure,Retail / mandi price pressure,100.0,index_100,monthly_national_maize_price_index,Local maize support store,D:\ncel2\ncel-commodity-pricing\backend\data\maize_model_support.db,available
2017-03-01,2016/17,seed_use,Seed use,0.01036,million_tonnes,annual_seed_to_monthly_sowing_proxy,Derived sowing proxy,D:\ncel2\ncel-commodity-pricing\SnD\demand\maize\build_maize_demand_store.py,not_found_cleanly
2017-03-01,2016/17,substitution_effect,Substitution effect,100.0,index_100,monthly_maize_vs_wheat_ratio_index,Local maize vs wheat support stores,D:\ncel2\ncel-commodity-pricing\backend\data\maize_model_support.db | D:\ncel2\ncel-commodity-pricing\backend\data\wheat_model_support.db,available
2017-03-01,2016/17,total_demand_monthly,Total demand monthly,2.046229,million_tonnes,feed_plus_industrial_plus_exports_plus_seed_plus_domestic_other_use,Derived inside Maize demand store,D:\ncel2\ncel-commodity-pricing\SnD\demand\maize\build_maize_demand_store.py,derived
2017-04-01,2017/18,domestic_other_use,Domestic other use,0.571536,million_tonnes,annual_total_demand_to_monthly_other_proxy,Local maize supply-demand balance,D:\ncel2\ncel-commodity-pricing\SnD\supply\maize\maize_supply_factors.db,not_found_cleanly
2017-04-01,2017/18,ethanol_demand_signal,Ethanol demand signal,35.0,index_100,curated_step_signal,Curated Maize demand profile,D:\ncel2\ncel-commodity-pricing\SnD\demand\maize\build_maize_demand_store.py,curated
2017-04-01,2017/18,exports,Exports,0.03024,million_tonnes,annual_exports_to_monthly_proxy,APEDA Product Page + proxy,https://apeda.gov.in/,partially_available
2017-04-01,2017/18,feed_use,Feed use,1.319616,million_tonnes,annual_total_demand_to_monthly_feed_proxy,Local maize supply-demand balance,D:\ncel2\ncel-commodity-pricing\SnD\supply\maize\maize_supply_factors.db,mixed
2017-04-01,2017/18,industrial_use,Industrial use,0.288,million_tonnes,annual_total_demand_to_monthly_industrial_proxy,Local maize supply-demand balance,D:\ncel2\ncel-commodity-pricing\SnD\supply\maize\maize_supply_factors.db,not_found_cleanly
2017-04-01,2017/18,policy_changes,Policy changes,0.0,policy_index,curated_event_series,Curated Maize demand profile,D:\ncel2\ncel-commodity-pricing\SnD\demand\maize\build_maize_demand_store.py,curated
2017-04-01,2017/18,population_trend,Population / consumption trend,1342.17,million_people,annual_population_to_monthly_interpolation,Interpolated population trend,D:\ncel2\ncel-commodity-pricing\SnD\demand\maize\build_maize_demand_store.py,annual_only
2017-04-01,2017/18,poultry_demand_cycle,Poultry demand cycle,97.0,index_100,curated_monthly_poultry_cycle,Curated Maize demand profile,D:\ncel2\ncel-commodity-pricing\SnD\demand\maize\build_maize_demand_store.py,curated
2017-04-01,2017/18,retail_price_pressure,Retail / mandi price pressure,100.0,index_100,monthly_national_maize_price_index,Local maize support store,D:\ncel2\ncel-commodity-pricing\backend\data\maize_model_support.db,available
2017-04-01,2017/18,seed_use,Seed use,0.02304,million_tonnes,annual_seed_to_monthly_sowing_proxy,Derived sowing proxy,D:\ncel2\ncel-commodity-pricing\SnD\demand\maize\build_maize_demand_store.py,not_found_cleanly
2017-04-01,2017/18,substitution_effect,Substitution effect,100.0,index_100,monthly_maize_vs_wheat_ratio_index,Local maize vs wheat support stores,D:\ncel2\ncel-commodity-pricing\backend\data\maize_model_support.db | D:\ncel2\ncel-commodity-pricing\backend\data\wheat_model_support.db,available
2017-04-01,2017/18,total_demand_monthly,Total demand monthly,2.232432,million_tonnes,feed_plus_industrial_plus_exports_plus_seed_plus_domestic_other_use,Derived inside Maize demand store,D:\ncel2\ncel-commodity-pricing\SnD\demand\maize\build_maize_demand_store.py,derived
2017-05-01,2017/18,domestic_other_use,Domestic other use,0.571536,million_tonnes,annual_total_demand_to_monthly_other_proxy,Local maize supply-demand balance,D:\ncel2\ncel-commodity-pricing\SnD\supply\maize\maize_supply_factors.db,not_found_cleanly
2017-05-01,2017/18,ethanol_demand_signal,Ethanol demand signal,35.0,index_100,curated_step_signal,Curated Maize demand profile,D:\ncel2\ncel-commodity-pricing\SnD\demand\maize\build_maize_demand_store.py,curated
2017-05-01,2017/18,exports,Exports,0.03024,million_tonnes,annual_exports_to_monthly_proxy,APEDA Product Page + proxy,https://apeda.gov.in/,partially_available
2017-05-01,2017/18,feed_use,Feed use,1.319616,million_tonnes,annual_total_demand_to_monthly_feed_proxy,Local maize supply-demand balance,D:\ncel2\ncel-commodity-pricing\SnD\supply\maize\maize_supply_factors.db,mixed
2017-05-01,2017/18,industrial_use,Industrial use,0.288,million_tonnes,annual_total_demand_to_monthly_industrial_proxy,Local maize supply-demand balance,D:\ncel2\ncel-commodity-pricing\SnD\supply\maize\maize_supply_factors.db,not_found_cleanly
2017-05-01,2017/18,policy_changes,Policy changes,0.0,policy_index,curated_event_series,Curated Maize demand profile,D:\ncel2\ncel-commodity-pricing\SnD\demand\maize\build_maize_demand_store.py,curated
2017-05-01,2017/18,population_trend,Population / consumption trend,1343.333333,million_people,annual_population_to_monthly_interpolation,Interpolated population trend,D:\ncel2\ncel-commodity-pricing\SnD\demand\maize\build_maize_demand_store.py,annual_only
2017-05-01,2017/18,poultry_demand_cycle,Poultry demand cycle,96.0,index_100,curated_monthly_poultry_cycle,Curated Maize demand profile,D:\ncel2\ncel-commodity-pricing\SnD\demand\maize\build_maize_demand_store.py,curated
2017-05-01,2017/18,retail_price_pressure,Retail / mandi price pressure,100.0,index_100,monthly_national_maize_price_index,Local maize support store,D:\ncel2\ncel-commodity-pricing\backend\data\maize_model_support.db,available
2017-05-01,2017/18,seed_use,Seed use,0.04608,million_tonnes,annual_seed_to_monthly_sowing_proxy,Derived sowing proxy,D:\ncel2\ncel-commodity-pricing\SnD\demand\maize\build_maize_demand_store.py,not_found_cleanly
2017-05-01,2017/18,substitution_effect,Substitution effect,100.0,index_100,monthly_maize_vs_wheat_ratio_index,Local maize vs wheat support stores,D:\ncel2\ncel-commodity-pricing\backend\data\maize_model_support.db | D:\ncel2\ncel-commodity-pricing\backend\data\wheat_model_support.db,available
2017-05-01,2017/18,total_demand_monthly,Total demand monthly,2.255472,million_tonnes,feed_plus_industrial_plus_exports_plus_seed_plus_domestic_other_use,Derived inside Maize demand store,D:\ncel2\ncel-commodity-pricing\SnD\demand\maize\build_maize_demand_store.py,derived
2017-06-01,2017/18,domestic_other_use,Domestic other use,0.571536,million_tonnes,annual_total_demand_to_monthly_other_proxy,Local maize supply-demand balance,D:\ncel2\ncel-commodity-pricing\SnD\supply\maize\maize_supply_factors.db,not_found_cleanly
2017-06-01,2017/18,ethanol_demand_signal,Ethanol demand signal,35.0,index_100,curated_step_signal,Curated Maize demand profile,D:\ncel2\ncel-commodity-pricing\SnD\demand\maize\build_maize_demand_store.py,curated
2017-06-01,2017/18,exports,Exports,0.03024,million_tonnes,annual_exports_to_monthly_proxy,APEDA Product Page + proxy,https://apeda.gov.in/,partially_available
2017-06-01,2017/18,feed_use,Feed use,1.319616,million_tonnes,annual_total_demand_to_monthly_feed_proxy,Local maize supply-demand balance,D:\ncel2\ncel-commodity-pricing\SnD\supply\maize\maize_supply_factors.db,mixed
2017-06-01,2017/18,industrial_use,Industrial use,0.288,million_tonnes,annual_total_demand_to_monthly_industrial_proxy,Local maize supply-demand balance,D:\ncel2\ncel-commodity-pricing\SnD\supply\maize\maize_supply_factors.db,not_found_cleanly
2017-06-01,2017/18,policy_changes,Policy changes,0.0,policy_index,curated_event_series,Curated Maize demand profile,D:\ncel2\ncel-commodity-pricing\SnD\demand\maize\build_maize_demand_store.py,curated
2017-06-01,2017/18,population_trend,Population / consumption trend,1344.496667,million_people,annual_population_to_monthly_interpolation,Interpolated population trend,D:\ncel2\ncel-commodity-pricing\SnD\demand\maize\build_maize_demand_store.py,annual_only
2017-06-01,2017/18,poultry_demand_cycle,Poultry demand cycle,98.0,index_100,curated_monthly_poultry_cycle,Curated Maize demand profile,D:\ncel2\ncel-commodity-pricing\SnD\demand\maize\build_maize_demand_store.py,curated
2017-06-01,2017/18,retail_price_pressure,Retail / mandi price pressure,100.0,index_100,monthly_national_maize_price_index,Local maize support store,D:\ncel2\ncel-commodity-pricing\backend\data\maize_model_support.db,available
2017-06-01,2017/18,seed_use,Seed use,0.21888,million_tonnes,annual_seed_to_monthly_sowing_proxy,Derived sowing proxy,D:\ncel2\ncel-commodity-pricing\SnD\demand\maize\build_maize_demand_store.py,not_found_cleanly
2017-06-01,2017/18,substitution_effect,Substitution effect,100.0,index_100,monthly_maize_vs_wheat_ratio_index,Local maize vs wheat support stores,D:\ncel2\ncel-commodity-pricing\backend\data\maize_model_support.db | D:\ncel2\ncel-commodity-pricing\backend\data\wheat_model_support.db,available
2017-06-01,2017/18,total_demand_monthly,Total demand monthly,2.428272,million_tonnes,feed_plus_industrial_plus_exports_plus_seed_plus_domestic_other_use,Derived inside Maize demand store,D:\ncel2\ncel-commodity-pricing\SnD\demand\maize\build_maize_demand_store.py,derived
2017-07-01,2017/18,domestic_other_use,Domestic other use,0.585648,million_tonnes,annual_total_demand_to_monthly_other_proxy,Local maize supply-demand balance,D:\ncel2\ncel-commodity-pricing\SnD\supply\maize\maize_supply_factors.db,not_found_cleanly
2017-07-01,2017/18,ethanol_demand_signal,Ethanol demand signal,35.0,index_100,curated_step_signal,Curated Maize demand profile,D:\ncel2\ncel-commodity-pricing\SnD\demand\maize\build_maize_demand_store.py,curated
2017-07-01,2017/18,exports,Exports,0.03024,million_tonnes,annual_exports_to_monthly_proxy,APEDA Product Page + proxy,https://apeda.gov.in/,partially_available
2017-07-01,2017/18,feed_use,Feed use,1.369728,million_tonnes,annual_total_demand_to_monthly_feed_proxy,Local maize supply-demand balance,D:\ncel2\ncel-commodity-pricing\SnD\supply\maize\maize_supply_factors.db,mixed
2017-07-01,2017/18,industrial_use,Industrial use,0.288,million_tonnes,annual_total_demand_to_monthly_industrial_proxy,Local maize supply-demand balance,D:\ncel2\ncel-commodity-pricing\SnD\supply\maize\maize_supply_factors.db,not_found_cleanly
2017-07-01,2017/18,policy_changes,Policy changes,0.0,policy_index,curated_event_series,Curated Maize demand profile,D:\ncel2\ncel-commodity-pricing\SnD\demand\maize\build_maize_demand_store.py,curated
2017-07-01,2017/18,population_trend,Population / consumption trend,1345.66,million_people,annual_population_to_monthly_interpolation,Interpolated population trend,D:\ncel2\ncel-commodity-pricing\SnD\demand\maize\build_maize_demand_store.py,annual_only
2017-07-01,2017/18,poultry_demand_cycle,Poultry demand cycle,101.0,index_100,curated_monthly_poultry_cycle,Curated Maize demand profile,D:\ncel2\ncel-commodity-pricing\SnD\demand\maize\build_maize_demand_store.py,curated
2017-07-01,2017/18,retail_price_pressure,Retail / mandi price pressure,100.0,index_100,monthly_national_maize_price_index,Local maize support store,D:\ncel2\ncel-commodity-pricing\backend\data\maize_model_support.db,available
2017-07-01,2017/18,seed_use,Seed use,0.25344,million_tonnes,annual_seed_to_monthly_sowing_proxy,Derived sowing proxy,D:\ncel2\ncel-commodity-pricing\SnD\demand\maize\build_maize_demand_store.py,not_found_cleanly
2017-07-01,2017/18,substitution_effect,Substitution effect,100.0,index_100,monthly_maize_vs_wheat_ratio_index,Local maize vs wheat support stores,D:\ncel2\ncel-commodity-pricing\backend\data\maize_model_support.db | D:\ncel2\ncel-commodity-pricing\backend\data\wheat_model_support.db,available
2017-07-01,2017/18,total_demand_monthly,Total demand monthly,2.527056,million_tonnes,feed_plus_industrial_plus_exports_plus_seed_plus_domestic_other_use,Derived inside Maize demand store,D:\ncel2\ncel-commodity-pricing\SnD\demand\maize\build_maize_demand_store.py,derived
2017-08-01,2017/18,domestic_other_use,Domestic other use,0.592704,million_tonnes,annual_total_demand_to_monthly_other_proxy,Local maize supply-demand balance,D:\ncel2\ncel-commodity-pricing\SnD\supply\maize\maize_supply_factors.db,not_found_cleanly
2017-08-01,2017/18,ethanol_demand_signal,Ethanol demand signal,35.0,index_100,curated_step_signal,Curated Maize demand profile,D:\ncel2\ncel-commodity-pricing\SnD\demand\maize\build_maize_demand_store.py,curated
2017-08-01,2017/18,exports,Exports,0.03024,million_tonnes,annual_exports_to_monthly_proxy,APEDA Product Page + proxy,https://apeda.gov.in/,partially_available
2017-08-01,2017/18,feed_use,Feed use,1.403136,million_tonnes,annual_total_demand_to_monthly_feed_proxy,Local maize supply-demand balance,D:\ncel2\ncel-commodity-pricing\SnD\supply\maize\maize_supply_factors.db,mixed
2017-08-01,2017/18,industrial_use,Industrial use,0.288,million_tonnes,annual_total_demand_to_monthly_industrial_proxy,Local maize supply-demand balance,D:\ncel2\ncel-commodity-pricing\SnD\supply\maize\maize_supply_factors.db,not_found_cleanly
2017-08-01,2017/18,policy_changes,Policy changes,0.0,policy_index,curated_event_series,Curated Maize demand profile,D:\ncel2\ncel-commodity-pricing\SnD\demand\maize\build_maize_demand_store.py,curated
2017-08-01,2017/18,population_trend,Population / consumption trend,1346.823333,million_people,annual_population_to_monthly_interpolation,Interpolated population trend,D:\ncel2\ncel-commodity-pricing\SnD\demand\maize\build_maize_demand_store.py,annual_only
2017-08-01,2017/18,poultry_demand_cycle,Poultry demand cycle,103.0,index_100,curated_monthly_poultry_cycle,Curated Maize demand profile,D:\ncel2\ncel-commodity-pricing\SnD\demand\maize\build_maize_demand_store.py,curated
2017-08-01,2017/18,retail_price_pressure,Retail / mandi price pressure,100.0,index_100,monthly_national_maize_price_index,Local maize support store,D:\ncel2\ncel-commodity-pricing\backend\data\maize_model_support.db,available
2017-08-01,2017/18,seed_use,Seed use,0.09216,million_tonnes,annual_seed_to_monthly_sowing_proxy,Derived sowing proxy,D:\ncel2\ncel-commodity-pricing\SnD\demand\maize\build_maize_demand_store.py,not_found_cleanly
2017-08-01,2017/18,substitution_effect,Substitution effect,100.0,index_100,monthly_maize_vs_wheat_ratio_index,Local maize vs wheat support stores,D:\ncel2\ncel-commodity-pricing\backend\data\maize_model_support.db | D:\ncel2\ncel-commodity-pricing\backend\data\wheat_model_support.db,available
2017-08-01,2017/18,total_demand_monthly,Total demand monthly,2.40624,million_tonnes,feed_plus_industrial_plus_exports_plus_seed_plus_domestic_other_use,Derived inside Maize demand store,D:\ncel2\ncel-commodity-pricing\SnD\demand\maize\build_maize_demand_store.py,derived
2017-09-01,2017/18,domestic_other_use,Domestic other use,0.592704,million_tonnes,annual_total_demand_to_monthly_other_proxy,Local maize supply-demand balance,D:\ncel2\ncel-commodity-pricing\SnD\supply\maize\maize_supply_factors.db,not_found_cleanly
2017-09-01,2017/18,ethanol_demand_signal,Ethanol demand signal,35.0,index_100,curated_step_signal,Curated Maize demand profile,D:\ncel2\ncel-commodity-pricing\SnD\demand\maize\build_maize_demand_store.py,curated
2017-09-01,2017/18,exports,Exports,0.03456,million_tonnes,annual_exports_to_monthly_proxy,APEDA Product Page + proxy,https://apeda.gov.in/,partially_available
2017-09-01,2017/18,feed_use,Feed use,1.403136,million_tonnes,annual_total_demand_to_monthly_feed_proxy,Local maize supply-demand balance,D:\ncel2\ncel-commodity-pricing\SnD\supply\maize\maize_supply_factors.db,mixed
2017-09-01,2017/18,industrial_use,Industrial use,0.288,million_tonnes,annual_total_demand_to_monthly_industrial_proxy,Local maize supply-demand balance,D:\ncel2\ncel-commodity-pricing\SnD\supply\maize\maize_supply_factors.db,not_found_cleanly
2017-09-01,2017/18,policy_changes,Policy changes,0.0,policy_index,curated_event_series,Curated Maize demand profile,D:\ncel2\ncel-commodity-pricing\SnD\demand\maize\build_maize_demand_store.py,curated
2017-09-01,2017/18,population_trend,Population / consumption trend,1347.986667,million_people,annual_population_to_monthly_interpolation,Interpolated population trend,D:\ncel2\ncel-commodity-pricing\SnD\demand\maize\build_maize_demand_store.py,annual_only
2017-09-01,2017/18,poultry_demand_cycle,Poultry demand cycle,104.0,index_100,curated_monthly_poultry_cycle,Curated Maize demand profile,D:\ncel2\ncel-commodity-pricing\SnD\demand\maize\build_maize_demand_store.py,curated
2017-09-01,2017/18,retail_price_pressure,Retail / mandi price pressure,100.0,index_100,monthly_national_maize_price_index,Local maize support store,D:\ncel2\ncel-commodity-pricing\backend\data\maize_model_support.db,available
2017-09-01,2017/18,seed_use,Seed use,0.03456,million_tonnes,annual_seed_to_monthly_sowing_proxy,Derived sowing proxy,D:\ncel2\ncel-commodity-pricing\SnD\demand\maize\build_maize_demand_store.py,not_found_cleanly
2017-09-01,2017/18,substitution_effect,Substitution effect,100.0,index_100,monthly_maize_vs_wheat_ratio_index,Local maize vs wheat support stores,D:\ncel2\ncel-commodity-pricing\backend\data\maize_model_support.db | D:\ncel2\ncel-commodity-pricing\backend\data\wheat_model_support.db,available
2017-09-01,2017/18,total_demand_monthly,Total demand monthly,2.35296,million_tonnes,feed_plus_industrial_plus_exports_plus_seed_plus_domestic_other_use,Derived inside Maize demand store,D:\ncel2\ncel-commodity-pricing\SnD\demand\maize\build_maize_demand_store.py,derived
2017-10-01,2017/18,domestic_other_use,Domestic other use,0.606816,million_tonnes,annual_total_demand_to_monthly_other_proxy,Local maize supply-demand balance,D:\ncel2\ncel-commodity-pricing\SnD\supply\maize\maize_supply_factors.db,not_found_cleanly
2017-10-01,2017/18,ethanol_demand_signal,Ethanol demand signal,35.0,index_100,curated_step_signal,Curated Maize demand profile,D:\ncel2\ncel-commodity-pricing\SnD\demand\maize\build_maize_demand_store.py,curated
2017-10-01,2017/18,exports,Exports,0.0432,million_tonnes,annual_exports_to_monthly_proxy,APEDA Product Page + proxy,https://apeda.gov.in/,partially_available
2017-10-01,2017/18,feed_use,Feed use,1.436544,million_tonnes,annual_total_demand_to_monthly_feed_proxy,Local maize supply-demand balance,D:\ncel2\ncel-commodity-pricing\SnD\supply\maize\maize_supply_factors.db,mixed
2017-10-01,2017/18,industrial_use,Industrial use,0.288,million_tonnes,annual_total_demand_to_monthly_industrial_proxy,Local maize supply-demand balance,D:\ncel2\ncel-commodity-pricing\SnD\supply\maize\maize_supply_factors.db,not_found_cleanly
2017-10-01,2017/18,policy_changes,Policy changes,0.0,policy_index,curated_event_series,Curated Maize demand profile,D:\ncel2\ncel-commodity-pricing\SnD\demand\maize\build_maize_demand_store.py,curated
2017-10-01,2017/18,population_trend,Population / consumption trend,1349.15,million_people,annual_population_to_monthly_interpolation,Interpolated population trend,D:\ncel2\ncel-commodity-pricing\SnD\demand\maize\build_maize_demand_store.py,annual_only
2017-10-01,2017/18,poultry_demand_cycle,Poultry demand cycle,105.0,index_100,curated_monthly_poultry_cycle,Curated Maize demand profile,D:\ncel2\ncel-commodity-pricing\SnD\demand\maize\build_maize_demand_store.py,curated
2017-10-01,2017/18,retail_price_pressure,Retail / mandi price pressure,100.0,index_100,monthly_national_maize_price_index,Local maize support store,D:\ncel2\ncel-commodity-pricing\backend\data\maize_model_support.db,available
2017-10-01,2017/18,seed_use,Seed use,0.18432,million_tonnes,annual_seed_to_monthly_sowing_proxy,Derived sowing proxy,D:\ncel2\ncel-commodity-pricing\SnD\demand\maize\build_maize_demand_store.py,not_found_cleanly
2017-10-01,2017/18,substitution_effect,Substitution effect,100.0,index_100,monthly_maize_vs_wheat_ratio_index,Local maize vs wheat support stores,D:\ncel2\ncel-commodity-pricing\backend\data\maize_model_support.db | D:\ncel2\ncel-commodity-pricing\backend\data\wheat_model_support.db,available
2017-10-01,2017/18,total_demand_monthly,Total demand monthly,2.55888,million_tonnes,feed_plus_industrial_plus_exports_plus_seed_plus_domestic_other_use,Derived inside Maize demand store,D:\ncel2\ncel-commodity-pricing\SnD\demand\maize\build_maize_demand_store.py,derived
2017-11-01,2017/18,domestic_other_use,Domestic other use,0.620928,million_tonnes,annual_total_demand_to_monthly_other_proxy,Local maize supply-demand balance,D:\ncel2\ncel-commodity-pricing\SnD\supply\maize\maize_supply_factors.db,not_found_cleanly
2017-11-01,2017/18,ethanol_demand_signal,Ethanol demand signal,35.0,index_100,curated_step_signal,Curated Maize demand profile,D:\ncel2\ncel-commodity-pricing\SnD\demand\maize\build_maize_demand_store.py,curated
2017-11-01,2017/18,exports,Exports,0.04752,million_tonnes,annual_exports_to_monthly_proxy,APEDA Product Page + proxy,https://apeda.gov.in/,partially_available
2017-11-01,2017/18,feed_use,Feed use,1.453248,million_tonnes,annual_total_demand_to_monthly_feed_proxy,Local maize supply-demand balance,D:\ncel2\ncel-commodity-pricing\SnD\supply\maize\maize_supply_factors.db,mixed
2017-11-01,2017/18,industrial_use,Industrial use,0.288,million_tonnes,annual_total_demand_to_monthly_industrial_proxy,Local maize supply-demand balance,D:\ncel2\ncel-commodity-pricing\SnD\supply\maize\maize_supply_factors.db,not_found_cleanly
2017-11-01,2017/18,policy_changes,Policy changes,0.0,policy_index,curated_event_series,Curated Maize demand profile,D:\ncel2\ncel-commodity-pricing\SnD\demand\maize\build_maize_demand_store.py,curated
2017-11-01,2017/18,population_trend,Population / consumption trend,1350.313333,million_people,annual_population_to_monthly_interpolation,Interpolated population trend,D:\ncel2\ncel-commodity-pricing\SnD\demand\maize\build_maize_demand_store.py,annual_only
2017-11-01,2017/18,poultry_demand_cycle,Poultry demand cycle,107.0,index_100,curated_monthly_poultry_cycle,Curated Maize demand profile,D:\ncel2\ncel-commodity-pricing\SnD\demand\maize\build_maize_demand_store.py,curated
2017-11-01,2017/18,retail_price_pressure,Retail / mandi price pressure,100.0,index_100,monthly_national_maize_price_index,Local maize support store,D:\ncel2\ncel-commodity-pricing\backend\data\maize_model_support.db,available
2017-11-01,2017/18,seed_use,Seed use,0.18432,million_tonnes,annual_seed_to_monthly_sowing_proxy,Derived sowing proxy,D:\ncel2\ncel-commodity-pricing\SnD\demand\maize\build_maize_demand_store.py,not_found_cleanly
2017-11-01,2017/18,substitution_effect,Substitution effect,100.0,index_100,monthly_maize_vs_wheat_ratio_index,Local maize vs wheat support stores,D:\ncel2\ncel-commodity-pricing\backend\data\maize_model_support.db | D:\ncel2\ncel-commodity-pricing\backend\data\wheat_model_support.db,available
2017-11-01,2017/18,total_demand_monthly,Total demand monthly,2.594016,million_tonnes,feed_plus_industrial_plus_exports_plus_seed_plus_domestic_other_use,Derived inside Maize demand store,D:\ncel2\ncel-commodity-pricing\SnD\demand\maize\build_maize_demand_store.py,derived
2017-12-01,2017/18,domestic_other_use,Domestic other use,0.620928,million_tonnes,annual_total_demand_to_monthly_other_proxy,Local maize supply-demand balance,D:\ncel2\ncel-commodity-pricing\SnD\supply\maize\maize_supply_factors.db,not_found_cleanly
2017-12-01,2017/18,ethanol_demand_signal,Ethanol demand signal,35.0,index_100,curated_step_signal,Curated Maize demand profile,D:\ncel2\ncel-commodity-pricing\SnD\demand\maize\build_maize_demand_store.py,curated
2017-12-01,2017/18,exports,Exports,0.0432,million_tonnes,annual_exports_to_monthly_proxy,APEDA Product Page + proxy,https://apeda.gov.in/,partially_available
2017-12-01,2017/18,feed_use,Feed use,1.469952,million_tonnes,annual_total_demand_to_monthly_feed_proxy,Local maize supply-demand balance,D:\ncel2\ncel-commodity-pricing\SnD\supply\maize\maize_supply_factors.db,mixed
2017-12-01,2017/18,industrial_use,Industrial use,0.288,million_tonnes,annual_total_demand_to_monthly_industrial_proxy,Local maize supply-demand balance,D:\ncel2\ncel-commodity-pricing\SnD\supply\maize\maize_supply_factors.db,not_found_cleanly
2017-12-01,2017/18,policy_changes,Policy changes,0.0,policy_index,curated_event_series,Curated Maize demand profile,D:\ncel2\ncel-commodity-pricing\SnD\demand\maize\build_maize_demand_store.py,curated
2017-12-01,2017/18,population_trend,Population / consumption trend,1351.476667,million_people,annual_population_to_monthly_interpolation,Interpolated population trend,D:\ncel2\ncel-commodity-pricing\SnD\demand\maize\build_maize_demand_store.py,annual_only
2017-12-01,2017/18,poultry_demand_cycle,Poultry demand cycle,107.0,index_100,curated_monthly_poultry_cycle,Curated Maize demand profile,D:\ncel2\ncel-commodity-pricing\SnD\demand\maize\build_maize_demand_store.py,curated
2017-12-01,2017/18,retail_price_pressure,Retail / mandi price pressure,100.0,index_100,monthly_national_maize_price_index,Local maize support store,D:\ncel2\ncel-commodity-pricing\backend\data\maize_model_support.db,available
2017-12-01,2017/18,seed_use,Seed use,0.08064,million_tonnes,annual_seed_to_monthly_sowing_proxy,Derived sowing proxy,D:\ncel2\ncel-commodity-pricing\SnD\demand\maize\build_maize_demand_store.py,not_found_cleanly
2017-12-01,2017/18,substitution_effect,Substitution effect,100.0,index_100,monthly_maize_vs_wheat_ratio_index,Local maize vs wheat support stores,D:\ncel2\ncel-commodity-pricing\backend\data\maize_model_support.db | D:\ncel2\ncel-commodity-pricing\backend\data\wheat_model_support.db,available
2017-12-01,2017/18,total_demand_monthly,Total demand monthly,2.50272,million_tonnes,feed_plus_industrial_plus_exports_plus_seed_plus_domestic_other_use,Derived inside Maize demand store,D:\ncel2\ncel-commodity-pricing\SnD\demand\maize\build_maize_demand_store.py,derived
2018-01-01,2017/18,domestic_other_use,Domestic other use,0.578592,million_tonnes,annual_total_demand_to_monthly_other_proxy,Local maize supply-demand balance,D:\ncel2\ncel-commodity-pricing\SnD\supply\maize\maize_supply_factors.db,not_found_cleanly
2018-01-01,2017/18,ethanol_demand_signal,Ethanol demand signal,35.0,index_100,curated_step_signal,Curated Maize demand profile,D:\ncel2\ncel-commodity-pricing\SnD\demand\maize\build_maize_demand_store.py,curated
2018-01-01,2017/18,exports,Exports,0.03888,million_tonnes,annual_exports_to_monthly_proxy,APEDA Product Page + proxy,https://apeda.gov.in/,partially_available
2018-01-01,2017/18,feed_use,Feed use,1.436544,million_tonnes,annual_total_demand_to_monthly_feed_proxy,Local maize supply-demand balance,D:\ncel2\ncel-commodity-pricing\SnD\supply\maize\maize_supply_factors.db,mixed
2018-01-01,2017/18,industrial_use,Industrial use,0.288,million_tonnes,annual_total_demand_to_monthly_industrial_proxy,Local maize supply-demand balance,D:\ncel2\ncel-commodity-pricing\SnD\supply\maize\maize_supply_factors.db,not_found_cleanly
2018-01-01,2017/18,policy_changes,Policy changes,0.0,policy_index,curated_event_series,Curated Maize demand profile,D:\ncel2\ncel-commodity-pricing\SnD\demand\maize\build_maize_demand_store.py,curated
2018-01-01,2017/18,population_trend,Population / consumption trend,1352.64,million_people,annual_population_to_monthly_interpolation,Interpolated population trend,D:\ncel2\ncel-commodity-pricing\SnD\demand\maize\build_maize_demand_store.py,annual_only
2018-01-01,2017/18,poultry_demand_cycle,Poultry demand cycle,102.0,index_100,curated_monthly_poultry_cycle,Curated Maize demand profile,D:\ncel2\ncel-commodity-pricing\SnD\demand\maize\build_maize_demand_store.py,curated
2018-01-01,2017/18,retail_price_pressure,Retail / mandi price pressure,100.0,index_100,monthly_national_maize_price_index,Local maize support store,D:\ncel2\ncel-commodity-pricing\backend\data\maize_model_support.db,available
2018-01-01,2017/18,seed_use,Seed use,0.01152,million_tonnes,annual_seed_to_monthly_sowing_proxy,Derived sowing proxy,D:\ncel2\ncel-commodity-pricing\SnD\demand\maize\build_maize_demand_store.py,not_found_cleanly
2018-01-01,2017/18,substitution_effect,Substitution effect,100.0,index_100,monthly_maize_vs_wheat_ratio_index,Local maize vs wheat support stores,D:\ncel2\ncel-commodity-pricing\backend\data\maize_model_support.db | D:\ncel2\ncel-commodity-pricing\backend\data\wheat_model_support.db,available
2018-01-01,2017/18,total_demand_monthly,Total demand monthly,2.353536,million_tonnes,feed_plus_industrial_plus_exports_plus_seed_plus_domestic_other_use,Derived inside Maize demand store,D:\ncel2\ncel-commodity-pricing\SnD\demand\maize\build_maize_demand_store.py,derived
2018-02-01,2017/18,domestic_other_use,Domestic other use,0.571536,million_tonnes,annual_total_demand_to_monthly_other_proxy,Local maize supply-demand balance,D:\ncel2\ncel-commodity-pricing\SnD\supply\maize\maize_supply_factors.db,not_found_cleanly
2018-02-01,2017/18,ethanol_demand_signal,Ethanol demand signal,35.0,index_100,curated_step_signal,Curated Maize demand profile,D:\ncel2\ncel-commodity-pricing\SnD\demand\maize\build_maize_demand_store.py,curated
2018-02-01,2017/18,exports,Exports,0.03888,million_tonnes,annual_exports_to_monthly_proxy,APEDA Product Page + proxy,https://apeda.gov.in/,partially_available
2018-02-01,2017/18,feed_use,Feed use,1.403136,million_tonnes,annual_total_demand_to_monthly_feed_proxy,Local maize supply-demand balance,D:\ncel2\ncel-commodity-pricing\SnD\supply\maize\maize_supply_factors.db,mixed
2018-02-01,2017/18,industrial_use,Industrial use,0.288,million_tonnes,annual_total_demand_to_monthly_industrial_proxy,Local maize supply-demand balance,D:\ncel2\ncel-commodity-pricing\SnD\supply\maize\maize_supply_factors.db,not_found_cleanly
2018-02-01,2017/18,policy_changes,Policy changes,0.0,policy_index,curated_event_series,Curated Maize demand profile,D:\ncel2\ncel-commodity-pricing\SnD\demand\maize\build_maize_demand_store.py,curated
2018-02-01,2017/18,population_trend,Population / consumption trend,1353.788333,million_people,annual_population_to_monthly_interpolation,Interpolated population trend,D:\ncel2\ncel-commodity-pricing\SnD\demand\maize\build_maize_demand_store.py,annual_only
2018-02-01,2017/18,poultry_demand_cycle,Poultry demand cycle,101.0,index_100,curated_monthly_poultry_cycle,Curated Maize demand profile,D:\ncel2\ncel-commodity-pricing\SnD\demand\maize\build_maize_demand_store.py,curated
2018-02-01,2017/18,retail_price_pressure,Retail / mandi price pressure,100.0,index_100,monthly_national_maize_price_index,Local maize support store,D:\ncel2\ncel-commodity-pricing\backend\data\maize_model_support.db,available
2018-02-01,2017/18,seed_use,Seed use,0.01152,million_tonnes,annual_seed_to_monthly_sowing_proxy,Derived sowing proxy,D:\ncel2\ncel-commodity-pricing\SnD\demand\maize\build_maize_demand_store.py,not_found_cleanly
2018-02-01,2017/18,substitution_effect,Substitution effect,100.0,index_100,monthly_maize_vs_wheat_ratio_index,Local maize vs wheat support stores,D:\ncel2\ncel-commodity-pricing\backend\data\maize_model_support.db | D:\ncel2\ncel-commodity-pricing\backend\data\wheat_model_support.db,available
2018-02-01,2017/18,total_demand_monthly,Total demand monthly,2.313072,million_tonnes,feed_plus_industrial_plus_exports_plus_seed_plus_domestic_other_use,Derived inside Maize demand store,D:\ncel2\ncel-commodity-pricing\SnD\demand\maize\build_maize_demand_store.py,derived
2018-03-01,2017/18,domestic_other_use,Domestic other use,0.571536,million_tonnes,annual_total_demand_to_monthly_other_proxy,Local maize supply-demand balance,D:\ncel2\ncel-commodity-pricing\SnD\supply\maize\maize_supply_factors.db,not_found_cleanly
2018-03-01,2017/18,ethanol_demand_signal,Ethanol demand signal,35.0,index_100,curated_step_signal,Curated Maize demand profile,D:\ncel2\ncel-commodity-pricing\SnD\demand\maize\build_maize_demand_store.py,curated
2018-03-01,2017/18,exports,Exports,0.03456,million_tonnes,annual_exports_to_monthly_proxy,APEDA Product Page + proxy,https://apeda.gov.in/,partially_available
2018-03-01,2017/18,feed_use,Feed use,1.369728,million_tonnes,annual_total_demand_to_monthly_feed_proxy,Local maize supply-demand balance,D:\ncel2\ncel-commodity-pricing\SnD\supply\maize\maize_supply_factors.db,mixed
2018-03-01,2017/18,industrial_use,Industrial use,0.288,million_tonnes,annual_total_demand_to_monthly_industrial_proxy,Local maize supply-demand balance,D:\ncel2\ncel-commodity-pricing\SnD\supply\maize\maize_supply_factors.db,not_found_cleanly
2018-03-01,2017/18,policy_changes,Policy changes,0.0,policy_index,curated_event_series,Curated Maize demand profile,D:\ncel2\ncel-commodity-pricing\SnD\demand\maize\build_maize_demand_store.py,curated
2018-03-01,2017/18,population_trend,Population / consumption trend,1354.936667,million_people,annual_population_to_monthly_interpolation,Interpolated population trend,D:\ncel2\ncel-commodity-pricing\SnD\demand\maize\build_maize_demand_store.py,annual_only
2018-03-01,2017/18,poultry_demand_cycle,Poultry demand cycle,99.0,index_100,curated_monthly_poultry_cycle,Curated Maize demand profile,D:\ncel2\ncel-commodity-pricing\SnD\demand\maize\build_maize_demand_store.py,curated
2018-03-01,2017/18,retail_price_pressure,Retail / mandi price pressure,100.0,index_100,monthly_national_maize_price_index,Local maize support store,D:\ncel2\ncel-commodity-pricing\backend\data\maize_model_support.db,available
2018-03-01,2017/18,seed_use,Seed use,0.01152,million_tonnes,annual_seed_to_monthly_sowing_proxy,Derived sowing proxy,D:\ncel2\ncel-commodity-pricing\SnD\demand\maize\build_maize_demand_store.py,not_found_cleanly
2018-03-01,2017/18,substitution_effect,Substitution effect,100.0,index_100,monthly_maize_vs_wheat_ratio_index,Local maize vs wheat support stores,D:\ncel2\ncel-commodity-pricing\backend\data\maize_model_support.db | D:\ncel2\ncel-commodity-pricing\backend\data\wheat_model_support.db,available
2018-03-01,2017/18,total_demand_monthly,Total demand monthly,2.275344,million_tonnes,feed_plus_industrial_plus_exports_plus_seed_plus_domestic_other_use,Derived inside Maize demand store,D:\ncel2\ncel-commodity-pricing\SnD\demand\maize\build_maize_demand_store.py,derived
2018-04-01,2018/19,domestic_other_use,Domestic other use,0.549706,million_tonnes,annual_total_demand_to_monthly_other_proxy,Local maize supply-demand balance,D:\ncel2\ncel-commodity-pricing\SnD\supply\maize\maize_supply_factors.db,not_found_cleanly
2018-04-01,2018/19,ethanol_demand_signal,Ethanol demand signal,35.0,index_100,curated_step_signal,Curated Maize demand profile,D:\ncel2\ncel-commodity-pricing\SnD\demand\maize\build_maize_demand_store.py,curated
2018-04-01,2018/19,exports,Exports,0.029085,million_tonnes,annual_exports_to_monthly_proxy,APEDA Product Page + proxy,https://apeda.gov.in/,partially_available
2018-04-01,2018/19,feed_use,Feed use,1.269214,million_tonnes,annual_total_demand_to_monthly_feed_proxy,Local maize supply-demand balance,D:\ncel2\ncel-commodity-pricing\SnD\supply\maize\maize_supply_factors.db,mixed
2018-04-01,2018/19,industrial_use,Industrial use,0.277,million_tonnes,annual_total_demand_to_monthly_industrial_proxy,Local maize supply-demand balance,D:\ncel2\ncel-commodity-pricing\SnD\supply\maize\maize_supply_factors.db,not_found_cleanly
2018-04-01,2018/19,policy_changes,Policy changes,0.0,policy_index,curated_event_series,Curated Maize demand profile,D:\ncel2\ncel-commodity-pricing\SnD\demand\maize\build_maize_demand_store.py,curated
2018-04-01,2018/19,population_trend,Population / consumption trend,1356.085,million_people,annual_population_to_monthly_interpolation,Interpolated population trend,D:\ncel2\ncel-commodity-pricing\SnD\demand\maize\build_maize_demand_store.py,annual_only
2018-04-01,2018/19,poultry_demand_cycle,Poultry demand cycle,97.0,index_100,curated_monthly_poultry_cycle,Curated Maize demand profile,D:\ncel2\ncel-commodity-pricing\SnD\demand\maize\build_maize_demand_store.py,curated
2018-04-01,2018/19,retail_price_pressure,Retail / mandi price pressure,100.0,index_100,monthly_national_maize_price_index,Local maize support store,D:\ncel2\ncel-commodity-pricing\backend\data\maize_model_support.db,available
2018-04-01,2018/19,seed_use,Seed use,0.02216,million_tonnes,annual_seed_to_monthly_sowing_proxy,Derived sowing proxy,D:\ncel2\ncel-commodity-pricing\SnD\demand\maize\build_maize_demand_store.py,not_found_cleanly
2018-04-01,2018/19,substitution_effect,Substitution effect,100.0,index_100,monthly_maize_vs_wheat_ratio_index,Local maize vs wheat support stores,D:\ncel2\ncel-commodity-pricing\backend\data\maize_model_support.db | D:\ncel2\ncel-commodity-pricing\backend\data\wheat_model_support.db,available
2018-04-01,2018/19,total_demand_monthly,Total demand monthly,2.147165,million_tonnes,feed_plus_industrial_plus_exports_plus_seed_plus_domestic_other_use,Derived inside Maize demand store,D:\ncel2\ncel-commodity-pricing\SnD\demand\maize\build_maize_demand_store.py,derived
2018-05-01,2018/19,domestic_other_use,Domestic other use,0.549706,million_tonnes,annual_total_demand_to_monthly_other_proxy,Local maize supply-demand balance,D:\ncel2\ncel-commodity-pricing\SnD\supply\maize\maize_supply_factors.db,not_found_cleanly
2018-05-01,2018/19,ethanol_demand_signal,Ethanol demand signal,35.0,index_100,curated_step_signal,Curated Maize demand profile,D:\ncel2\ncel-commodity-pricing\SnD\demand\maize\build_maize_demand_store.py,curated
2018-05-01,2018/19,exports,Exports,0.029085,million_tonnes,annual_exports_to_monthly_proxy,APEDA Product Page + proxy,https://apeda.gov.in/,partially_available
2018-05-01,2018/19,feed_use,Feed use,1.269214,million_tonnes,annual_total_demand_to_monthly_feed_proxy,Local maize supply-demand balance,D:\ncel2\ncel-commodity-pricing\SnD\supply\maize\maize_supply_factors.db,mixed
2018-05-01,2018/19,industrial_use,Industrial use,0.277,million_tonnes,annual_total_demand_to_monthly_industrial_proxy,Local maize supply-demand balance,D:\ncel2\ncel-commodity-pricing\SnD\supply\maize\maize_supply_factors.db,not_found_cleanly
2018-05-01,2018/19,policy_changes,Policy changes,0.0,policy_index,curated_event_series,Curated Maize demand profile,D:\ncel2\ncel-commodity-pricing\SnD\demand\maize\build_maize_demand_store.py,curated
2018-05-01,2018/19,population_trend,Population / consumption trend,1357.233333,million_people,annual_population_to_monthly_interpolation,Interpolated population trend,D:\ncel2\ncel-commodity-pricing\SnD\demand\maize\build_maize_demand_store.py,annual_only
2018-05-01,2018/19,poultry_demand_cycle,Poultry demand cycle,96.0,index_100,curated_monthly_poultry_cycle,Curated Maize demand profile,D:\ncel2\ncel-commodity-pricing\SnD\demand\maize\build_maize_demand_store.py,curated
2018-05-01,2018/19,retail_price_pressure,Retail / mandi price pressure,100.0,index_100,monthly_national_maize_price_index,Local maize support store,D:\ncel2\ncel-commodity-pricing\backend\data\maize_model_support.db,available
2018-05-01,2018/19,seed_use,Seed use,0.04432,million_tonnes,annual_seed_to_monthly_sowing_proxy,Derived sowing proxy,D:\ncel2\ncel-commodity-pricing\SnD\demand\maize\build_maize_demand_store.py,not_found_cleanly
2018-05-01,2018/19,substitution_effect,Substitution effect,100.0,index_100,monthly_maize_vs_wheat_ratio_index,Local maize vs wheat support stores,D:\ncel2\ncel-commodity-pricing\backend\data\maize_model_support.db | D:\ncel2\ncel-commodity-pricing\backend\data\wheat_model_support.db,available
2018-05-01,2018/19,total_demand_monthly,Total demand monthly,2.169325,million_tonnes,feed_plus_industrial_plus_exports_plus_seed_plus_domestic_other_use,Derived inside Maize demand store,D:\ncel2\ncel-commodity-pricing\SnD\demand\maize\build_maize_demand_store.py,derived
2018-06-01,2018/19,domestic_other_use,Domestic other use,0.549706,million_tonnes,annual_total_demand_to_monthly_other_proxy,Local maize supply-demand balance,D:\ncel2\ncel-commodity-pricing\SnD\supply\maize\maize_supply_factors.db,not_found_cleanly
2018-06-01,2018/19,ethanol_demand_signal,Ethanol demand signal,35.0,index_100,curated_step_signal,Curated Maize demand profile,D:\ncel2\ncel-commodity-pricing\SnD\demand\maize\build_maize_demand_store.py,curated
2018-06-01,2018/19,exports,Exports,0.029085,million_tonnes,annual_exports_to_monthly_proxy,APEDA Product Page + proxy,https://apeda.gov.in/,partially_available
2018-06-01,2018/19,feed_use,Feed use,1.269214,million_tonnes,annual_total_demand_to_monthly_feed_proxy,Local maize supply-demand balance,D:\ncel2\ncel-commodity-pricing\SnD\supply\maize\maize_supply_factors.db,mixed
2018-06-01,2018/19,industrial_use,Industrial use,0.277,million_tonnes,annual_total_demand_to_monthly_industrial_proxy,Local maize supply-demand balance,D:\ncel2\ncel-commodity-pricing\SnD\supply\maize\maize_supply_factors.db,not_found_cleanly
2018-06-01,2018/19,policy_changes,Policy changes,0.0,policy_index,curated_event_series,Curated Maize demand profile,D:\ncel2\ncel-commodity-pricing\SnD\demand\maize\build_maize_demand_store.py,curated
2018-06-01,2018/19,population_trend,Population / consumption trend,1358.381667,million_people,annual_population_to_monthly_interpolation,Interpolated population trend,D:\ncel2\ncel-commodity-pricing\SnD\demand\maize\build_maize_demand_store.py,annual_only
2018-06-01,2018/19,poultry_demand_cycle,Poultry demand cycle,98.0,index_100,curated_monthly_poultry_cycle,Curated Maize demand profile,D:\ncel2\ncel-commodity-pricing\SnD\demand\maize\build_maize_demand_store.py,curated
2018-06-01,2018/19,retail_price_pressure,Retail / mandi price pressure,100.0,index_100,monthly_national_maize_price_index,Local maize support store,D:\ncel2\ncel-commodity-pricing\backend\data\maize_model_support.db,available
2018-06-01,2018/19,seed_use,Seed use,0.21052,million_tonnes,annual_seed_to_monthly_sowing_proxy,Derived sowing proxy,D:\ncel2\ncel-commodity-pricing\SnD\demand\maize\build_maize_demand_store.py,not_found_cleanly
2018-06-01,2018/19,substitution_effect,Substitution effect,100.0,index_100,monthly_maize_vs_wheat_ratio_index,Local maize vs wheat support stores,D:\ncel2\ncel-commodity-pricing\backend\data\maize_model_support.db | D:\ncel2\ncel-commodity-pricing\backend\data\wheat_model_support.db,available
2018-06-01,2018/19,total_demand_monthly,Total demand monthly,2.335525,million_tonnes,feed_plus_industrial_plus_exports_plus_seed_plus_domestic_other_use,Derived inside Maize demand store,D:\ncel2\ncel-commodity-pricing\SnD\demand\maize\build_maize_demand_store.py,derived
2018-07-01,2018/19,domestic_other_use,Domestic other use,0.56328,million_tonnes,annual_total_demand_to_monthly_other_proxy,Local maize supply-demand balance,D:\ncel2\ncel-commodity-pricing\SnD\supply\maize\maize_supply_factors.db,not_found_cleanly
2018-07-01,2018/19,ethanol_demand_signal,Ethanol demand signal,35.0,index_100,curated_step_signal,Curated Maize demand profile,D:\ncel2\ncel-commodity-pricing\SnD\demand\maize\build_maize_demand_store.py,curated
2018-07-01,2018/19,exports,Exports,0.029085,million_tonnes,annual_exports_to_monthly_proxy,APEDA Product Page + proxy,https://apeda.gov.in/,partially_available
2018-07-01,2018/19,feed_use,Feed use,1.317412,million_tonnes,annual_total_demand_to_monthly_feed_proxy,Local maize supply-demand balance,D:\ncel2\ncel-commodity-pricing\SnD\supply\maize\maize_supply_factors.db,mixed
2018-07-01,2018/19,industrial_use,Industrial use,0.277,million_tonnes,annual_total_demand_to_monthly_industrial_proxy,Local maize supply-demand balance,D:\ncel2\ncel-commodity-pricing\SnD\supply\maize\maize_supply_factors.db,not_found_cleanly
2018-07-01,2018/19,policy_changes,Policy changes,0.0,policy_index,curated_event_series,Curated Maize demand profile,D:\ncel2\ncel-commodity-pricing\SnD\demand\maize\build_maize_demand_store.py,curated
2018-07-01,2018/19,population_trend,Population / consumption trend,1359.53,million_people,annual_population_to_monthly_interpolation,Interpolated population trend,D:\ncel2\ncel-commodity-pricing\SnD\demand\maize\build_maize_demand_store.py,annual_only
2018-07-01,2018/19,poultry_demand_cycle,Poultry demand cycle,101.0,index_100,curated_monthly_poultry_cycle,Curated Maize demand profile,D:\ncel2\ncel-commodity-pricing\SnD\demand\maize\build_maize_demand_store.py,curated
2018-07-01,2018/19,retail_price_pressure,Retail / mandi price pressure,100.0,index_100,monthly_national_maize_price_index,Local maize support store,D:\ncel2\ncel-commodity-pricing\backend\data\maize_model_support.db,available
2018-07-01,2018/19,seed_use,Seed use,0.24376,million_tonnes,annual_seed_to_monthly_sowing_proxy,Derived sowing proxy,D:\ncel2\ncel-commodity-pricing\SnD\demand\maize\build_maize_demand_store.py,not_found_cleanly
2018-07-01,2018/19,substitution_effect,Substitution effect,100.0,index_100,monthly_maize_vs_wheat_ratio_index,Local maize vs wheat support stores,D:\ncel2\ncel-commodity-pricing\backend\data\maize_model_support.db | D:\ncel2\ncel-commodity-pricing\backend\data\wheat_model_support.db,available
2018-07-01,2018/19,total_demand_monthly,Total demand monthly,2.430537,million_tonnes,feed_plus_industrial_plus_exports_plus_seed_plus_domestic_other_use,Derived inside Maize demand store,D:\ncel2\ncel-commodity-pricing\SnD\demand\maize\build_maize_demand_store.py,derived
2018-08-01,2018/19,domestic_other_use,Domestic other use,0.570066,million_tonnes,annual_total_demand_to_monthly_other_proxy,Local maize supply-demand balance,D:\ncel2\ncel-commodity-pricing\SnD\supply\maize\maize_supply_factors.db,not_found_cleanly
2018-08-01,2018/19,ethanol_demand_signal,Ethanol demand signal,35.0,index_100,curated_step_signal,Curated Maize demand profile,D:\ncel2\ncel-commodity-pricing\SnD\demand\maize\build_maize_demand_store.py,curated
2018-08-01,2018/19,exports,Exports,0.029085,million_tonnes,annual_exports_to_monthly_proxy,APEDA Product Page + proxy,https://apeda.gov.in/,partially_available
2018-08-01,2018/19,feed_use,Feed use,1.349544,million_tonnes,annual_total_demand_to_monthly_feed_proxy,Local maize supply-demand balance,D:\ncel2\ncel-commodity-pricing\SnD\supply\maize\maize_supply_factors.db,mixed
2018-08-01,2018/19,industrial_use,Industrial use,0.277,million_tonnes,annual_total_demand_to_monthly_industrial_proxy,Local maize supply-demand balance,D:\ncel2\ncel-commodity-pricing\SnD\supply\maize\maize_supply_factors.db,not_found_cleanly
2018-08-01,2018/19,policy_changes,Policy changes,0.0,policy_index,curated_event_series,Curated Maize demand profile,D:\ncel2\ncel-commodity-pricing\SnD\demand\maize\build_maize_demand_store.py,curated
2018-08-01,2018/19,population_trend,Population / consumption trend,1360.678333,million_people,annual_population_to_monthly_interpolation,Interpolated population trend,D:\ncel2\ncel-commodity-pricing\SnD\demand\maize\build_maize_demand_store.py,annual_only
2018-08-01,2018/19,poultry_demand_cycle,Poultry demand cycle,103.0,index_100,curated_monthly_poultry_cycle,Curated Maize demand profile,D:\ncel2\ncel-commodity-pricing\SnD\demand\maize\build_maize_demand_store.py,curated
2018-08-01,2018/19,retail_price_pressure,Retail / mandi price pressure,100.0,index_100,monthly_national_maize_price_index,Local maize support store,D:\ncel2\ncel-commodity-pricing\backend\data\maize_model_support.db,available
2018-08-01,2018/19,seed_use,Seed use,0.08864,million_tonnes,annual_seed_to_monthly_sowing_proxy,Derived sowing proxy,D:\ncel2\ncel-commodity-pricing\SnD\demand\maize\build_maize_demand_store.py,not_found_cleanly
2018-08-01,2018/19,substitution_effect,Substitution effect,100.0,index_100,monthly_maize_vs_wheat_ratio_index,Local maize vs wheat support stores,D:\ncel2\ncel-commodity-pricing\backend\data\maize_model_support.db | D:\ncel2\ncel-commodity-pricing\backend\data\wheat_model_support.db,available
2018-08-01,2018/19,total_demand_monthly,Total demand monthly,2.314335,million_tonnes,feed_plus_industrial_plus_exports_plus_seed_plus_domestic_other_use,Derived inside Maize demand store,D:\ncel2\ncel-commodity-pricing\SnD\demand\maize\build_maize_demand_store.py,derived
2018-09-01,2018/19,domestic_other_use,Domestic other use,0.570066,million_tonnes,annual_total_demand_to_monthly_other_proxy,Local maize supply-demand balance,D:\ncel2\ncel-commodity-pricing\SnD\supply\maize\maize_supply_factors.db,not_found_cleanly
2018-09-01,2018/19,ethanol_demand_signal,Ethanol demand signal,35.0,index_100,curated_step_signal,Curated Maize demand profile,D:\ncel2\ncel-commodity-pricing\SnD\demand\maize\build_maize_demand_store.py,curated
2018-09-01,2018/19,exports,Exports,0.03324,million_tonnes,annual_exports_to_monthly_proxy,APEDA Product Page + proxy,https://apeda.gov.in/,partially_available
2018-09-01,2018/19,feed_use,Feed use,1.349544,million_tonnes,annual_total_demand_to_monthly_feed_proxy,Local maize supply-demand balance,D:\ncel2\ncel-commodity-pricing\SnD\supply\maize\maize_supply_factors.db,mixed
2018-09-01,2018/19,industrial_use,Industrial use,0.277,million_tonnes,annual_total_demand_to_monthly_industrial_proxy,Local maize supply-demand balance,D:\ncel2\ncel-commodity-pricing\SnD\supply\maize\maize_supply_factors.db,not_found_cleanly
2018-09-01,2018/19,policy_changes,Policy changes,0.0,policy_index,curated_event_series,Curated Maize demand profile,D:\ncel2\ncel-commodity-pricing\SnD\demand\maize\build_maize_demand_store.py,curated
2018-09-01,2018/19,population_trend,Population / consumption trend,1361.826667,million_people,annual_population_to_monthly_interpolation,Interpolated population trend,D:\ncel2\ncel-commodity-pricing\SnD\demand\maize\build_maize_demand_store.py,annual_only
2018-09-01,2018/19,poultry_demand_cycle,Poultry demand cycle,104.0,index_100,curated_monthly_poultry_cycle,Curated Maize demand profile,D:\ncel2\ncel-commodity-pricing\SnD\demand\maize\build_maize_demand_store.py,curated
2018-09-01,2018/19,retail_price_pressure,Retail / mandi price pressure,100.0,index_100,monthly_national_maize_price_index,Local maize support store,D:\ncel2\ncel-commodity-pricing\backend\data\maize_model_support.db,available
2018-09-01,2018/19,seed_use,Seed use,0.03324,million_tonnes,annual_seed_to_monthly_sowing_proxy,Derived sowing proxy,D:\ncel2\ncel-commodity-pricing\SnD\demand\maize\build_maize_demand_store.py,not_found_cleanly
2018-09-01,2018/19,substitution_effect,Substitution effect,100.0,index_100,monthly_maize_vs_wheat_ratio_index,Local maize vs wheat support stores,D:\ncel2\ncel-commodity-pricing\backend\data\maize_model_support.db | D:\ncel2\ncel-commodity-pricing\backend\data\wheat_model_support.db,available
2018-09-01,2018/19,total_demand_monthly,Total demand monthly,2.26309,million_tonnes,feed_plus_industrial_plus_exports_plus_seed_plus_domestic_other_use,Derived inside Maize demand store,D:\ncel2\ncel-commodity-pricing\SnD\demand\maize\build_maize_demand_store.py,derived
2018-10-01,2018/19,domestic_other_use,Domestic other use,0.583639,million_tonnes,annual_total_demand_to_monthly_other_proxy,Local maize supply-demand balance,D:\ncel2\ncel-commodity-pricing\SnD\supply\maize\maize_supply_factors.db,not_found_cleanly
2018-10-01,2018/19,ethanol_demand_signal,Ethanol demand signal,35.0,index_100,curated_step_signal,Curated Maize demand profile,D:\ncel2\ncel-commodity-pricing\SnD\demand\maize\build_maize_demand_store.py,curated
2018-10-01,2018/19,exports,Exports,0.04155,million_tonnes,annual_exports_to_monthly_proxy,APEDA Product Page + proxy,https://apeda.gov.in/,partially_available
2018-10-01,2018/19,feed_use,Feed use,1.381676,million_tonnes,annual_total_demand_to_monthly_feed_proxy,Local maize supply-demand balance,D:\ncel2\ncel-commodity-pricing\SnD\supply\maize\maize_supply_factors.db,mixed
2018-10-01,2018/19,industrial_use,Industrial use,0.277,million_tonnes,annual_total_demand_to_monthly_industrial_proxy,Local maize supply-demand balance,D:\ncel2\ncel-commodity-pricing\SnD\supply\maize\maize_supply_factors.db,not_found_cleanly
2018-10-01,2018/19,policy_changes,Policy changes,0.0,policy_index,curated_event_series,Curated Maize demand profile,D:\ncel2\ncel-commodity-pricing\SnD\demand\maize\build_maize_demand_store.py,curated
2018-10-01,2018/19,population_trend,Population / consumption trend,1362.975,million_people,annual_population_to_monthly_interpolation,Interpolated population trend,D:\ncel2\ncel-commodity-pricing\SnD\demand\maize\build_maize_demand_store.py,annual_only
2018-10-01,2018/19,poultry_demand_cycle,Poultry demand cycle,105.0,index_100,curated_monthly_poultry_cycle,Curated Maize demand profile,D:\ncel2\ncel-commodity-pricing\SnD\demand\maize\build_maize_demand_store.py,curated
2018-10-01,2018/19,retail_price_pressure,Retail / mandi price pressure,100.0,index_100,monthly_national_maize_price_index,Local maize support store,D:\ncel2\ncel-commodity-pricing\backend\data\maize_model_support.db,available
2018-10-01,2018/19,seed_use,Seed use,0.17728,million_tonnes,annual_seed_to_monthly_sowing_proxy,Derived sowing proxy,D:\ncel2\ncel-commodity-pricing\SnD\demand\maize\build_maize_demand_store.py,not_found_cleanly
2018-10-01,2018/19,substitution_effect,Substitution effect,100.0,index_100,monthly_maize_vs_wheat_ratio_index,Local maize vs wheat support stores,D:\ncel2\ncel-commodity-pricing\backend\data\maize_model_support.db | D:\ncel2\ncel-commodity-pricing\backend\data\wheat_model_support.db,available
2018-10-01,2018/19,total_demand_monthly,Total demand monthly,2.461145,million_tonnes,feed_plus_industrial_plus_exports_plus_seed_plus_domestic_other_use,Derived inside Maize demand store,D:\ncel2\ncel-commodity-pricing\SnD\demand\maize\build_maize_demand_store.py,derived
2018-11-01,2018/19,domestic_other_use,Domestic other use,0.597212,million_tonnes,annual_total_demand_to_monthly_other_proxy,Local maize supply-demand balance,D:\ncel2\ncel-commodity-pricing\SnD\supply\maize\maize_supply_factors.db,not_found_cleanly
2018-11-01,2018/19,ethanol_demand_signal,Ethanol demand signal,35.0,index_100,curated_step_signal,Curated Maize demand profile,D:\ncel2\ncel-commodity-pricing\SnD\demand\maize\build_maize_demand_store.py,curated
2018-11-01,2018/19,exports,Exports,0.045705,million_tonnes,annual_exports_to_monthly_proxy,APEDA Product Page + proxy,https://apeda.gov.in/,partially_available
2018-11-01,2018/19,feed_use,Feed use,1.397742,million_tonnes,annual_total_demand_to_monthly_feed_proxy,Local maize supply-demand balance,D:\ncel2\ncel-commodity-pricing\SnD\supply\maize\maize_supply_factors.db,mixed
2018-11-01,2018/19,industrial_use,Industrial use,0.277,million_tonnes,annual_total_demand_to_monthly_industrial_proxy,Local maize supply-demand balance,D:\ncel2\ncel-commodity-pricing\SnD\supply\maize\maize_supply_factors.db,not_found_cleanly
2018-11-01,2018/19,policy_changes,Policy changes,0.0,policy_index,curated_event_series,Curated Maize demand profile,D:\ncel2\ncel-commodity-pricing\SnD\demand\maize\build_maize_demand_store.py,curated
2018-11-01,2018/19,population_trend,Population / consumption trend,1364.123333,million_people,annual_population_to_monthly_interpolation,Interpolated population trend,D:\ncel2\ncel-commodity-pricing\SnD\demand\maize\build_maize_demand_store.py,annual_only
2018-11-01,2018/19,poultry_demand_cycle,Poultry demand cycle,107.0,index_100,curated_monthly_poultry_cycle,Curated Maize demand profile,D:\ncel2\ncel-commodity-pricing\SnD\demand\maize\build_maize_demand_store.py,curated
2018-11-01,2018/19,retail_price_pressure,Retail / mandi price pressure,100.0,index_100,monthly_national_maize_price_index,Local maize support store,D:\ncel2\ncel-commodity-pricing\backend\data\maize_model_support.db,available
2018-11-01,2018/19,seed_use,Seed use,0.17728,million_tonnes,annual_seed_to_monthly_sowing_proxy,Derived sowing proxy,D:\ncel2\ncel-commodity-pricing\SnD\demand\maize\build_maize_demand_store.py,not_found_cleanly
2018-11-01,2018/19,substitution_effect,Substitution effect,100.0,index_100,monthly_maize_vs_wheat_ratio_index,Local maize vs wheat support stores,D:\ncel2\ncel-commodity-pricing\backend\data\maize_model_support.db | D:\ncel2\ncel-commodity-pricing\backend\data\wheat_model_support.db,available
2018-11-01,2018/19,total_demand_monthly,Total demand monthly,2.494939,million_tonnes,feed_plus_industrial_plus_exports_plus_seed_plus_domestic_other_use,Derived inside Maize demand store,D:\ncel2\ncel-commodity-pricing\SnD\demand\maize\build_maize_demand_store.py,derived
2018-12-01,2018/19,domestic_other_use,Domestic other use,0.597212,million_tonnes,annual_total_demand_to_monthly_other_proxy,Local maize supply-demand balance,D:\ncel2\ncel-commodity-pricing\SnD\supply\maize\maize_supply_factors.db,not_found_cleanly
2018-12-01,2018/19,ethanol_demand_signal,Ethanol demand signal,35.0,index_100,curated_step_signal,Curated Maize demand profile,D:\ncel2\ncel-commodity-pricing\SnD\demand\maize\build_maize_demand_store.py,curated
2018-12-01,2018/19,exports,Exports,0.04155,million_tonnes,annual_exports_to_monthly_proxy,APEDA Product Page + proxy,https://apeda.gov.in/,partially_available
2018-12-01,2018/19,feed_use,Feed use,1.413808,million_tonnes,annual_total_demand_to_monthly_feed_proxy,Local maize supply-demand balance,D:\ncel2\ncel-commodity-pricing\SnD\supply\maize\maize_supply_factors.db,mixed
2018-12-01,2018/19,industrial_use,Industrial use,0.277,million_tonnes,annual_total_demand_to_monthly_industrial_proxy,Local maize supply-demand balance,D:\ncel2\ncel-commodity-pricing\SnD\supply\maize\maize_supply_factors.db,not_found_cleanly
2018-12-01,2018/19,policy_changes,Policy changes,0.0,policy_index,curated_event_series,Curated Maize demand profile,D:\ncel2\ncel-commodity-pricing\SnD\demand\maize\build_maize_demand_store.py,curated
2018-12-01,2018/19,population_trend,Population / consumption trend,1365.271667,million_people,annual_population_to_monthly_interpolation,Interpolated population trend,D:\ncel2\ncel-commodity-pricing\SnD\demand\maize\build_maize_demand_store.py,annual_only
2018-12-01,2018/19,poultry_demand_cycle,Poultry demand cycle,107.0,index_100,curated_monthly_poultry_cycle,Curated Maize demand profile,D:\ncel2\ncel-commodity-pricing\SnD\demand\maize\build_maize_demand_store.py,curated
2018-12-01,2018/19,retail_price_pressure,Retail / mandi price pressure,100.0,index_100,monthly_national_maize_price_index,Local maize support store,D:\ncel2\ncel-commodity-pricing\backend\data\maize_model_support.db,available
2018-12-01,2018/19,seed_use,Seed use,0.07756,million_tonnes,annual_seed_to_monthly_sowing_proxy,Derived sowing proxy,D:\ncel2\ncel-commodity-pricing\SnD\demand\maize\build_maize_demand_store.py,not_found_cleanly
2018-12-01,2018/19,substitution_effect,Substitution effect,100.0,index_100,monthly_maize_vs_wheat_ratio_index,Local maize vs wheat support stores,D:\ncel2\ncel-commodity-pricing\backend\data\maize_model_support.db | D:\ncel2\ncel-commodity-pricing\backend\data\wheat_model_support.db,available
2018-12-01,2018/19,total_demand_monthly,Total demand monthly,2.40713,million_tonnes,feed_plus_industrial_plus_exports_plus_seed_plus_domestic_other_use,Derived inside Maize demand store,D:\ncel2\ncel-commodity-pricing\SnD\demand\maize\build_maize_demand_store.py,derived
2019-01-01,2018/19,domestic_other_use,Domestic other use,0.556493,million_tonnes,annual_total_demand_to_monthly_other_proxy,Local maize supply-demand balance,D:\ncel2\ncel-commodity-pricing\SnD\supply\maize\maize_supply_factors.db,not_found_cleanly
2019-01-01,2018/19,ethanol_demand_signal,Ethanol demand signal,35.0,index_100,curated_step_signal,Curated Maize demand profile,D:\ncel2\ncel-commodity-pricing\SnD\demand\maize\build_maize_demand_store.py,curated
2019-01-01,2018/19,exports,Exports,0.037395,million_tonnes,annual_exports_to_monthly_proxy,APEDA Product Page + proxy,https://apeda.gov.in/,partially_available
2019-01-01,2018/19,feed_use,Feed use,1.381676,million_tonnes,annual_total_demand_to_monthly_feed_proxy,Local maize supply-demand balance,D:\ncel2\ncel-commodity-pricing\SnD\supply\maize\maize_supply_factors.db,mixed
2019-01-01,2018/19,industrial_use,Industrial use,0.277,million_tonnes,annual_total_demand_to_monthly_industrial_proxy,Local maize supply-demand balance,D:\ncel2\ncel-commodity-pricing\SnD\supply\maize\maize_supply_factors.db,not_found_cleanly
2019-01-01,2018/19,policy_changes,Policy changes,0.0,policy_index,curated_event_series,Curated Maize demand profile,D:\ncel2\ncel-commodity-pricing\SnD\demand\maize\build_maize_demand_store.py,curated
2019-01-01,2018/19,population_trend,Population / consumption trend,1366.42,million_people,annual_population_to_monthly_interpolation,Interpolated population trend,D:\ncel2\ncel-commodity-pricing\SnD\demand\maize\build_maize_demand_store.py,annual_only
2019-01-01,2018/19,poultry_demand_cycle,Poultry demand cycle,102.0,index_100,curated_monthly_poultry_cycle,Curated Maize demand profile,D:\ncel2\ncel-commodity-pricing\SnD\demand\maize\build_maize_demand_store.py,curated
2019-01-01,2018/19,retail_price_pressure,Retail / mandi price pressure,100.0,index_100,monthly_national_maize_price_index,Local maize support store,D:\ncel2\ncel-commodity-pricing\backend\data\maize_model_support.db,available
2019-01-01,2018/19,seed_use,Seed use,0.01108,million_tonnes,annual_seed_to_monthly_sowing_proxy,Derived sowing proxy,D:\ncel2\ncel-commodity-pricing\SnD\demand\maize\build_maize_demand_store.py,not_found_cleanly
2019-01-01,2018/19,substitution_effect,Substitution effect,100.0,index_100,monthly_maize_vs_wheat_ratio_index,Local maize vs wheat support stores,D:\ncel2\ncel-commodity-pricing\backend\data\maize_model_support.db | D:\ncel2\ncel-commodity-pricing\backend\data\wheat_model_support.db,available
2019-01-01,2018/19,total_demand_monthly,Total demand monthly,2.263644,million_tonnes,feed_plus_industrial_plus_exports_plus_seed_plus_domestic_other_use,Derived inside Maize demand store,D:\ncel2\ncel-commodity-pricing\SnD\demand\maize\build_maize_demand_store.py,derived
2019-02-01,2018/19,domestic_other_use,Domestic other use,0.549706,million_tonnes,annual_total_demand_to_monthly_other_proxy,Local maize supply-demand balance,D:\ncel2\ncel-commodity-pricing\SnD\supply\maize\maize_supply_factors.db,not_found_cleanly
2019-02-01,2018/19,ethanol_demand_signal,Ethanol demand signal,35.0,index_100,curated_step_signal,Curated Maize demand profile,D:\ncel2\ncel-commodity-pricing\SnD\demand\maize\build_maize_demand_store.py,curated
2019-02-01,2018/19,exports,Exports,0.037395,million_tonnes,annual_exports_to_monthly_proxy,APEDA Product Page + proxy,https://apeda.gov.in/,partially_available
2019-02-01,2018/19,feed_use,Feed use,1.349544,million_tonnes,annual_total_demand_to_monthly_feed_proxy,Local maize supply-demand balance,D:\ncel2\ncel-commodity-pricing\SnD\supply\maize\maize_supply_factors.db,mixed
2019-02-01,2018/19,industrial_use,Industrial use,0.277,million_tonnes,annual_total_demand_to_monthly_industrial_proxy,Local maize supply-demand balance,D:\ncel2\ncel-commodity-pricing\SnD\supply\maize\maize_supply_factors.db,not_found_cleanly
2019-02-01,2018/19,policy_changes,Policy changes,0.0,policy_index,curated_event_series,Curated Maize demand profile,D:\ncel2\ncel-commodity-pricing\SnD\demand\maize\build_maize_demand_store.py,curated
2019-02-01,2018/19,population_trend,Population / consumption trend,1367.551667,million_people,annual_population_to_monthly_interpolation,Interpolated population trend,D:\ncel2\ncel-commodity-pricing\SnD\demand\maize\build_maize_demand_store.py,annual_only
2019-02-01,2018/19,poultry_demand_cycle,Poultry demand cycle,101.0,index_100,curated_monthly_poultry_cycle,Curated Maize demand profile,D:\ncel2\ncel-commodity-pricing\SnD\demand\maize\build_maize_demand_store.py,curated
2019-02-01,2018/19,retail_price_pressure,Retail / mandi price pressure,100.0,index_100,monthly_national_maize_price_index,Local maize support store,D:\ncel2\ncel-commodity-pricing\backend\data\maize_model_support.db,available
2019-02-01,2018/19,seed_use,Seed use,0.01108,million_tonnes,annual_seed_to_monthly_sowing_proxy,Derived sowing proxy,D:\ncel2\ncel-commodity-pricing\SnD\demand\maize\build_maize_demand_store.py,not_found_cleanly
2019-02-01,2018/19,substitution_effect,Substitution effect,100.0,index_100,monthly_maize_vs_wheat_ratio_index,Local maize vs wheat support stores,D:\ncel2\ncel-commodity-pricing\backend\data\maize_model_support.db | D:\ncel2\ncel-commodity-pricing\backend\data\wheat_model_support.db,available
2019-02-01,2018/19,total_demand_monthly,Total demand monthly,2.224725,million_tonnes,feed_plus_industrial_plus_exports_plus_seed_plus_domestic_other_use,Derived inside Maize demand store,D:\ncel2\ncel-commodity-pricing\SnD\demand\maize\build_maize_demand_store.py,derived
2019-03-01,2018/19,domestic_other_use,Domestic other use,0.549706,million_tonnes,annual_total_demand_to_monthly_other_proxy,Local maize supply-demand balance,D:\ncel2\ncel-commodity-pricing\SnD\supply\maize\maize_supply_factors.db,not_found_cleanly
2019-03-01,2018/19,ethanol_demand_signal,Ethanol demand signal,35.0,index_100,curated_step_signal,Curated Maize demand profile,D:\ncel2\ncel-commodity-pricing\SnD\demand\maize\build_maize_demand_store.py,curated
2019-03-01,2018/19,exports,Exports,0.03324,million_tonnes,annual_exports_to_monthly_proxy,APEDA Product Page + proxy,https://apeda.gov.in/,partially_available
2019-03-01,2018/19,feed_use,Feed use,1.317412,million_tonnes,annual_total_demand_to_monthly_feed_proxy,Local maize supply-demand balance,D:\ncel2\ncel-commodity-pricing\SnD\supply\maize\maize_supply_factors.db,mixed
2019-03-01,2018/19,industrial_use,Industrial use,0.277,million_tonnes,annual_total_demand_to_monthly_industrial_proxy,Local maize supply-demand balance,D:\ncel2\ncel-commodity-pricing\SnD\supply\maize\maize_supply_factors.db,not_found_cleanly
2019-03-01,2018/19,policy_changes,Policy changes,0.0,policy_index,curated_event_series,Curated Maize demand profile,D:\ncel2\ncel-commodity-pricing\SnD\demand\maize\build_maize_demand_store.py,curated
2019-03-01,2018/19,population_trend,Population / consumption trend,1368.683333,million_people,annual_population_to_monthly_interpolation,Interpolated population trend,D:\ncel2\ncel-commodity-pricing\SnD\demand\maize\build_maize_demand_store.py,annual_only
2019-03-01,2018/19,poultry_demand_cycle,Poultry demand cycle,99.0,index_100,curated_monthly_poultry_cycle,Curated Maize demand profile,D:\ncel2\ncel-commodity-pricing\SnD\demand\maize\build_maize_demand_store.py,curated
2019-03-01,2018/19,retail_price_pressure,Retail / mandi price pressure,100.0,index_100,monthly_national_maize_price_index,Local maize support store,D:\ncel2\ncel-commodity-pricing\backend\data\maize_model_support.db,available
2019-03-01,2018/19,seed_use,Seed use,0.01108,million_tonnes,annual_seed_to_monthly_sowing_proxy,Derived sowing proxy,D:\ncel2\ncel-commodity-pricing\SnD\demand\maize\build_maize_demand_store.py,not_found_cleanly
2019-03-01,2018/19,substitution_effect,Substitution effect,100.0,index_100,monthly_maize_vs_wheat_ratio_index,Local maize vs wheat support stores,D:\ncel2\ncel-commodity-pricing\backend\data\maize_model_support.db | D:\ncel2\ncel-commodity-pricing\backend\data\wheat_model_support.db,available
2019-03-01,2018/19,total_demand_monthly,Total demand monthly,2.188438,million_tonnes,feed_plus_industrial_plus_exports_plus_seed_plus_domestic_other_use,Derived inside Maize demand store,D:\ncel2\ncel-commodity-pricing\SnD\demand\maize\build_maize_demand_store.py,derived
2019-04-01,2019/20,domestic_other_use,Domestic other use,0.571536,million_tonnes,annual_total_demand_to_monthly_other_proxy,Local maize supply-demand balance,D:\ncel2\ncel-commodity-pricing\SnD\supply\maize\maize_supply_factors.db,not_found_cleanly
2019-04-01,2019/20,ethanol_demand_signal,Ethanol demand signal,35.0,index_100,curated_step_signal,Curated Maize demand profile,D:\ncel2\ncel-commodity-pricing\SnD\demand\maize\build_maize_demand_store.py,curated
2019-04-01,2019/20,exports,Exports,0.03024,million_tonnes,annual_exports_to_monthly_proxy,APEDA Product Page + proxy,https://apeda.gov.in/,partially_available
2019-04-01,2019/20,feed_use,Feed use,1.319616,million_tonnes,annual_total_demand_to_monthly_feed_proxy,Local maize supply-demand balance,D:\ncel2\ncel-commodity-pricing\SnD\supply\maize\maize_supply_factors.db,mixed
2019-04-01,2019/20,industrial_use,Industrial use,0.288,million_tonnes,annual_total_demand_to_monthly_industrial_proxy,Local maize supply-demand balance,D:\ncel2\ncel-commodity-pricing\SnD\supply\maize\maize_supply_factors.db,not_found_cleanly
2019-04-01,2019/20,policy_changes,Policy changes,0.0,policy_index,curated_event_series,Curated Maize demand profile,D:\ncel2\ncel-commodity-pricing\SnD\demand\maize\build_maize_demand_store.py,curated
2019-04-01,2019/20,population_trend,Population / consumption trend,1369.815,million_people,annual_population_to_monthly_interpolation,Interpolated population trend,D:\ncel2\ncel-commodity-pricing\SnD\demand\maize\build_maize_demand_store.py,annual_only
2019-04-01,2019/20,poultry_demand_cycle,Poultry demand cycle,97.0,index_100,curated_monthly_poultry_cycle,Curated Maize demand profile,D:\ncel2\ncel-commodity-pricing\SnD\demand\maize\build_maize_demand_store.py,curated
2019-04-01,2019/20,retail_price_pressure,Retail / mandi price pressure,100.0,index_100,monthly_national_maize_price_index,Local maize support store,D:\ncel2\ncel-commodity-pricing\backend\data\maize_model_support.db,available
2019-04-01,2019/20,seed_use,Seed use,0.02304,million_tonnes,annual_seed_to_monthly_sowing_proxy,Derived sowing proxy,D:\ncel2\ncel-commodity-pricing\SnD\demand\maize\build_maize_demand_store.py,not_found_cleanly
2019-04-01,2019/20,substitution_effect,Substitution effect,100.0,index_100,monthly_maize_vs_wheat_ratio_index,Local maize vs wheat support stores,D:\ncel2\ncel-commodity-pricing\backend\data\maize_model_support.db | D:\ncel2\ncel-commodity-pricing\backend\data\wheat_model_support.db,available
2019-04-01,2019/20,total_demand_monthly,Total demand monthly,2.232432,million_tonnes,feed_plus_industrial_plus_exports_plus_seed_plus_domestic_other_use,Derived inside Maize demand store,D:\ncel2\ncel-commodity-pricing\SnD\demand\maize\build_maize_demand_store.py,derived
2019-05-01,2019/20,domestic_other_use,Domestic other use,0.571536,million_tonnes,annual_total_demand_to_monthly_other_proxy,Local maize supply-demand balance,D:\ncel2\ncel-commodity-pricing\SnD\supply\maize\maize_supply_factors.db,not_found_cleanly
2019-05-01,2019/20,ethanol_demand_signal,Ethanol demand signal,35.0,index_100,curated_step_signal,Curated Maize demand profile,D:\ncel2\ncel-commodity-pricing\SnD\demand\maize\build_maize_demand_store.py,curated
2019-05-01,2019/20,exports,Exports,0.03024,million_tonnes,annual_exports_to_monthly_proxy,APEDA Product Page + proxy,https://apeda.gov.in/,partially_available
2019-05-01,2019/20,feed_use,Feed use,1.319616,million_tonnes,annual_total_demand_to_monthly_feed_proxy,Local maize supply-demand balance,D:\ncel2\ncel-commodity-pricing\SnD\supply\maize\maize_supply_factors.db,mixed
2019-05-01,2019/20,industrial_use,Industrial use,0.288,million_tonnes,annual_total_demand_to_monthly_industrial_proxy,Local maize supply-demand balance,D:\ncel2\ncel-commodity-pricing\SnD\supply\maize\maize_supply_factors.db,not_found_cleanly
2019-05-01,2019/20,policy_changes,Policy changes,0.0,policy_index,curated_event_series,Curated Maize demand profile,D:\ncel2\ncel-commodity-pricing\SnD\demand\maize\build_maize_demand_store.py,curated
2019-05-01,2019/20,population_trend,Population / consumption trend,1370.946667,million_people,annual_population_to_monthly_interpolation,Interpolated population trend,D:\ncel2\ncel-commodity-pricing\SnD\demand\maize\build_maize_demand_store.py,annual_only
2019-05-01,2019/20,poultry_demand_cycle,Poultry demand cycle,96.0,index_100,curated_monthly_poultry_cycle,Curated Maize demand profile,D:\ncel2\ncel-commodity-pricing\SnD\demand\maize\build_maize_demand_store.py,curated
2019-05-01,2019/20,retail_price_pressure,Retail / mandi price pressure,100.0,index_100,monthly_national_maize_price_index,Local maize support store,D:\ncel2\ncel-commodity-pricing\backend\data\maize_model_support.db,available
2019-05-01,2019/20,seed_use,Seed use,0.04608,million_tonnes,annual_seed_to_monthly_sowing_proxy,Derived sowing proxy,D:\ncel2\ncel-commodity-pricing\SnD\demand\maize\build_maize_demand_store.py,not_found_cleanly
2019-05-01,2019/20,substitution_effect,Substitution effect,100.0,index_100,monthly_maize_vs_wheat_ratio_index,Local maize vs wheat support stores,D:\ncel2\ncel-commodity-pricing\backend\data\maize_model_support.db | D:\ncel2\ncel-commodity-pricing\backend\data\wheat_model_support.db,available
2019-05-01,2019/20,total_demand_monthly,Total demand monthly,2.255472,million_tonnes,feed_plus_industrial_plus_exports_plus_seed_plus_domestic_other_use,Derived inside Maize demand store,D:\ncel2\ncel-commodity-pricing\SnD\demand\maize\build_maize_demand_store.py,derived
2019-06-01,2019/20,domestic_other_use,Domestic other use,0.571536,million_tonnes,annual_total_demand_to_monthly_other_proxy,Local maize supply-demand balance,D:\ncel2\ncel-commodity-pricing\SnD\supply\maize\maize_supply_factors.db,not_found_cleanly
2019-06-01,2019/20,ethanol_demand_signal,Ethanol demand signal,35.0,index_100,curated_step_signal,Curated Maize demand profile,D:\ncel2\ncel-commodity-pricing\SnD\demand\maize\build_maize_demand_store.py,curated
2019-06-01,2019/20,exports,Exports,0.03024,million_tonnes,annual_exports_to_monthly_proxy,APEDA Product Page + proxy,https://apeda.gov.in/,partially_available
2019-06-01,2019/20,feed_use,Feed use,1.319616,million_tonnes,annual_total_demand_to_monthly_feed_proxy,Local maize supply-demand balance,D:\ncel2\ncel-commodity-pricing\SnD\supply\maize\maize_supply_factors.db,mixed
2019-06-01,2019/20,industrial_use,Industrial use,0.288,million_tonnes,annual_total_demand_to_monthly_industrial_proxy,Local maize supply-demand balance,D:\ncel2\ncel-commodity-pricing\SnD\supply\maize\maize_supply_factors.db,not_found_cleanly
2019-06-01,2019/20,policy_changes,Policy changes,0.0,policy_index,curated_event_series,Curated Maize demand profile,D:\ncel2\ncel-commodity-pricing\SnD\demand\maize\build_maize_demand_store.py,curated
2019-06-01,2019/20,population_trend,Population / consumption trend,1372.078333,million_people,annual_population_to_monthly_interpolation,Interpolated population trend,D:\ncel2\ncel-commodity-pricing\SnD\demand\maize\build_maize_demand_store.py,annual_only
2019-06-01,2019/20,poultry_demand_cycle,Poultry demand cycle,98.0,index_100,curated_monthly_poultry_cycle,Curated Maize demand profile,D:\ncel2\ncel-commodity-pricing\SnD\demand\maize\build_maize_demand_store.py,curated
2019-06-01,2019/20,retail_price_pressure,Retail / mandi price pressure,100.0,index_100,monthly_national_maize_price_index,Local maize support store,D:\ncel2\ncel-commodity-pricing\backend\data\maize_model_support.db,available
2019-06-01,2019/20,seed_use,Seed use,0.21888,million_tonnes,annual_seed_to_monthly_sowing_proxy,Derived sowing proxy,D:\ncel2\ncel-commodity-pricing\SnD\demand\maize\build_maize_demand_store.py,not_found_cleanly
2019-06-01,2019/20,substitution_effect,Substitution effect,100.0,index_100,monthly_maize_vs_wheat_ratio_index,Local maize vs wheat support stores,D:\ncel2\ncel-commodity-pricing\backend\data\maize_model_support.db | D:\ncel2\ncel-commodity-pricing\backend\data\wheat_model_support.db,available
2019-06-01,2019/20,total_demand_monthly,Total demand monthly,2.428272,million_tonnes,feed_plus_industrial_plus_exports_plus_seed_plus_domestic_other_use,Derived inside Maize demand store,D:\ncel2\ncel-commodity-pricing\SnD\demand\maize\build_maize_demand_store.py,derived
2019-07-01,2019/20,domestic_other_use,Domestic other use,0.585648,million_tonnes,annual_total_demand_to_monthly_other_proxy,Local maize supply-demand balance,D:\ncel2\ncel-commodity-pricing\SnD\supply\maize\maize_supply_factors.db,not_found_cleanly
2019-07-01,2019/20,ethanol_demand_signal,Ethanol demand signal,35.0,index_100,curated_step_signal,Curated Maize demand profile,D:\ncel2\ncel-commodity-pricing\SnD\demand\maize\build_maize_demand_store.py,curated
2019-07-01,2019/20,exports,Exports,0.03024,million_tonnes,annual_exports_to_monthly_proxy,APEDA Product Page + proxy,https://apeda.gov.in/,partially_available
2019-07-01,2019/20,feed_use,Feed use,1.369728,million_tonnes,annual_total_demand_to_monthly_feed_proxy,Local maize supply-demand balance,D:\ncel2\ncel-commodity-pricing\SnD\supply\maize\maize_supply_factors.db,mixed
2019-07-01,2019/20,industrial_use,Industrial use,0.288,million_tonnes,annual_total_demand_to_monthly_industrial_proxy,Local maize supply-demand balance,D:\ncel2\ncel-commodity-pricing\SnD\supply\maize\maize_supply_factors.db,not_found_cleanly
2019-07-01,2019/20,policy_changes,Policy changes,0.0,policy_index,curated_event_series,Curated Maize demand profile,D:\ncel2\ncel-commodity-pricing\SnD\demand\maize\build_maize_demand_store.py,curated
2019-07-01,2019/20,population_trend,Population / consumption trend,1373.21,million_people,annual_population_to_monthly_interpolation,Interpolated population trend,D:\ncel2\ncel-commodity-pricing\SnD\demand\maize\build_maize_demand_store.py,annual_only
2019-07-01,2019/20,poultry_demand_cycle,Poultry demand cycle,101.0,index_100,curated_monthly_poultry_cycle,Curated Maize demand profile,D:\ncel2\ncel-commodity-pricing\SnD\demand\maize\build_maize_demand_store.py,curated
2019-07-01,2019/20,retail_price_pressure,Retail / mandi price pressure,100.0,index_100,monthly_national_maize_price_index,Local maize support store,D:\ncel2\ncel-commodity-pricing\backend\data\maize_model_support.db,available
2019-07-01,2019/20,seed_use,Seed use,0.25344,million_tonnes,annual_seed_to_monthly_sowing_proxy,Derived sowing proxy,D:\ncel2\ncel-commodity-pricing\SnD\demand\maize\build_maize_demand_store.py,not_found_cleanly
2019-07-01,2019/20,substitution_effect,Substitution effect,100.0,index_100,monthly_maize_vs_wheat_ratio_index,Local maize vs wheat support stores,D:\ncel2\ncel-commodity-pricing\backend\data\maize_model_support.db | D:\ncel2\ncel-commodity-pricing\backend\data\wheat_model_support.db,available
2019-07-01,2019/20,total_demand_monthly,Total demand monthly,2.527056,million_tonnes,feed_plus_industrial_plus_exports_plus_seed_plus_domestic_other_use,Derived inside Maize demand store,D:\ncel2\ncel-commodity-pricing\SnD\demand\maize\build_maize_demand_store.py,derived
2019-08-01,2019/20,domestic_other_use,Domestic other use,0.592704,million_tonnes,annual_total_demand_to_monthly_other_proxy,Local maize supply-demand balance,D:\ncel2\ncel-commodity-pricing\SnD\supply\maize\maize_supply_factors.db,not_found_cleanly
2019-08-01,2019/20,ethanol_demand_signal,Ethanol demand signal,35.0,index_100,curated_step_signal,Curated Maize demand profile,D:\ncel2\ncel-commodity-pricing\SnD\demand\maize\build_maize_demand_store.py,curated
2019-08-01,2019/20,exports,Exports,0.03024,million_tonnes,annual_exports_to_monthly_proxy,APEDA Product Page + proxy,https://apeda.gov.in/,partially_available
2019-08-01,2019/20,feed_use,Feed use,1.403136,million_tonnes,annual_total_demand_to_monthly_feed_proxy,Local maize supply-demand balance,D:\ncel2\ncel-commodity-pricing\SnD\supply\maize\maize_supply_factors.db,mixed
2019-08-01,2019/20,industrial_use,Industrial use,0.288,million_tonnes,annual_total_demand_to_monthly_industrial_proxy,Local maize supply-demand balance,D:\ncel2\ncel-commodity-pricing\SnD\supply\maize\maize_supply_factors.db,not_found_cleanly
2019-08-01,2019/20,policy_changes,Policy changes,0.0,policy_index,curated_event_series,Curated Maize demand profile,D:\ncel2\ncel-commodity-pricing\SnD\demand\maize\build_maize_demand_store.py,curated
2019-08-01,2019/20,population_trend,Population / consumption trend,1374.341667,million_people,annual_population_to_monthly_interpolation,Interpolated population trend,D:\ncel2\ncel-commodity-pricing\SnD\demand\maize\build_maize_demand_store.py,annual_only
2019-08-01,2019/20,poultry_demand_cycle,Poultry demand cycle,103.0,index_100,curated_monthly_poultry_cycle,Curated Maize demand profile,D:\ncel2\ncel-commodity-pricing\SnD\demand\maize\build_maize_demand_store.py,curated
2019-08-01,2019/20,retail_price_pressure,Retail / mandi price pressure,100.0,index_100,monthly_national_maize_price_index,Local maize support store,D:\ncel2\ncel-commodity-pricing\backend\data\maize_model_support.db,available
2019-08-01,2019/20,seed_use,Seed use,0.09216,million_tonnes,annual_seed_to_monthly_sowing_proxy,Derived sowing proxy,D:\ncel2\ncel-commodity-pricing\SnD\demand\maize\build_maize_demand_store.py,not_found_cleanly
2019-08-01,2019/20,substitution_effect,Substitution effect,100.0,index_100,monthly_maize_vs_wheat_ratio_index,Local maize vs wheat support stores,D:\ncel2\ncel-commodity-pricing\backend\data\maize_model_support.db | D:\ncel2\ncel-commodity-pricing\backend\data\wheat_model_support.db,available
2019-08-01,2019/20,total_demand_monthly,Total demand monthly,2.40624,million_tonnes,feed_plus_industrial_plus_exports_plus_seed_plus_domestic_other_use,Derived inside Maize demand store,D:\ncel2\ncel-commodity-pricing\SnD\demand\maize\build_maize_demand_store.py,derived
2019-09-01,2019/20,domestic_other_use,Domestic other use,0.592704,million_tonnes,annual_total_demand_to_monthly_other_proxy,Local maize supply-demand balance,D:\ncel2\ncel-commodity-pricing\SnD\supply\maize\maize_supply_factors.db,not_found_cleanly
2019-09-01,2019/20,ethanol_demand_signal,Ethanol demand signal,35.0,index_100,curated_step_signal,Curated Maize demand profile,D:\ncel2\ncel-commodity-pricing\SnD\demand\maize\build_maize_demand_store.py,curated
2019-09-01,2019/20,exports,Exports,0.03456,million_tonnes,annual_exports_to_monthly_proxy,APEDA Product Page + proxy,https://apeda.gov.in/,partially_available
2019-09-01,2019/20,feed_use,Feed use,1.403136,million_tonnes,annual_total_demand_to_monthly_feed_proxy,Local maize supply-demand balance,D:\ncel2\ncel-commodity-pricing\SnD\supply\maize\maize_supply_factors.db,mixed
2019-09-01,2019/20,industrial_use,Industrial use,0.288,million_tonnes,annual_total_demand_to_monthly_industrial_proxy,Local maize supply-demand balance,D:\ncel2\ncel-commodity-pricing\SnD\supply\maize\maize_supply_factors.db,not_found_cleanly
2019-09-01,2019/20,policy_changes,Policy changes,0.0,policy_index,curated_event_series,Curated Maize demand profile,D:\ncel2\ncel-commodity-pricing\SnD\demand\maize\build_maize_demand_store.py,curated
2019-09-01,2019/20,population_trend,Population / consumption trend,1375.473333,million_people,annual_population_to_monthly_interpolation,Interpolated population trend,D:\ncel2\ncel-commodity-pricing\SnD\demand\maize\build_maize_demand_store.py,annual_only
2019-09-01,2019/20,poultry_demand_cycle,Poultry demand cycle,104.0,index_100,curated_monthly_poultry_cycle,Curated Maize demand profile,D:\ncel2\ncel-commodity-pricing\SnD\demand\maize\build_maize_demand_store.py,curated
2019-09-01,2019/20,retail_price_pressure,Retail / mandi price pressure,100.0,index_100,monthly_national_maize_price_index,Local maize support store,D:\ncel2\ncel-commodity-pricing\backend\data\maize_model_support.db,available
2019-09-01,2019/20,seed_use,Seed use,0.03456,million_tonnes,annual_seed_to_monthly_sowing_proxy,Derived sowing proxy,D:\ncel2\ncel-commodity-pricing\SnD\demand\maize\build_maize_demand_store.py,not_found_cleanly
2019-09-01,2019/20,substitution_effect,Substitution effect,100.0,index_100,monthly_maize_vs_wheat_ratio_index,Local maize vs wheat support stores,D:\ncel2\ncel-commodity-pricing\backend\data\maize_model_support.db | D:\ncel2\ncel-commodity-pricing\backend\data\wheat_model_support.db,available
2019-09-01,2019/20,total_demand_monthly,Total demand monthly,2.35296,million_tonnes,feed_plus_industrial_plus_exports_plus_seed_plus_domestic_other_use,Derived inside Maize demand store,D:\ncel2\ncel-commodity-pricing\SnD\demand\maize\build_maize_demand_store.py,derived
2019-10-01,2019/20,domestic_other_use,Domestic other use,0.606816,million_tonnes,annual_total_demand_to_monthly_other_proxy,Local maize supply-demand balance,D:\ncel2\ncel-commodity-pricing\SnD\supply\maize\maize_supply_factors.db,not_found_cleanly
2019-10-01,2019/20,ethanol_demand_signal,Ethanol demand signal,35.0,index_100,curated_step_signal,Curated Maize demand profile,D:\ncel2\ncel-commodity-pricing\SnD\demand\maize\build_maize_demand_store.py,curated
2019-10-01,2019/20,exports,Exports,0.0432,million_tonnes,annual_exports_to_monthly_proxy,APEDA Product Page + proxy,https://apeda.gov.in/,partially_available
2019-10-01,2019/20,feed_use,Feed use,1.436544,million_tonnes,annual_total_demand_to_monthly_feed_proxy,Local maize supply-demand balance,D:\ncel2\ncel-commodity-pricing\SnD\supply\maize\maize_supply_factors.db,mixed
2019-10-01,2019/20,industrial_use,Industrial use,0.288,million_tonnes,annual_total_demand_to_monthly_industrial_proxy,Local maize supply-demand balance,D:\ncel2\ncel-commodity-pricing\SnD\supply\maize\maize_supply_factors.db,not_found_cleanly
2019-10-01,2019/20,policy_changes,Policy changes,0.0,policy_index,curated_event_series,Curated Maize demand profile,D:\ncel2\ncel-commodity-pricing\SnD\demand\maize\build_maize_demand_store.py,curated
2019-10-01,2019/20,population_trend,Population / consumption trend,1376.605,million_people,annual_population_to_monthly_interpolation,Interpolated population trend,D:\ncel2\ncel-commodity-pricing\SnD\demand\maize\build_maize_demand_store.py,annual_only
2019-10-01,2019/20,poultry_demand_cycle,Poultry demand cycle,105.0,index_100,curated_monthly_poultry_cycle,Curated Maize demand profile,D:\ncel2\ncel-commodity-pricing\SnD\demand\maize\build_maize_demand_store.py,curated
2019-10-01,2019/20,retail_price_pressure,Retail / mandi price pressure,100.0,index_100,monthly_national_maize_price_index,Local maize support store,D:\ncel2\ncel-commodity-pricing\backend\data\maize_model_support.db,available
2019-10-01,2019/20,seed_use,Seed use,0.18432,million_tonnes,annual_seed_to_monthly_sowing_proxy,Derived sowing proxy,D:\ncel2\ncel-commodity-pricing\SnD\demand\maize\build_maize_demand_store.py,not_found_cleanly
2019-10-01,2019/20,substitution_effect,Substitution effect,100.0,index_100,monthly_maize_vs_wheat_ratio_index,Local maize vs wheat support stores,D:\ncel2\ncel-commodity-pricing\backend\data\maize_model_support.db | D:\ncel2\ncel-commodity-pricing\backend\data\wheat_model_support.db,available
2019-10-01,2019/20,total_demand_monthly,Total demand monthly,2.55888,million_tonnes,feed_plus_industrial_plus_exports_plus_seed_plus_domestic_other_use,Derived inside Maize demand store,D:\ncel2\ncel-commodity-pricing\SnD\demand\maize\build_maize_demand_store.py,derived
2019-11-01,2019/20,domestic_other_use,Domestic other use,0.620928,million_tonnes,annual_total_demand_to_monthly_other_proxy,Local maize supply-demand balance,D:\ncel2\ncel-commodity-pricing\SnD\supply\maize\maize_supply_factors.db,not_found_cleanly
2019-11-01,2019/20,ethanol_demand_signal,Ethanol demand signal,35.0,index_100,curated_step_signal,Curated Maize demand profile,D:\ncel2\ncel-commodity-pricing\SnD\demand\maize\build_maize_demand_store.py,curated
2019-11-01,2019/20,exports,Exports,0.04752,million_tonnes,annual_exports_to_monthly_proxy,APEDA Product Page + proxy,https://apeda.gov.in/,partially_available
2019-11-01,2019/20,feed_use,Feed use,1.453248,million_tonnes,annual_total_demand_to_monthly_feed_proxy,Local maize supply-demand balance,D:\ncel2\ncel-commodity-pricing\SnD\supply\maize\maize_supply_factors.db,mixed
2019-11-01,2019/20,industrial_use,Industrial use,0.288,million_tonnes,annual_total_demand_to_monthly_industrial_proxy,Local maize supply-demand balance,D:\ncel2\ncel-commodity-pricing\SnD\supply\maize\maize_supply_factors.db,not_found_cleanly
2019-11-01,2019/20,policy_changes,Policy changes,0.0,policy_index,curated_event_series,Curated Maize demand profile,D:\ncel2\ncel-commodity-pricing\SnD\demand\maize\build_maize_demand_store.py,curated
2019-11-01,2019/20,population_trend,Population / consumption trend,1377.736667,million_people,annual_population_to_monthly_interpolation,Interpolated population trend,D:\ncel2\ncel-commodity-pricing\SnD\demand\maize\build_maize_demand_store.py,annual_only
2019-11-01,2019/20,poultry_demand_cycle,Poultry demand cycle,107.0,index_100,curated_monthly_poultry_cycle,Curated Maize demand profile,D:\ncel2\ncel-commodity-pricing\SnD\demand\maize\build_maize_demand_store.py,curated
2019-11-01,2019/20,retail_price_pressure,Retail / mandi price pressure,100.0,index_100,monthly_national_maize_price_index,Local maize support store,D:\ncel2\ncel-commodity-pricing\backend\data\maize_model_support.db,available
2019-11-01,2019/20,seed_use,Seed use,0.18432,million_tonnes,annual_seed_to_monthly_sowing_proxy,Derived sowing proxy,D:\ncel2\ncel-commodity-pricing\SnD\demand\maize\build_maize_demand_store.py,not_found_cleanly
2019-11-01,2019/20,substitution_effect,Substitution effect,100.0,index_100,monthly_maize_vs_wheat_ratio_index,Local maize vs wheat support stores,D:\ncel2\ncel-commodity-pricing\backend\data\maize_model_support.db | D:\ncel2\ncel-commodity-pricing\backend\data\wheat_model_support.db,available
2019-11-01,2019/20,total_demand_monthly,Total demand monthly,2.594016,million_tonnes,feed_plus_industrial_plus_exports_plus_seed_plus_domestic_other_use,Derived inside Maize demand store,D:\ncel2\ncel-commodity-pricing\SnD\demand\maize\build_maize_demand_store.py,derived
2019-12-01,2019/20,domestic_other_use,Domestic other use,0.620928,million_tonnes,annual_total_demand_to_monthly_other_proxy,Local maize supply-demand balance,D:\ncel2\ncel-commodity-pricing\SnD\supply\maize\maize_supply_factors.db,not_found_cleanly
2019-12-01,2019/20,ethanol_demand_signal,Ethanol demand signal,35.0,index_100,curated_step_signal,Curated Maize demand profile,D:\ncel2\ncel-commodity-pricing\SnD\demand\maize\build_maize_demand_store.py,curated
2019-12-01,2019/20,exports,Exports,0.0432,million_tonnes,annual_exports_to_monthly_proxy,APEDA Product Page + proxy,https://apeda.gov.in/,partially_available
2019-12-01,2019/20,feed_use,Feed use,1.469952,million_tonnes,annual_total_demand_to_monthly_feed_proxy,Local maize supply-demand balance,D:\ncel2\ncel-commodity-pricing\SnD\supply\maize\maize_supply_factors.db,mixed
2019-12-01,2019/20,industrial_use,Industrial use,0.288,million_tonnes,annual_total_demand_to_monthly_industrial_proxy,Local maize supply-demand balance,D:\ncel2\ncel-commodity-pricing\SnD\supply\maize\maize_supply_factors.db,not_found_cleanly
2019-12-01,2019/20,policy_changes,Policy changes,0.0,policy_index,curated_event_series,Curated Maize demand profile,D:\ncel2\ncel-commodity-pricing\SnD\demand\maize\build_maize_demand_store.py,curated
2019-12-01,2019/20,population_trend,Population / consumption trend,1378.868333,million_people,annual_population_to_monthly_interpolation,Interpolated population trend,D:\ncel2\ncel-commodity-pricing\SnD\demand\maize\build_maize_demand_store.py,annual_only
2019-12-01,2019/20,poultry_demand_cycle,Poultry demand cycle,107.0,index_100,curated_monthly_poultry_cycle,Curated Maize demand profile,D:\ncel2\ncel-commodity-pricing\SnD\demand\maize\build_maize_demand_store.py,curated
2019-12-01,2019/20,retail_price_pressure,Retail / mandi price pressure,100.0,index_100,monthly_national_maize_price_index,Local maize support store,D:\ncel2\ncel-commodity-pricing\backend\data\maize_model_support.db,available
2019-12-01,2019/20,seed_use,Seed use,0.08064,million_tonnes,annual_seed_to_monthly_sowing_proxy,Derived sowing proxy,D:\ncel2\ncel-commodity-pricing\SnD\demand\maize\build_maize_demand_store.py,not_found_cleanly
2019-12-01,2019/20,substitution_effect,Substitution effect,100.0,index_100,monthly_maize_vs_wheat_ratio_index,Local maize vs wheat support stores,D:\ncel2\ncel-commodity-pricing\backend\data\maize_model_support.db | D:\ncel2\ncel-commodity-pricing\backend\data\wheat_model_support.db,available
2019-12-01,2019/20,total_demand_monthly,Total demand monthly,2.50272,million_tonnes,feed_plus_industrial_plus_exports_plus_seed_plus_domestic_other_use,Derived inside Maize demand store,D:\ncel2\ncel-commodity-pricing\SnD\demand\maize\build_maize_demand_store.py,derived
2020-01-01,2019/20,domestic_other_use,Domestic other use,0.578592,million_tonnes,annual_total_demand_to_monthly_other_proxy,Local maize supply-demand balance,D:\ncel2\ncel-commodity-pricing\SnD\supply\maize\maize_supply_factors.db,not_found_cleanly
2020-01-01,2019/20,ethanol_demand_signal,Ethanol demand signal,35.0,index_100,curated_step_signal,Curated Maize demand profile,D:\ncel2\ncel-commodity-pricing\SnD\demand\maize\build_maize_demand_store.py,curated
2020-01-01,2019/20,exports,Exports,0.03888,million_tonnes,annual_exports_to_monthly_proxy,APEDA Product Page + proxy,https://apeda.gov.in/,partially_available
2020-01-01,2019/20,feed_use,Feed use,1.436544,million_tonnes,annual_total_demand_to_monthly_feed_proxy,Local maize supply-demand balance,D:\ncel2\ncel-commodity-pricing\SnD\supply\maize\maize_supply_factors.db,mixed
2020-01-01,2019/20,industrial_use,Industrial use,0.288,million_tonnes,annual_total_demand_to_monthly_industrial_proxy,Local maize supply-demand balance,D:\ncel2\ncel-commodity-pricing\SnD\supply\maize\maize_supply_factors.db,not_found_cleanly
2020-01-01,2019/20,policy_changes,Policy changes,0.0,policy_index,curated_event_series,Curated Maize demand profile,D:\ncel2\ncel-commodity-pricing\SnD\demand\maize\build_maize_demand_store.py,curated
2020-01-01,2019/20,population_trend,Population / consumption trend,1380.0,million_people,annual_population_to_monthly_interpolation,Interpolated population trend,D:\ncel2\ncel-commodity-pricing\SnD\demand\maize\build_maize_demand_store.py,annual_only
2020-01-01,2019/20,poultry_demand_cycle,Poultry demand cycle,102.0,index_100,curated_monthly_poultry_cycle,Curated Maize demand profile,D:\ncel2\ncel-commodity-pricing\SnD\demand\maize\build_maize_demand_store.py,curated
2020-01-01,2019/20,retail_price_pressure,Retail / mandi price pressure,100.0,index_100,monthly_national_maize_price_index,Local maize support store,D:\ncel2\ncel-commodity-pricing\backend\data\maize_model_support.db,available
2020-01-01,2019/20,seed_use,Seed use,0.01152,million_tonnes,annual_seed_to_monthly_sowing_proxy,Derived sowing proxy,D:\ncel2\ncel-commodity-pricing\SnD\demand\maize\build_maize_demand_store.py,not_found_cleanly
2020-01-01,2019/20,substitution_effect,Substitution effect,100.0,index_100,monthly_maize_vs_wheat_ratio_index,Local maize vs wheat support stores,D:\ncel2\ncel-commodity-pricing\backend\data\maize_model_support.db | D:\ncel2\ncel-commodity-pricing\backend\data\wheat_model_support.db,available
2020-01-01,2019/20,total_demand_monthly,Total demand monthly,2.353536,million_tonnes,feed_plus_industrial_plus_exports_plus_seed_plus_domestic_other_use,Derived inside Maize demand store,D:\ncel2\ncel-commodity-pricing\SnD\demand\maize\build_maize_demand_store.py,derived
2020-02-01,2019/20,domestic_other_use,Domestic other use,0.571536,million_tonnes,annual_total_demand_to_monthly_other_proxy,Local maize supply-demand balance,D:\ncel2\ncel-commodity-pricing\SnD\supply\maize\maize_supply_factors.db,not_found_cleanly
2020-02-01,2019/20,ethanol_demand_signal,Ethanol demand signal,35.0,index_100,curated_step_signal,Curated Maize demand profile,D:\ncel2\ncel-commodity-pricing\SnD\demand\maize\build_maize_demand_store.py,curated
2020-02-01,2019/20,exports,Exports,0.03888,million_tonnes,annual_exports_to_monthly_proxy,APEDA Product Page + proxy,https://apeda.gov.in/,partially_available
2020-02-01,2019/20,feed_use,Feed use,1.403136,million_tonnes,annual_total_demand_to_monthly_feed_proxy,Local maize supply-demand balance,D:\ncel2\ncel-commodity-pricing\SnD\supply\maize\maize_supply_factors.db,mixed
2020-02-01,2019/20,industrial_use,Industrial use,0.288,million_tonnes,annual_total_demand_to_monthly_industrial_proxy,Local maize supply-demand balance,D:\ncel2\ncel-commodity-pricing\SnD\supply\maize\maize_supply_factors.db,not_found_cleanly
2020-02-01,2019/20,policy_changes,Policy changes,0.0,policy_index,curated_event_series,Curated Maize demand profile,D:\ncel2\ncel-commodity-pricing\SnD\demand\maize\build_maize_demand_store.py,curated
2020-02-01,2019/20,population_trend,Population / consumption trend,1381.1175,million_people,annual_population_to_monthly_interpolation,Interpolated population trend,D:\ncel2\ncel-commodity-pricing\SnD\demand\maize\build_maize_demand_store.py,annual_only
2020-02-01,2019/20,poultry_demand_cycle,Poultry demand cycle,101.0,index_100,curated_monthly_poultry_cycle,Curated Maize demand profile,D:\ncel2\ncel-commodity-pricing\SnD\demand\maize\build_maize_demand_store.py,curated
2020-02-01,2019/20,retail_price_pressure,Retail / mandi price pressure,100.0,index_100,monthly_national_maize_price_index,Local maize support store,D:\ncel2\ncel-commodity-pricing\backend\data\maize_model_support.db,available
2020-02-01,2019/20,seed_use,Seed use,0.01152,million_tonnes,annual_seed_to_monthly_sowing_proxy,Derived sowing proxy,D:\ncel2\ncel-commodity-pricing\SnD\demand\maize\build_maize_demand_store.py,not_found_cleanly
2020-02-01,2019/20,substitution_effect,Substitution effect,100.0,index_100,monthly_maize_vs_wheat_ratio_index,Local maize vs wheat support stores,D:\ncel2\ncel-commodity-pricing\backend\data\maize_model_support.db | D:\ncel2\ncel-commodity-pricing\backend\data\wheat_model_support.db,available
2020-02-01,2019/20,total_demand_monthly,Total demand monthly,2.313072,million_tonnes,feed_plus_industrial_plus_exports_plus_seed_plus_domestic_other_use,Derived inside Maize demand store,D:\ncel2\ncel-commodity-pricing\SnD\demand\maize\build_maize_demand_store.py,derived
2020-03-01,2019/20,domestic_other_use,Domestic other use,0.571536,million_tonnes,annual_total_demand_to_monthly_other_proxy,Local maize supply-demand balance,D:\ncel2\ncel-commodity-pricing\SnD\supply\maize\maize_supply_factors.db,not_found_cleanly
2020-03-01,2019/20,ethanol_demand_signal,Ethanol demand signal,35.0,index_100,curated_step_signal,Curated Maize demand profile,D:\ncel2\ncel-commodity-pricing\SnD\demand\maize\build_maize_demand_store.py,curated
2020-03-01,2019/20,exports,Exports,0.03456,million_tonnes,annual_exports_to_monthly_proxy,APEDA Product Page + proxy,https://apeda.gov.in/,partially_available
2020-03-01,2019/20,feed_use,Feed use,1.369728,million_tonnes,annual_total_demand_to_monthly_feed_proxy,Local maize supply-demand balance,D:\ncel2\ncel-commodity-pricing\SnD\supply\maize\maize_supply_factors.db,mixed
2020-03-01,2019/20,industrial_use,Industrial use,0.288,million_tonnes,annual_total_demand_to_monthly_industrial_proxy,Local maize supply-demand balance,D:\ncel2\ncel-commodity-pricing\SnD\supply\maize\maize_supply_factors.db,not_found_cleanly
2020-03-01,2019/20,policy_changes,Policy changes,0.0,policy_index,curated_event_series,Curated Maize demand profile,D:\ncel2\ncel-commodity-pricing\SnD\demand\maize\build_maize_demand_store.py,curated
2020-03-01,2019/20,population_trend,Population / consumption trend,1382.235,million_people,annual_population_to_monthly_interpolation,Interpolated population trend,D:\ncel2\ncel-commodity-pricing\SnD\demand\maize\build_maize_demand_store.py,annual_only
2020-03-01,2019/20,poultry_demand_cycle,Poultry demand cycle,99.0,index_100,curated_monthly_poultry_cycle,Curated Maize demand profile,D:\ncel2\ncel-commodity-pricing\SnD\demand\maize\build_maize_demand_store.py,curated
2020-03-01,2019/20,retail_price_pressure,Retail / mandi price pressure,100.0,index_100,monthly_national_maize_price_index,Local maize support store,D:\ncel2\ncel-commodity-pricing\backend\data\maize_model_support.db,available
2020-03-01,2019/20,seed_use,Seed use,0.01152,million_tonnes,annual_seed_to_monthly_sowing_proxy,Derived sowing proxy,D:\ncel2\ncel-commodity-pricing\SnD\demand\maize\build_maize_demand_store.py,not_found_cleanly
2020-03-01,2019/20,substitution_effect,Substitution effect,100.0,index_100,monthly_maize_vs_wheat_ratio_index,Local maize vs wheat support stores,D:\ncel2\ncel-commodity-pricing\backend\data\maize_model_support.db | D:\ncel2\ncel-commodity-pricing\backend\data\wheat_model_support.db,available
2020-03-01,2019/20,total_demand_monthly,Total demand monthly,2.275344,million_tonnes,feed_plus_industrial_plus_exports_plus_seed_plus_domestic_other_use,Derived inside Maize demand store,D:\ncel2\ncel-commodity-pricing\SnD\demand\maize\build_maize_demand_store.py,derived
2020-04-01,2020/21,domestic_other_use,Domestic other use,0.627102,million_tonnes,annual_total_demand_to_monthly_other_proxy,Local maize supply-demand balance,D:\ncel2\ncel-commodity-pricing\SnD\supply\maize\maize_supply_factors.db,not_found_cleanly
2020-04-01,2020/21,ethanol_demand_signal,Ethanol demand signal,35.0,index_100,curated_step_signal,Curated Maize demand profile,D:\ncel2\ncel-commodity-pricing\SnD\demand\maize\build_maize_demand_store.py,curated
2020-04-01,2020/21,exports,Exports,0.03318,million_tonnes,annual_exports_to_monthly_proxy,APEDA Product Page + proxy,https://apeda.gov.in/,partially_available
2020-04-01,2020/21,feed_use,Feed use,1.447912,million_tonnes,annual_total_demand_to_monthly_feed_proxy,Local maize supply-demand balance,D:\ncel2\ncel-commodity-pricing\SnD\supply\maize\maize_supply_factors.db,mixed
2020-04-01,2020/21,industrial_use,Industrial use,0.316,million_tonnes,annual_total_demand_to_monthly_industrial_proxy,Local maize supply-demand balance,D:\ncel2\ncel-commodity-pricing\SnD\supply\maize\maize_supply_factors.db,not_found_cleanly
2020-04-01,2020/21,policy_changes,Policy changes,0.0,policy_index,curated_event_series,Curated Maize demand profile,D:\ncel2\ncel-commodity-pricing\SnD\demand\maize\build_maize_demand_store.py,curated
2020-04-01,2020/21,population_trend,Population / consumption trend,1383.3525,million_people,annual_population_to_monthly_interpolation,Interpolated population trend,D:\ncel2\ncel-commodity-pricing\SnD\demand\maize\build_maize_demand_store.py,annual_only
2020-04-01,2020/21,poultry_demand_cycle,Poultry demand cycle,97.0,index_100,curated_monthly_poultry_cycle,Curated Maize demand profile,D:\ncel2\ncel-commodity-pricing\SnD\demand\maize\build_maize_demand_store.py,curated
2020-04-01,2020/21,retail_price_pressure,Retail / mandi price pressure,100.0,index_100,monthly_national_maize_price_index,Local maize support store,D:\ncel2\ncel-commodity-pricing\backend\data\maize_model_support.db,available
2020-04-01,2020/21,seed_use,Seed use,0.02528,million_tonnes,annual_seed_to_monthly_sowing_proxy,Derived sowing proxy,D:\ncel2\ncel-commodity-pricing\SnD\demand\maize\build_maize_demand_store.py,not_found_cleanly
2020-04-01,2020/21,substitution_effect,Substitution effect,100.0,index_100,monthly_maize_vs_wheat_ratio_index,Local maize vs wheat support stores,D:\ncel2\ncel-commodity-pricing\backend\data\maize_model_support.db | D:\ncel2\ncel-commodity-pricing\backend\data\wheat_model_support.db,available
2020-04-01,2020/21,total_demand_monthly,Total demand monthly,2.449474,million_tonnes,feed_plus_industrial_plus_exports_plus_seed_plus_domestic_other_use,Derived inside Maize demand store,D:\ncel2\ncel-commodity-pricing\SnD\demand\maize\build_maize_demand_store.py,derived
2020-05-01,2020/21,domestic_other_use,Domestic other use,0.627102,million_tonnes,annual_total_demand_to_monthly_other_proxy,Local maize supply-demand balance,D:\ncel2\ncel-commodity-pricing\SnD\supply\maize\maize_supply_factors.db,not_found_cleanly
2020-05-01,2020/21,ethanol_demand_signal,Ethanol demand signal,35.0,index_100,curated_step_signal,Curated Maize demand profile,D:\ncel2\ncel-commodity-pricing\SnD\demand\maize\build_maize_demand_store.py,curated
2020-05-01,2020/21,exports,Exports,0.03318,million_tonnes,annual_exports_to_monthly_proxy,APEDA Product Page + proxy,https://apeda.gov.in/,partially_available
2020-05-01,2020/21,feed_use,Feed use,1.447912,million_tonnes,annual_total_demand_to_monthly_feed_proxy,Local maize supply-demand balance,D:\ncel2\ncel-commodity-pricing\SnD\supply\maize\maize_supply_factors.db,mixed
2020-05-01,2020/21,industrial_use,Industrial use,0.316,million_tonnes,annual_total_demand_to_monthly_industrial_proxy,Local maize supply-demand balance,D:\ncel2\ncel-commodity-pricing\SnD\supply\maize\maize_supply_factors.db,not_found_cleanly
2020-05-01,2020/21,policy_changes,Policy changes,0.0,policy_index,curated_event_series,Curated Maize demand profile,D:\ncel2\ncel-commodity-pricing\SnD\demand\maize\build_maize_demand_store.py,curated
2020-05-01,2020/21,population_trend,Population / consumption trend,1384.47,million_people,annual_population_to_monthly_interpolation,Interpolated population trend,D:\ncel2\ncel-commodity-pricing\SnD\demand\maize\build_maize_demand_store.py,annual_only
2020-05-01,2020/21,poultry_demand_cycle,Poultry demand cycle,96.0,index_100,curated_monthly_poultry_cycle,Curated Maize demand profile,D:\ncel2\ncel-commodity-pricing\SnD\demand\maize\build_maize_demand_store.py,curated
2020-05-01,2020/21,retail_price_pressure,Retail / mandi price pressure,100.0,index_100,monthly_national_maize_price_index,Local maize support store,D:\ncel2\ncel-commodity-pricing\backend\data\maize_model_support.db,available
2020-05-01,2020/21,seed_use,Seed use,0.05056,million_tonnes,annual_seed_to_monthly_sowing_proxy,Derived sowing proxy,D:\ncel2\ncel-commodity-pricing\SnD\demand\maize\build_maize_demand_store.py,not_found_cleanly
2020-05-01,2020/21,substitution_effect,Substitution effect,100.0,index_100,monthly_maize_vs_wheat_ratio_index,Local maize vs wheat support stores,D:\ncel2\ncel-commodity-pricing\backend\data\maize_model_support.db | D:\ncel2\ncel-commodity-pricing\backend\data\wheat_model_support.db,available
2020-05-01,2020/21,total_demand_monthly,Total demand monthly,2.474754,million_tonnes,feed_plus_industrial_plus_exports_plus_seed_plus_domestic_other_use,Derived inside Maize demand store,D:\ncel2\ncel-commodity-pricing\SnD\demand\maize\build_maize_demand_store.py,derived
2020-06-01,2020/21,domestic_other_use,Domestic other use,0.627102,million_tonnes,annual_total_demand_to_monthly_other_proxy,Local maize supply-demand balance,D:\ncel2\ncel-commodity-pricing\SnD\supply\maize\maize_supply_factors.db,not_found_cleanly
2020-06-01,2020/21,ethanol_demand_signal,Ethanol demand signal,35.0,index_100,curated_step_signal,Curated Maize demand profile,D:\ncel2\ncel-commodity-pricing\SnD\demand\maize\build_maize_demand_store.py,curated
2020-06-01,2020/21,exports,Exports,0.03318,million_tonnes,annual_exports_to_monthly_proxy,APEDA Product Page + proxy,https://apeda.gov.in/,partially_available
2020-06-01,2020/21,feed_use,Feed use,1.447912,million_tonnes,annual_total_demand_to_monthly_feed_proxy,Local maize supply-demand balance,D:\ncel2\ncel-commodity-pricing\SnD\supply\maize\maize_supply_factors.db,mixed
2020-06-01,2020/21,industrial_use,Industrial use,0.316,million_tonnes,annual_total_demand_to_monthly_industrial_proxy,Local maize supply-demand balance,D:\ncel2\ncel-commodity-pricing\SnD\supply\maize\maize_supply_factors.db,not_found_cleanly
2020-06-01,2020/21,policy_changes,Policy changes,0.0,policy_index,curated_event_series,Curated Maize demand profile,D:\ncel2\ncel-commodity-pricing\SnD\demand\maize\build_maize_demand_store.py,curated
2020-06-01,2020/21,population_trend,Population / consumption trend,1385.5875,million_people,annual_population_to_monthly_interpolation,Interpolated population trend,D:\ncel2\ncel-commodity-pricing\SnD\demand\maize\build_maize_demand_store.py,annual_only
2020-06-01,2020/21,poultry_demand_cycle,Poultry demand cycle,98.0,index_100,curated_monthly_poultry_cycle,Curated Maize demand profile,D:\ncel2\ncel-commodity-pricing\SnD\demand\maize\build_maize_demand_store.py,curated
2020-06-01,2020/21,retail_price_pressure,Retail / mandi price pressure,100.0,index_100,monthly_national_maize_price_index,Local maize support store,D:\ncel2\ncel-commodity-pricing\backend\data\maize_model_support.db,available
2020-06-01,2020/21,seed_use,Seed use,0.24016,million_tonnes,annual_seed_to_monthly_sowing_proxy,Derived sowing proxy,D:\ncel2\ncel-commodity-pricing\SnD\demand\maize\build_maize_demand_store.py,not_found_cleanly
2020-06-01,2020/21,substitution_effect,Substitution effect,100.0,index_100,monthly_maize_vs_wheat_ratio_index,Local maize vs wheat support stores,D:\ncel2\ncel-commodity-pricing\backend\data\maize_model_support.db | D:\ncel2\ncel-commodity-pricing\backend\data\wheat_model_support.db,available
2020-06-01,2020/21,total_demand_monthly,Total demand monthly,2.664354,million_tonnes,feed_plus_industrial_plus_exports_plus_seed_plus_domestic_other_use,Derived inside Maize demand store,D:\ncel2\ncel-commodity-pricing\SnD\demand\maize\build_maize_demand_store.py,derived
2020-07-01,2020/21,domestic_other_use,Domestic other use,0.642586,million_tonnes,annual_total_demand_to_monthly_other_proxy,Local maize supply-demand balance,D:\ncel2\ncel-commodity-pricing\SnD\supply\maize\maize_supply_factors.db,not_found_cleanly
2020-07-01,2020/21,ethanol_demand_signal,Ethanol demand signal,35.0,index_100,curated_step_signal,Curated Maize demand profile,D:\ncel2\ncel-commodity-pricing\SnD\demand\maize\build_maize_demand_store.py,curated
2020-07-01,2020/21,exports,Exports,0.03318,million_tonnes,annual_exports_to_monthly_proxy,APEDA Product Page + proxy,https://apeda.gov.in/,partially_available
2020-07-01,2020/21,feed_use,Feed use,1.502896,million_tonnes,annual_total_demand_to_monthly_feed_proxy,Local maize supply-demand balance,D:\ncel2\ncel-commodity-pricing\SnD\supply\maize\maize_supply_factors.db,mixed
2020-07-01,2020/21,industrial_use,Industrial use,0.316,million_tonnes,annual_total_demand_to_monthly_industrial_proxy,Local maize supply-demand balance,D:\ncel2\ncel-commodity-pricing\SnD\supply\maize\maize_supply_factors.db,not_found_cleanly
2020-07-01,2020/21,policy_changes,Policy changes,0.0,policy_index,curated_event_series,Curated Maize demand profile,D:\ncel2\ncel-commodity-pricing\SnD\demand\maize\build_maize_demand_store.py,curated
2020-07-01,2020/21,population_trend,Population / consumption trend,1386.705,million_people,annual_population_to_monthly_interpolation,Interpolated population trend,D:\ncel2\ncel-commodity-pricing\SnD\demand\maize\build_maize_demand_store.py,annual_only
2020-07-01,2020/21,poultry_demand_cycle,Poultry demand cycle,101.0,index_100,curated_monthly_poultry_cycle,Curated Maize demand profile,D:\ncel2\ncel-commodity-pricing\SnD\demand\maize\build_maize_demand_store.py,curated
2020-07-01,2020/21,retail_price_pressure,Retail / mandi price pressure,100.0,index_100,monthly_national_maize_price_index,Local maize support store,D:\ncel2\ncel-commodity-pricing\backend\data\maize_model_support.db,available
2020-07-01,2020/21,seed_use,Seed use,0.27808,million_tonnes,annual_seed_to_monthly_sowing_proxy,Derived sowing proxy,D:\ncel2\ncel-commodity-pricing\SnD\demand\maize\build_maize_demand_store.py,not_found_cleanly
2020-07-01,2020/21,substitution_effect,Substitution effect,100.0,index_100,monthly_maize_vs_wheat_ratio_index,Local maize vs wheat support stores,D:\ncel2\ncel-commodity-pricing\backend\data\maize_model_support.db | D:\ncel2\ncel-commodity-pricing\backend\data\wheat_model_support.db,available
2020-07-01,2020/21,total_demand_monthly,Total demand monthly,2.772742,million_tonnes,feed_plus_industrial_plus_exports_plus_seed_plus_domestic_other_use,Derived inside Maize demand store,D:\ncel2\ncel-commodity-pricing\SnD\demand\maize\build_maize_demand_store.py,derived
2020-08-01,2020/21,domestic_other_use,Domestic other use,0.650328,million_tonnes,annual_total_demand_to_monthly_other_proxy,Local maize supply-demand balance,D:\ncel2\ncel-commodity-pricing\SnD\supply\maize\maize_supply_factors.db,not_found_cleanly
2020-08-01,2020/21,ethanol_demand_signal,Ethanol demand signal,35.0,index_100,curated_step_signal,Curated Maize demand profile,D:\ncel2\ncel-commodity-pricing\SnD\demand\maize\build_maize_demand_store.py,curated
2020-08-01,2020/21,exports,Exports,0.03318,million_tonnes,annual_exports_to_monthly_proxy,APEDA Product Page + proxy,https://apeda.gov.in/,partially_available
2020-08-01,2020/21,feed_use,Feed use,1.539552,million_tonnes,annual_total_demand_to_monthly_feed_proxy,Local maize supply-demand balance,D:\ncel2\ncel-commodity-pricing\SnD\supply\maize\maize_supply_factors.db,mixed
2020-08-01,2020/21,industrial_use,Industrial use,0.316,million_tonnes,annual_total_demand_to_monthly_industrial_proxy,Local maize supply-demand balance,D:\ncel2\ncel-commodity-pricing\SnD\supply\maize\maize_supply_factors.db,not_found_cleanly
2020-08-01,2020/21,policy_changes,Policy changes,0.0,policy_index,curated_event_series,Curated Maize demand profile,D:\ncel2\ncel-commodity-pricing\SnD\demand\maize\build_maize_demand_store.py,curated
2020-08-01,2020/21,population_trend,Population / consumption trend,1387.8225,million_people,annual_population_to_monthly_interpolation,Interpolated population trend,D:\ncel2\ncel-commodity-pricing\SnD\demand\maize\build_maize_demand_store.py,annual_only
2020-08-01,2020/21,poultry_demand_cycle,Poultry demand cycle,103.0,index_100,curated_monthly_poultry_cycle,Curated Maize demand profile,D:\ncel2\ncel-commodity-pricing\SnD\demand\maize\build_maize_demand_store.py,curated
2020-08-01,2020/21,retail_price_pressure,Retail / mandi price pressure,100.0,index_100,monthly_national_maize_price_index,Local maize support store,D:\ncel2\ncel-commodity-pricing\backend\data\maize_model_support.db,available
2020-08-01,2020/21,seed_use,Seed use,0.10112,million_tonnes,annual_seed_to_monthly_sowing_proxy,Derived sowing proxy,D:\ncel2\ncel-commodity-pricing\SnD\demand\maize\build_maize_demand_store.py,not_found_cleanly
2020-08-01,2020/21,substitution_effect,Substitution effect,100.0,index_100,monthly_maize_vs_wheat_ratio_index,Local maize vs wheat support stores,D:\ncel2\ncel-commodity-pricing\backend\data\maize_model_support.db | D:\ncel2\ncel-commodity-pricing\backend\data\wheat_model_support.db,available
2020-08-01,2020/21,total_demand_monthly,Total demand monthly,2.64018,million_tonnes,feed_plus_industrial_plus_exports_plus_seed_plus_domestic_other_use,Derived inside Maize demand store,D:\ncel2\ncel-commodity-pricing\SnD\demand\maize\build_maize_demand_store.py,derived
2020-09-01,2020/21,domestic_other_use,Domestic other use,0.650328,million_tonnes,annual_total_demand_to_monthly_other_proxy,Local maize supply-demand balance,D:\ncel2\ncel-commodity-pricing\SnD\supply\maize\maize_supply_factors.db,not_found_cleanly
2020-09-01,2020/21,ethanol_demand_signal,Ethanol demand signal,35.0,index_100,curated_step_signal,Curated Maize demand profile,D:\ncel2\ncel-commodity-pricing\SnD\demand\maize\build_maize_demand_store.py,curated
2020-09-01,2020/21,exports,Exports,0.03792,million_tonnes,annual_exports_to_monthly_proxy,APEDA Product Page + proxy,https://apeda.gov.in/,partially_available
2020-09-01,2020/21,feed_use,Feed use,1.539552,million_tonnes,annual_total_demand_to_monthly_feed_proxy,Local maize supply-demand balance,D:\ncel2\ncel-commodity-pricing\SnD\supply\maize\maize_supply_factors.db,mixed
2020-09-01,2020/21,industrial_use,Industrial use,0.316,million_tonnes,annual_total_demand_to_monthly_industrial_proxy,Local maize supply-demand balance,D:\ncel2\ncel-commodity-pricing\SnD\supply\maize\maize_supply_factors.db,not_found_cleanly
2020-09-01,2020/21,policy_changes,Policy changes,0.0,policy_index,curated_event_series,Curated Maize demand profile,D:\ncel2\ncel-commodity-pricing\SnD\demand\maize\build_maize_demand_store.py,curated
2020-09-01,2020/21,population_trend,Population / consumption trend,1388.94,million_people,annual_population_to_monthly_interpolation,Interpolated population trend,D:\ncel2\ncel-commodity-pricing\SnD\demand\maize\build_maize_demand_store.py,annual_only
2020-09-01,2020/21,poultry_demand_cycle,Poultry demand cycle,104.0,index_100,curated_monthly_poultry_cycle,Curated Maize demand profile,D:\ncel2\ncel-commodity-pricing\SnD\demand\maize\build_maize_demand_store.py,curated
2020-09-01,2020/21,retail_price_pressure,Retail / mandi price pressure,100.0,index_100,monthly_national_maize_price_index,Local maize support store,D:\ncel2\ncel-commodity-pricing\backend\data\maize_model_support.db,available
2020-09-01,2020/21,seed_use,Seed use,0.03792,million_tonnes,annual_seed_to_monthly_sowing_proxy,Derived sowing proxy,D:\ncel2\ncel-commodity-pricing\SnD\demand\maize\build_maize_demand_store.py,not_found_cleanly
2020-09-01,2020/21,substitution_effect,Substitution effect,100.0,index_100,monthly_maize_vs_wheat_ratio_index,Local maize vs wheat support stores,D:\ncel2\ncel-commodity-pricing\backend\data\maize_model_support.db | D:\ncel2\ncel-commodity-pricing\backend\data\wheat_model_support.db,available
2020-09-01,2020/21,total_demand_monthly,Total demand monthly,2.58172,million_tonnes,feed_plus_industrial_plus_exports_plus_seed_plus_domestic_other_use,Derived inside Maize demand store,D:\ncel2\ncel-commodity-pricing\SnD\demand\maize\build_maize_demand_store.py,derived
2020-10-01,2020/21,domestic_other_use,Domestic other use,0.665812,million_tonnes,annual_total_demand_to_monthly_other_proxy,Local maize supply-demand balance,D:\ncel2\ncel-commodity-pricing\SnD\supply\maize\maize_supply_factors.db,not_found_cleanly
2020-10-01,2020/21,ethanol_demand_signal,Ethanol demand signal,35.0,index_100,curated_step_signal,Curated Maize demand profile,D:\ncel2\ncel-commodity-pricing\SnD\demand\maize\build_maize_demand_store.py,curated
2020-10-01,2020/21,exports,Exports,0.0474,million_tonnes,annual_exports_to_monthly_proxy,APEDA Product Page + proxy,https://apeda.gov.in/,partially_available
2020-10-01,2020/21,feed_use,Feed use,1.576208,million_tonnes,annual_total_demand_to_monthly_feed_proxy,Local maize supply-demand balance,D:\ncel2\ncel-commodity-pricing\SnD\supply\maize\maize_supply_factors.db,mixed
2020-10-01,2020/21,industrial_use,Industrial use,0.316,million_tonnes,annual_total_demand_to_monthly_industrial_proxy,Local maize supply-demand balance,D:\ncel2\ncel-commodity-pricing\SnD\supply\maize\maize_supply_factors.db,not_found_cleanly
2020-10-01,2020/21,policy_changes,Policy changes,0.0,policy_index,curated_event_series,Curated Maize demand profile,D:\ncel2\ncel-commodity-pricing\SnD\demand\maize\build_maize_demand_store.py,curated
2020-10-01,2020/21,population_trend,Population / consumption trend,1390.0575,million_people,annual_population_to_monthly_interpolation,Interpolated population trend,D:\ncel2\ncel-commodity-pricing\SnD\demand\maize\build_maize_demand_store.py,annual_only
2020-10-01,2020/21,poultry_demand_cycle,Poultry demand cycle,105.0,index_100,curated_monthly_poultry_cycle,Curated Maize demand profile,D:\ncel2\ncel-commodity-pricing\SnD\demand\maize\build_maize_demand_store.py,curated
2020-10-01,2020/21,retail_price_pressure,Retail / mandi price pressure,100.0,index_100,monthly_national_maize_price_index,Local maize support store,D:\ncel2\ncel-commodity-pricing\backend\data\maize_model_support.db,available
2020-10-01,2020/21,seed_use,Seed use,0.20224,million_tonnes,annual_seed_to_monthly_sowing_proxy,Derived sowing proxy,D:\ncel2\ncel-commodity-pricing\SnD\demand\maize\build_maize_demand_store.py,not_found_cleanly
2020-10-01,2020/21,substitution_effect,Substitution effect,100.0,index_100,monthly_maize_vs_wheat_ratio_index,Local maize vs wheat support stores,D:\ncel2\ncel-commodity-pricing\backend\data\maize_model_support.db | D:\ncel2\ncel-commodity-pricing\backend\data\wheat_model_support.db,available
2020-10-01,2020/21,total_demand_monthly,Total demand monthly,2.80766,million_tonnes,feed_plus_industrial_plus_exports_plus_seed_plus_domestic_other_use,Derived inside Maize demand store,D:\ncel2\ncel-commodity-pricing\SnD\demand\maize\build_maize_demand_store.py,derived
2020-11-01,2020/21,domestic_other_use,Domestic other use,0.681296,million_tonnes,annual_total_demand_to_monthly_other_proxy,Local maize supply-demand balance,D:\ncel2\ncel-commodity-pricing\SnD\supply\maize\maize_supply_factors.db,not_found_cleanly
2020-11-01,2020/21,ethanol_demand_signal,Ethanol demand signal,35.0,index_100,curated_step_signal,Curated Maize demand profile,D:\ncel2\ncel-commodity-pricing\SnD\demand\maize\build_maize_demand_store.py,curated
2020-11-01,2020/21,exports,Exports,0.05214,million_tonnes,annual_exports_to_monthly_proxy,APEDA Product Page + proxy,https://apeda.gov.in/,partially_available
2020-11-01,2020/21,feed_use,Feed use,1.594536,million_tonnes,annual_total_demand_to_monthly_feed_proxy,Local maize supply-demand balance,D:\ncel2\ncel-commodity-pricing\SnD\supply\maize\maize_supply_factors.db,mixed
2020-11-01,2020/21,industrial_use,Industrial use,0.316,million_tonnes,annual_total_demand_to_monthly_industrial_proxy,Local maize supply-demand balance,D:\ncel2\ncel-commodity-pricing\SnD\supply\maize\maize_supply_factors.db,not_found_cleanly
2020-11-01,2020/21,policy_changes,Policy changes,0.0,policy_index,curated_event_series,Curated Maize demand profile,D:\ncel2\ncel-commodity-pricing\SnD\demand\maize\build_maize_demand_store.py,curated
2020-11-01,2020/21,population_trend,Population / consumption trend,1391.175,million_people,annual_population_to_monthly_interpolation,Interpolated population trend,D:\ncel2\ncel-commodity-pricing\SnD\demand\maize\build_maize_demand_store.py,annual_only
2020-11-01,2020/21,poultry_demand_cycle,Poultry demand cycle,107.0,index_100,curated_monthly_poultry_cycle,Curated Maize demand profile,D:\ncel2\ncel-commodity-pricing\SnD\demand\maize\build_maize_demand_store.py,curated
2020-11-01,2020/21,retail_price_pressure,Retail / mandi price pressure,100.0,index_100,monthly_national_maize_price_index,Local maize support store,D:\ncel2\ncel-commodity-pricing\backend\data\maize_model_support.db,available
2020-11-01,2020/21,seed_use,Seed use,0.20224,million_tonnes,annual_seed_to_monthly_sowing_proxy,Derived sowing proxy,D:\ncel2\ncel-commodity-pricing\SnD\demand\maize\build_maize_demand_store.py,not_found_cleanly
2020-11-01,2020/21,substitution_effect,Substitution effect,100.0,index_100,monthly_maize_vs_wheat_ratio_index,Local maize vs wheat support stores,D:\ncel2\ncel-commodity-pricing\backend\data\maize_model_support.db | D:\ncel2\ncel-commodity-pricing\backend\data\wheat_model_support.db,available
2020-11-01,2020/21,total_demand_monthly,Total demand monthly,2.846212,million_tonnes,feed_plus_industrial_plus_exports_plus_seed_plus_domestic_other_use,Derived inside Maize demand store,D:\ncel2\ncel-commodity-pricing\SnD\demand\maize\build_maize_demand_store.py,derived
2020-12-01,2020/21,domestic_other_use,Domestic other use,0.681296,million_tonnes,annual_total_demand_to_monthly_other_proxy,Local maize supply-demand balance,D:\ncel2\ncel-commodity-pricing\SnD\supply\maize\maize_supply_factors.db,not_found_cleanly
2020-12-01,2020/21,ethanol_demand_signal,Ethanol demand signal,35.0,index_100,curated_step_signal,Curated Maize demand profile,D:\ncel2\ncel-commodity-pricing\SnD\demand\maize\build_maize_demand_store.py,curated
2020-12-01,2020/21,exports,Exports,0.0474,million_tonnes,annual_exports_to_monthly_proxy,APEDA Product Page + proxy,https://apeda.gov.in/,partially_available
2020-12-01,2020/21,feed_use,Feed use,1.612864,million_tonnes,annual_total_demand_to_monthly_feed_proxy,Local maize supply-demand balance,D:\ncel2\ncel-commodity-pricing\SnD\supply\maize\maize_supply_factors.db,mixed
2020-12-01,2020/21,industrial_use,Industrial use,0.316,million_tonnes,annual_total_demand_to_monthly_industrial_proxy,Local maize supply-demand balance,D:\ncel2\ncel-commodity-pricing\SnD\supply\maize\maize_supply_factors.db,not_found_cleanly
2020-12-01,2020/21,policy_changes,Policy changes,0.0,policy_index,curated_event_series,Curated Maize demand profile,D:\ncel2\ncel-commodity-pricing\SnD\demand\maize\build_maize_demand_store.py,curated
2020-12-01,2020/21,population_trend,Population / consumption trend,1392.2925,million_people,annual_population_to_monthly_interpolation,Interpolated population trend,D:\ncel2\ncel-commodity-pricing\SnD\demand\maize\build_maize_demand_store.py,annual_only
2020-12-01,2020/21,poultry_demand_cycle,Poultry demand cycle,107.0,index_100,curated_monthly_poultry_cycle,Curated Maize demand profile,D:\ncel2\ncel-commodity-pricing\SnD\demand\maize\build_maize_demand_store.py,curated
2020-12-01,2020/21,retail_price_pressure,Retail / mandi price pressure,100.0,index_100,monthly_national_maize_price_index,Local maize support store,D:\ncel2\ncel-commodity-pricing\backend\data\maize_model_support.db,available
2020-12-01,2020/21,seed_use,Seed use,0.08848,million_tonnes,annual_seed_to_monthly_sowing_proxy,Derived sowing proxy,D:\ncel2\ncel-commodity-pricing\SnD\demand\maize\build_maize_demand_store.py,not_found_cleanly
2020-12-01,2020/21,substitution_effect,Substitution effect,100.0,index_100,monthly_maize_vs_wheat_ratio_index,Local maize vs wheat support stores,D:\ncel2\ncel-commodity-pricing\backend\data\maize_model_support.db | D:\ncel2\ncel-commodity-pricing\backend\data\wheat_model_support.db,available
2020-12-01,2020/21,total_demand_monthly,Total demand monthly,2.74604,million_tonnes,feed_plus_industrial_plus_exports_plus_seed_plus_domestic_other_use,Derived inside Maize demand store,D:\ncel2\ncel-commodity-pricing\SnD\demand\maize\build_maize_demand_store.py,derived
2021-01-01,2020/21,domestic_other_use,Domestic other use,0.634844,million_tonnes,annual_total_demand_to_monthly_other_proxy,Local maize supply-demand balance,D:\ncel2\ncel-commodity-pricing\SnD\supply\maize\maize_supply_factors.db,not_found_cleanly
2021-01-01,2020/21,ethanol_demand_signal,Ethanol demand signal,45.0,index_100,curated_step_signal,Curated Maize demand profile,D:\ncel2\ncel-commodity-pricing\SnD\demand\maize\build_maize_demand_store.py,curated
2021-01-01,2020/21,exports,Exports,0.04266,million_tonnes,annual_exports_to_monthly_proxy,APEDA Product Page + proxy,https://apeda.gov.in/,partially_available
2021-01-01,2020/21,feed_use,Feed use,1.576208,million_tonnes,annual_total_demand_to_monthly_feed_proxy,Local maize supply-demand balance,D:\ncel2\ncel-commodity-pricing\SnD\supply\maize\maize_supply_factors.db,mixed
2021-01-01,2020/21,industrial_use,Industrial use,0.316,million_tonnes,annual_total_demand_to_monthly_industrial_proxy,Local maize supply-demand balance,D:\ncel2\ncel-commodity-pricing\SnD\supply\maize\maize_supply_factors.db,not_found_cleanly
2021-01-01,2020/21,policy_changes,Policy changes,0.0,policy_index,curated_event_series,Curated Maize demand profile,D:\ncel2\ncel-commodity-pricing\SnD\demand\maize\build_maize_demand_store.py,curated
2021-01-01,2020/21,population_trend,Population / consumption trend,1393.41,million_people,annual_population_to_monthly_interpolation,Interpolated population trend,D:\ncel2\ncel-commodity-pricing\SnD\demand\maize\build_maize_demand_store.py,annual_only
2021-01-01,2020/21,poultry_demand_cycle,Poultry demand cycle,102.0,index_100,curated_monthly_poultry_cycle,Curated Maize demand profile,D:\ncel2\ncel-commodity-pricing\SnD\demand\maize\build_maize_demand_store.py,curated
2021-01-01,2020/21,retail_price_pressure,Retail / mandi price pressure,100.0,index_100,monthly_national_maize_price_index,Local maize support store,D:\ncel2\ncel-commodity-pricing\backend\data\maize_model_support.db,available
2021-01-01,2020/21,seed_use,Seed use,0.01264,million_tonnes,annual_seed_to_monthly_sowing_proxy,Derived sowing proxy,D:\ncel2\ncel-commodity-pricing\SnD\demand\maize\build_maize_demand_store.py,not_found_cleanly
2021-01-01,2020/21,substitution_effect,Substitution effect,100.0,index_100,monthly_maize_vs_wheat_ratio_index,Local maize vs wheat support stores,D:\ncel2\ncel-commodity-pricing\backend\data\maize_model_support.db | D:\ncel2\ncel-commodity-pricing\backend\data\wheat_model_support.db,available
2021-01-01,2020/21,total_demand_monthly,Total demand monthly,2.582352,million_tonnes,feed_plus_industrial_plus_exports_plus_seed_plus_domestic_other_use,Derived inside Maize demand store,D:\ncel2\ncel-commodity-pricing\SnD\demand\maize\build_maize_demand_store.py,derived
2021-02-01,2020/21,domestic_other_use,Domestic other use,0.627102,million_tonnes,annual_total_demand_to_monthly_other_proxy,Local maize supply-demand balance,D:\ncel2\ncel-commodity-pricing\SnD\supply\maize\maize_supply_factors.db,not_found_cleanly
2021-02-01,2020/21,ethanol_demand_signal,Ethanol demand signal,45.0,index_100,curated_step_signal,Curated Maize demand profile,D:\ncel2\ncel-commodity-pricing\SnD\demand\maize\build_maize_demand_store.py,curated
2021-02-01,2020/21,exports,Exports,0.04266,million_tonnes,annual_exports_to_monthly_proxy,APEDA Product Page + proxy,https://apeda.gov.in/,partially_available
2021-02-01,2020/21,feed_use,Feed use,1.539552,million_tonnes,annual_total_demand_to_monthly_feed_proxy,Local maize supply-demand balance,D:\ncel2\ncel-commodity-pricing\SnD\supply\maize\maize_supply_factors.db,mixed
2021-02-01,2020/21,industrial_use,Industrial use,0.316,million_tonnes,annual_total_demand_to_monthly_industrial_proxy,Local maize supply-demand balance,D:\ncel2\ncel-commodity-pricing\SnD\supply\maize\maize_supply_factors.db,not_found_cleanly
2021-02-01,2020/21,policy_changes,Policy changes,0.0,policy_index,curated_event_series,Curated Maize demand profile,D:\ncel2\ncel-commodity-pricing\SnD\demand\maize\build_maize_demand_store.py,curated
2021-02-01,2020/21,population_trend,Population / consumption trend,1394.511667,million_people,annual_population_to_monthly_interpolation,Interpolated population trend,D:\ncel2\ncel-commodity-pricing\SnD\demand\maize\build_maize_demand_store.py,annual_only
2021-02-01,2020/21,poultry_demand_cycle,Poultry demand cycle,101.0,index_100,curated_monthly_poultry_cycle,Curated Maize demand profile,D:\ncel2\ncel-commodity-pricing\SnD\demand\maize\build_maize_demand_store.py,curated
2021-02-01,2020/21,retail_price_pressure,Retail / mandi price pressure,100.0,index_100,monthly_national_maize_price_index,Local maize support store,D:\ncel2\ncel-commodity-pricing\backend\data\maize_model_support.db,available
2021-02-01,2020/21,seed_use,Seed use,0.01264,million_tonnes,annual_seed_to_monthly_sowing_proxy,Derived sowing proxy,D:\ncel2\ncel-commodity-pricing\SnD\demand\maize\build_maize_demand_store.py,not_found_cleanly
2021-02-01,2020/21,substitution_effect,Substitution effect,100.0,index_100,monthly_maize_vs_wheat_ratio_index,Local maize vs wheat support stores,D:\ncel2\ncel-commodity-pricing\backend\data\maize_model_support.db | D:\ncel2\ncel-commodity-pricing\backend\data\wheat_model_support.db,available
2021-02-01,2020/21,total_demand_monthly,Total demand monthly,2.537954,million_tonnes,feed_plus_industrial_plus_exports_plus_seed_plus_domestic_other_use,Derived inside Maize demand store,D:\ncel2\ncel-commodity-pricing\SnD\demand\maize\build_maize_demand_store.py,derived
2021-03-01,2020/21,domestic_other_use,Domestic other use,0.627102,million_tonnes,annual_total_demand_to_monthly_other_proxy,Local maize supply-demand balance,D:\ncel2\ncel-commodity-pricing\SnD\supply\maize\maize_supply_factors.db,not_found_cleanly
2021-03-01,2020/21,ethanol_demand_signal,Ethanol demand signal,45.0,index_100,curated_step_signal,Curated Maize demand profile,D:\ncel2\ncel-commodity-pricing\SnD\demand\maize\build_maize_demand_store.py,curated
2021-03-01,2020/21,exports,Exports,0.03792,million_tonnes,annual_exports_to_monthly_proxy,APEDA Product Page + proxy,https://apeda.gov.in/,partially_available
2021-03-01,2020/21,feed_use,Feed use,1.502896,million_tonnes,annual_total_demand_to_monthly_feed_proxy,Local maize supply-demand balance,D:\ncel2\ncel-commodity-pricing\SnD\supply\maize\maize_supply_factors.db,mixed
2021-03-01,2020/21,industrial_use,Industrial use,0.316,million_tonnes,annual_total_demand_to_monthly_industrial_proxy,Local maize supply-demand balance,D:\ncel2\ncel-commodity-pricing\SnD\supply\maize\maize_supply_factors.db,not_found_cleanly
2021-03-01,2020/21,policy_changes,Policy changes,0.0,policy_index,curated_event_series,Curated Maize demand profile,D:\ncel2\ncel-commodity-pricing\SnD\demand\maize\build_maize_demand_store.py,curated
2021-03-01,2020/21,population_trend,Population / consumption trend,1395.613333,million_people,annual_population_to_monthly_interpolation,Interpolated population trend,D:\ncel2\ncel-commodity-pricing\SnD\demand\maize\build_maize_demand_store.py,annual_only
2021-03-01,2020/21,poultry_demand_cycle,Poultry demand cycle,99.0,index_100,curated_monthly_poultry_cycle,Curated Maize demand profile,D:\ncel2\ncel-commodity-pricing\SnD\demand\maize\build_maize_demand_store.py,curated
2021-03-01,2020/21,retail_price_pressure,Retail / mandi price pressure,100.0,index_100,monthly_national_maize_price_index,Local maize support store,D:\ncel2\ncel-commodity-pricing\backend\data\maize_model_support.db,available
2021-03-01,2020/21,seed_use,Seed use,0.01264,million_tonnes,annual_seed_to_monthly_sowing_proxy,Derived sowing proxy,D:\ncel2\ncel-commodity-pricing\SnD\demand\maize\build_maize_demand_store.py,not_found_cleanly
2021-03-01,2020/21,substitution_effect,Substitution effect,100.0,index_100,monthly_maize_vs_wheat_ratio_index,Local maize vs wheat support stores,D:\ncel2\ncel-commodity-pricing\backend\data\maize_model_support.db | D:\ncel2\ncel-commodity-pricing\backend\data\wheat_model_support.db,available
2021-03-01,2020/21,total_demand_monthly,Total demand monthly,2.496558,million_tonnes,feed_plus_industrial_plus_exports_plus_seed_plus_domestic_other_use,Derived inside Maize demand store,D:\ncel2\ncel-commodity-pricing\SnD\demand\maize\build_maize_demand_store.py,derived
2021-04-01,2021/22,domestic_other_use,Domestic other use,0.668777,million_tonnes,annual_total_demand_to_monthly_other_proxy,Local maize supply-demand balance,D:\ncel2\ncel-commodity-pricing\SnD\supply\maize\maize_supply_factors.db,not_found_cleanly
2021-04-01,2021/22,ethanol_demand_signal,Ethanol demand signal,45.0,index_100,curated_step_signal,Curated Maize demand profile,D:\ncel2\ncel-commodity-pricing\SnD\demand\maize\build_maize_demand_store.py,curated
2021-04-01,2021/22,exports,Exports,0.035385,million_tonnes,annual_exports_to_monthly_proxy,APEDA Product Page + proxy,https://apeda.gov.in/,partially_available
2021-04-01,2021/22,feed_use,Feed use,1.544134,million_tonnes,annual_total_demand_to_monthly_feed_proxy,Local maize supply-demand balance,D:\ncel2\ncel-commodity-pricing\SnD\supply\maize\maize_supply_factors.db,mixed
2021-04-01,2021/22,industrial_use,Industrial use,0.337,million_tonnes,annual_total_demand_to_monthly_industrial_proxy,Local maize supply-demand balance,D:\ncel2\ncel-commodity-pricing\SnD\supply\maize\maize_supply_factors.db,not_found_cleanly
2021-04-01,2021/22,policy_changes,Policy changes,0.0,policy_index,curated_event_series,Curated Maize demand profile,D:\ncel2\ncel-commodity-pricing\SnD\demand\maize\build_maize_demand_store.py,curated
2021-04-01,2021/22,population_trend,Population / consumption trend,1396.715,million_people,annual_population_to_monthly_interpolation,Interpolated population trend,D:\ncel2\ncel-commodity-pricing\SnD\demand\maize\build_maize_demand_store.py,annual_only
2021-04-01,2021/22,poultry_demand_cycle,Poultry demand cycle,97.0,index_100,curated_monthly_poultry_cycle,Curated Maize demand profile,D:\ncel2\ncel-commodity-pricing\SnD\demand\maize\build_maize_demand_store.py,curated
2021-04-01,2021/22,retail_price_pressure,Retail / mandi price pressure,100.0,index_100,monthly_national_maize_price_index,Local maize support store,D:\ncel2\ncel-commodity-pricing\backend\data\maize_model_support.db,available
2021-04-01,2021/22,seed_use,Seed use,0.02696,million_tonnes,annual_seed_to_monthly_sowing_proxy,Derived sowing proxy,D:\ncel2\ncel-commodity-pricing\SnD\demand\maize\build_maize_demand_store.py,not_found_cleanly
2021-04-01,2021/22,substitution_effect,Substitution effect,100.0,index_100,monthly_maize_vs_wheat_ratio_index,Local maize vs wheat support stores,D:\ncel2\ncel-commodity-pricing\backend\data\maize_model_support.db | D:\ncel2\ncel-commodity-pricing\backend\data\wheat_model_support.db,available
2021-04-01,2021/22,total_demand_monthly,Total demand monthly,2.612256,million_tonnes,feed_plus_industrial_plus_exports_plus_seed_plus_domestic_other_use,Derived inside Maize demand store,D:\ncel2\ncel-commodity-pricing\SnD\demand\maize\build_maize_demand_store.py,derived
2021-05-01,2021/22,domestic_other_use,Domestic other use,0.668777,million_tonnes,annual_total_demand_to_monthly_other_proxy,Local maize supply-demand balance,D:\ncel2\ncel-commodity-pricing\SnD\supply\maize\maize_supply_factors.db,not_found_cleanly
2021-05-01,2021/22,ethanol_demand_signal,Ethanol demand signal,45.0,index_100,curated_step_signal,Curated Maize demand profile,D:\ncel2\ncel-commodity-pricing\SnD\demand\maize\build_maize_demand_store.py,curated
2021-05-01,2021/22,exports,Exports,0.035385,million_tonnes,annual_exports_to_monthly_proxy,APEDA Product Page + proxy,https://apeda.gov.in/,partially_available
2021-05-01,2021/22,feed_use,Feed use,1.544134,million_tonnes,annual_total_demand_to_monthly_feed_proxy,Local maize supply-demand balance,D:\ncel2\ncel-commodity-pricing\SnD\supply\maize\maize_supply_factors.db,mixed
2021-05-01,2021/22,industrial_use,Industrial use,0.337,million_tonnes,annual_total_demand_to_monthly_industrial_proxy,Local maize supply-demand balance,D:\ncel2\ncel-commodity-pricing\SnD\supply\maize\maize_supply_factors.db,not_found_cleanly
2021-05-01,2021/22,policy_changes,Policy changes,0.0,policy_index,curated_event_series,Curated Maize demand profile,D:\ncel2\ncel-commodity-pricing\SnD\demand\maize\build_maize_demand_store.py,curated
2021-05-01,2021/22,population_trend,Population / consumption trend,1397.816667,million_people,annual_population_to_monthly_interpolation,Interpolated population trend,D:\ncel2\ncel-commodity-pricing\SnD\demand\maize\build_maize_demand_store.py,annual_only
2021-05-01,2021/22,poultry_demand_cycle,Poultry demand cycle,96.0,index_100,curated_monthly_poultry_cycle,Curated Maize demand profile,D:\ncel2\ncel-commodity-pricing\SnD\demand\maize\build_maize_demand_store.py,curated
2021-05-01,2021/22,retail_price_pressure,Retail / mandi price pressure,100.0,index_100,monthly_national_maize_price_index,Local maize support store,D:\ncel2\ncel-commodity-pricing\backend\data\maize_model_support.db,available
2021-05-01,2021/22,seed_use,Seed use,0.05392,million_tonnes,annual_seed_to_monthly_sowing_proxy,Derived sowing proxy,D:\ncel2\ncel-commodity-pricing\SnD\demand\maize\build_maize_demand_store.py,not_found_cleanly
2021-05-01,2021/22,substitution_effect,Substitution effect,100.0,index_100,monthly_maize_vs_wheat_ratio_index,Local maize vs wheat support stores,D:\ncel2\ncel-commodity-pricing\backend\data\maize_model_support.db | D:\ncel2\ncel-commodity-pricing\backend\data\wheat_model_support.db,available
2021-05-01,2021/22,total_demand_monthly,Total demand monthly,2.639216,million_tonnes,feed_plus_industrial_plus_exports_plus_seed_plus_domestic_other_use,Derived inside Maize demand store,D:\ncel2\ncel-commodity-pricing\SnD\demand\maize\build_maize_demand_store.py,derived
2021-06-01,2021/22,domestic_other_use,Domestic other use,0.668777,million_tonnes,annual_total_demand_to_monthly_other_proxy,Local maize supply-demand balance,D:\ncel2\ncel-commodity-pricing\SnD\supply\maize\maize_supply_factors.db,not_found_cleanly
2021-06-01,2021/22,ethanol_demand_signal,Ethanol demand signal,45.0,index_100,curated_step_signal,Curated Maize demand profile,D:\ncel2\ncel-commodity-pricing\SnD\demand\maize\build_maize_demand_store.py,curated
2021-06-01,2021/22,exports,Exports,0.035385,million_tonnes,annual_exports_to_monthly_proxy,APEDA Product Page + proxy,https://apeda.gov.in/,partially_available
2021-06-01,2021/22,feed_use,Feed use,1.544134,million_tonnes,annual_total_demand_to_monthly_feed_proxy,Local maize supply-demand balance,D:\ncel2\ncel-commodity-pricing\SnD\supply\maize\maize_supply_factors.db,mixed
2021-06-01,2021/22,industrial_use,Industrial use,0.337,million_tonnes,annual_total_demand_to_monthly_industrial_proxy,Local maize supply-demand balance,D:\ncel2\ncel-commodity-pricing\SnD\supply\maize\maize_supply_factors.db,not_found_cleanly
2021-06-01,2021/22,policy_changes,Policy changes,0.0,policy_index,curated_event_series,Curated Maize demand profile,D:\ncel2\ncel-commodity-pricing\SnD\demand\maize\build_maize_demand_store.py,curated
2021-06-01,2021/22,population_trend,Population / consumption trend,1398.918333,million_people,annual_population_to_monthly_interpolation,Interpolated population trend,D:\ncel2\ncel-commodity-pricing\SnD\demand\maize\build_maize_demand_store.py,annual_only
2021-06-01,2021/22,poultry_demand_cycle,Poultry demand cycle,98.0,index_100,curated_monthly_poultry_cycle,Curated Maize demand profile,D:\ncel2\ncel-commodity-pricing\SnD\demand\maize\build_maize_demand_store.py,curated
2021-06-01,2021/22,retail_price_pressure,Retail / mandi price pressure,100.0,index_100,monthly_national_maize_price_index,Local maize support store,D:\ncel2\ncel-commodity-pricing\backend\data\maize_model_support.db,available
2021-06-01,2021/22,seed_use,Seed use,0.25612,million_tonnes,annual_seed_to_monthly_sowing_proxy,Derived sowing proxy,D:\ncel2\ncel-commodity-pricing\SnD\demand\maize\build_maize_demand_store.py,not_found_cleanly
2021-06-01,2021/22,substitution_effect,Substitution effect,100.0,index_100,monthly_maize_vs_wheat_ratio_index,Local maize vs wheat support stores,D:\ncel2\ncel-commodity-pricing\backend\data\maize_model_support.db | D:\ncel2\ncel-commodity-pricing\backend\data\wheat_model_support.db,available
2021-06-01,2021/22,total_demand_monthly,Total demand monthly,2.841416,million_tonnes,feed_plus_industrial_plus_exports_plus_seed_plus_domestic_other_use,Derived inside Maize demand store,D:\ncel2\ncel-commodity-pricing\SnD\demand\maize\build_maize_demand_store.py,derived
2021-07-01,2021/22,domestic_other_use,Domestic other use,0.68529,million_tonnes,annual_total_demand_to_monthly_other_proxy,Local maize supply-demand balance,D:\ncel2\ncel-commodity-pricing\SnD\supply\maize\maize_supply_factors.db,not_found_cleanly
2021-07-01,2021/22,ethanol_demand_signal,Ethanol demand signal,45.0,index_100,curated_step_signal,Curated Maize demand profile,D:\ncel2\ncel-commodity-pricing\SnD\demand\maize\build_maize_demand_store.py,curated
2021-07-01,2021/22,exports,Exports,0.035385,million_tonnes,annual_exports_to_monthly_proxy,APEDA Product Page + proxy,https://apeda.gov.in/,partially_available
2021-07-01,2021/22,feed_use,Feed use,1.602772,million_tonnes,annual_total_demand_to_monthly_feed_proxy,Local maize supply-demand balance,D:\ncel2\ncel-commodity-pricing\SnD\supply\maize\maize_supply_factors.db,mixed
2021-07-01,2021/22,industrial_use,Industrial use,0.337,million_tonnes,annual_total_demand_to_monthly_industrial_proxy,Local maize supply-demand balance,D:\ncel2\ncel-commodity-pricing\SnD\supply\maize\maize_supply_factors.db,not_found_cleanly
2021-07-01,2021/22,policy_changes,Policy changes,0.0,policy_index,curated_event_series,Curated Maize demand profile,D:\ncel2\ncel-commodity-pricing\SnD\demand\maize\build_maize_demand_store.py,curated
2021-07-01,2021/22,population_trend,Population / consumption trend,1400.02,million_people,annual_population_to_monthly_interpolation,Interpolated population trend,D:\ncel2\ncel-commodity-pricing\SnD\demand\maize\build_maize_demand_store.py,annual_only
2021-07-01,2021/22,poultry_demand_cycle,Poultry demand cycle,101.0,index_100,curated_monthly_poultry_cycle,Curated Maize demand profile,D:\ncel2\ncel-commodity-pricing\SnD\demand\maize\build_maize_demand_store.py,curated
2021-07-01,2021/22,retail_price_pressure,Retail / mandi price pressure,100.0,index_100,monthly_national_maize_price_index,Local maize support store,D:\ncel2\ncel-commodity-pricing\backend\data\maize_model_support.db,available
2021-07-01,2021/22,seed_use,Seed use,0.29656,million_tonnes,annual_seed_to_monthly_sowing_proxy,Derived sowing proxy,D:\ncel2\ncel-commodity-pricing\SnD\demand\maize\build_maize_demand_store.py,not_found_cleanly
2021-07-01,2021/22,substitution_effect,Substitution effect,100.0,index_100,monthly_maize_vs_wheat_ratio_index,Local maize vs wheat support stores,D:\ncel2\ncel-commodity-pricing\backend\data\maize_model_support.db | D:\ncel2\ncel-commodity-pricing\backend\data\wheat_model_support.db,available
2021-07-01,2021/22,total_demand_monthly,Total demand monthly,2.957007,million_tonnes,feed_plus_industrial_plus_exports_plus_seed_plus_domestic_other_use,Derived inside Maize demand store,D:\ncel2\ncel-commodity-pricing\SnD\demand\maize\build_maize_demand_store.py,derived
2021-08-01,2021/22,domestic_other_use,Domestic other use,0.693546,million_tonnes,annual_total_demand_to_monthly_other_proxy,Local maize supply-demand balance,D:\ncel2\ncel-commodity-pricing\SnD\supply\maize\maize_supply_factors.db,not_found_cleanly
2021-08-01,2021/22,ethanol_demand_signal,Ethanol demand signal,45.0,index_100,curated_step_signal,Curated Maize demand profile,D:\ncel2\ncel-commodity-pricing\SnD\demand\maize\build_maize_demand_store.py,curated
2021-08-01,2021/22,exports,Exports,0.035385,million_tonnes,annual_exports_to_monthly_proxy,APEDA Product Page + proxy,https://apeda.gov.in/,partially_available
2021-08-01,2021/22,feed_use,Feed use,1.641864,million_tonnes,annual_total_demand_to_monthly_feed_proxy,Local maize supply-demand balance,D:\ncel2\ncel-commodity-pricing\SnD\supply\maize\maize_supply_factors.db,mixed
2021-08-01,2021/22,industrial_use,Industrial use,0.337,million_tonnes,annual_total_demand_to_monthly_industrial_proxy,Local maize supply-demand balance,D:\ncel2\ncel-commodity-pricing\SnD\supply\maize\maize_supply_factors.db,not_found_cleanly
2021-08-01,2021/22,policy_changes,Policy changes,0.0,policy_index,curated_event_series,Curated Maize demand profile,D:\ncel2\ncel-commodity-pricing\SnD\demand\maize\build_maize_demand_store.py,curated
2021-08-01,2021/22,population_trend,Population / consumption trend,1401.121667,million_people,annual_population_to_monthly_interpolation,Interpolated population trend,D:\ncel2\ncel-commodity-pricing\SnD\demand\maize\build_maize_demand_store.py,annual_only
2021-08-01,2021/22,poultry_demand_cycle,Poultry demand cycle,103.0,index_100,curated_monthly_poultry_cycle,Curated Maize demand profile,D:\ncel2\ncel-commodity-pricing\SnD\demand\maize\build_maize_demand_store.py,curated
2021-08-01,2021/22,retail_price_pressure,Retail / mandi price pressure,100.0,index_100,monthly_national_maize_price_index,Local maize support store,D:\ncel2\ncel-commodity-pricing\backend\data\maize_model_support.db,available
2021-08-01,2021/22,seed_use,Seed use,0.10784,million_tonnes,annual_seed_to_monthly_sowing_proxy,Derived sowing proxy,D:\ncel2\ncel-commodity-pricing\SnD\demand\maize\build_maize_demand_store.py,not_found_cleanly
2021-08-01,2021/22,substitution_effect,Substitution effect,100.0,index_100,monthly_maize_vs_wheat_ratio_index,Local maize vs wheat support stores,D:\ncel2\ncel-commodity-pricing\backend\data\maize_model_support.db | D:\ncel2\ncel-commodity-pricing\backend\data\wheat_model_support.db,available
2021-08-01,2021/22,total_demand_monthly,Total demand monthly,2.815635,million_tonnes,feed_plus_industrial_plus_exports_plus_seed_plus_domestic_other_use,Derived inside Maize demand store,D:\ncel2\ncel-commodity-pricing\SnD\demand\maize\build_maize_demand_store.py,derived
2021-09-01,2021/22,domestic_other_use,Domestic other use,0.693546,million_tonnes,annual_total_demand_to_monthly_other_proxy,Local maize supply-demand balance,D:\ncel2\ncel-commodity-pricing\SnD\supply\maize\maize_supply_factors.db,not_found_cleanly
2021-09-01,2021/22,ethanol_demand_signal,Ethanol demand signal,45.0,index_100,curated_step_signal,Curated Maize demand profile,D:\ncel2\ncel-commodity-pricing\SnD\demand\maize\build_maize_demand_store.py,curated
2021-09-01,2021/22,exports,Exports,0.04044,million_tonnes,annual_exports_to_monthly_proxy,APEDA Product Page + proxy,https://apeda.gov.in/,partially_available
2021-09-01,2021/22,feed_use,Feed use,1.641864,million_tonnes,annual_total_demand_to_monthly_feed_proxy,Local maize supply-demand balance,D:\ncel2\ncel-commodity-pricing\SnD\supply\maize\maize_supply_factors.db,mixed
2021-09-01,2021/22,industrial_use,Industrial use,0.337,million_tonnes,annual_total_demand_to_monthly_industrial_proxy,Local maize supply-demand balance,D:\ncel2\ncel-commodity-pricing\SnD\supply\maize\maize_supply_factors.db,not_found_cleanly
2021-09-01,2021/22,policy_changes,Policy changes,0.0,policy_index,curated_event_series,Curated Maize demand profile,D:\ncel2\ncel-commodity-pricing\SnD\demand\maize\build_maize_demand_store.py,curated
2021-09-01,2021/22,population_trend,Population / consumption trend,1402.223333,million_people,annual_population_to_monthly_interpolation,Interpolated population trend,D:\ncel2\ncel-commodity-pricing\SnD\demand\maize\build_maize_demand_store.py,annual_only
2021-09-01,2021/22,poultry_demand_cycle,Poultry demand cycle,104.0,index_100,curated_monthly_poultry_cycle,Curated Maize demand profile,D:\ncel2\ncel-commodity-pricing\SnD\demand\maize\build_maize_demand_store.py,curated
2021-09-01,2021/22,retail_price_pressure,Retail / mandi price pressure,100.0,index_100,monthly_national_maize_price_index,Local maize support store,D:\ncel2\ncel-commodity-pricing\backend\data\maize_model_support.db,available
2021-09-01,2021/22,seed_use,Seed use,0.04044,million_tonnes,annual_seed_to_monthly_sowing_proxy,Derived sowing proxy,D:\ncel2\ncel-commodity-pricing\SnD\demand\maize\build_maize_demand_store.py,not_found_cleanly
2021-09-01,2021/22,substitution_effect,Substitution effect,100.0,index_100,monthly_maize_vs_wheat_ratio_index,Local maize vs wheat support stores,D:\ncel2\ncel-commodity-pricing\backend\data\maize_model_support.db | D:\ncel2\ncel-commodity-pricing\backend\data\wheat_model_support.db,available
2021-09-01,2021/22,total_demand_monthly,Total demand monthly,2.75329,million_tonnes,feed_plus_industrial_plus_exports_plus_seed_plus_domestic_other_use,Derived inside Maize demand store,D:\ncel2\ncel-commodity-pricing\SnD\demand\maize\build_maize_demand_store.py,derived
2021-10-01,2021/22,domestic_other_use,Domestic other use,0.710059,million_tonnes,annual_total_demand_to_monthly_other_proxy,Local maize supply-demand balance,D:\ncel2\ncel-commodity-pricing\SnD\supply\maize\maize_supply_factors.db,not_found_cleanly
2021-10-01,2021/22,ethanol_demand_signal,Ethanol demand signal,45.0,index_100,curated_step_signal,Curated Maize demand profile,D:\ncel2\ncel-commodity-pricing\SnD\demand\maize\build_maize_demand_store.py,curated
2021-10-01,2021/22,exports,Exports,0.05055,million_tonnes,annual_exports_to_monthly_proxy,APEDA Product Page + proxy,https://apeda.gov.in/,partially_available
2021-10-01,2021/22,feed_use,Feed use,1.680956,million_tonnes,annual_total_demand_to_monthly_feed_proxy,Local maize supply-demand balance,D:\ncel2\ncel-commodity-pricing\SnD\supply\maize\maize_supply_factors.db,mixed
2021-10-01,2021/22,industrial_use,Industrial use,0.337,million_tonnes,annual_total_demand_to_monthly_industrial_proxy,Local maize supply-demand balance,D:\ncel2\ncel-commodity-pricing\SnD\supply\maize\maize_supply_factors.db,not_found_cleanly
2021-10-01,2021/22,policy_changes,Policy changes,0.0,policy_index,curated_event_series,Curated Maize demand profile,D:\ncel2\ncel-commodity-pricing\SnD\demand\maize\build_maize_demand_store.py,curated
2021-10-01,2021/22,population_trend,Population / consumption trend,1403.325,million_people,annual_population_to_monthly_interpolation,Interpolated population trend,D:\ncel2\ncel-commodity-pricing\SnD\demand\maize\build_maize_demand_store.py,annual_only
2021-10-01,2021/22,poultry_demand_cycle,Poultry demand cycle,105.0,index_100,curated_monthly_poultry_cycle,Curated Maize demand profile,D:\ncel2\ncel-commodity-pricing\SnD\demand\maize\build_maize_demand_store.py,curated
2021-10-01,2021/22,retail_price_pressure,Retail / mandi price pressure,100.0,index_100,monthly_national_maize_price_index,Local maize support store,D:\ncel2\ncel-commodity-pricing\backend\data\maize_model_support.db,available
2021-10-01,2021/22,seed_use,Seed use,0.21568,million_tonnes,annual_seed_to_monthly_sowing_proxy,Derived sowing proxy,D:\ncel2\ncel-commodity-pricing\SnD\demand\maize\build_maize_demand_store.py,not_found_cleanly
2021-10-01,2021/22,substitution_effect,Substitution effect,100.0,index_100,monthly_maize_vs_wheat_ratio_index,Local maize vs wheat support stores,D:\ncel2\ncel-commodity-pricing\backend\data\maize_model_support.db | D:\ncel2\ncel-commodity-pricing\backend\data\wheat_model_support.db,available
2021-10-01,2021/22,total_demand_monthly,Total demand monthly,2.994245,million_tonnes,feed_plus_industrial_plus_exports_plus_seed_plus_domestic_other_use,Derived inside Maize demand store,D:\ncel2\ncel-commodity-pricing\SnD\demand\maize\build_maize_demand_store.py,derived
2021-11-01,2021/22,domestic_other_use,Domestic other use,0.726572,million_tonnes,annual_total_demand_to_monthly_other_proxy,Local maize supply-demand balance,D:\ncel2\ncel-commodity-pricing\SnD\supply\maize\maize_supply_factors.db,not_found_cleanly
2021-11-01,2021/22,ethanol_demand_signal,Ethanol demand signal,45.0,index_100,curated_step_signal,Curated Maize demand profile,D:\ncel2\ncel-commodity-pricing\SnD\demand\maize\build_maize_demand_store.py,curated
2021-11-01,2021/22,exports,Exports,0.055605,million_tonnes,annual_exports_to_monthly_proxy,APEDA Product Page + proxy,https://apeda.gov.in/,partially_available
2021-11-01,2021/22,feed_use,Feed use,1.700502,million_tonnes,annual_total_demand_to_monthly_feed_proxy,Local maize supply-demand balance,D:\ncel2\ncel-commodity-pricing\SnD\supply\maize\maize_supply_factors.db,mixed
2021-11-01,2021/22,industrial_use,Industrial use,0.337,million_tonnes,annual_total_demand_to_monthly_industrial_proxy,Local maize supply-demand balance,D:\ncel2\ncel-commodity-pricing\SnD\supply\maize\maize_supply_factors.db,not_found_cleanly
2021-11-01,2021/22,policy_changes,Policy changes,0.0,policy_index,curated_event_series,Curated Maize demand profile,D:\ncel2\ncel-commodity-pricing\SnD\demand\maize\build_maize_demand_store.py,curated
2021-11-01,2021/22,population_trend,Population / consumption trend,1404.426667,million_people,annual_population_to_monthly_interpolation,Interpolated population trend,D:\ncel2\ncel-commodity-pricing\SnD\demand\maize\build_maize_demand_store.py,annual_only
2021-11-01,2021/22,poultry_demand_cycle,Poultry demand cycle,107.0,index_100,curated_monthly_poultry_cycle,Curated Maize demand profile,D:\ncel2\ncel-commodity-pricing\SnD\demand\maize\build_maize_demand_store.py,curated
2021-11-01,2021/22,retail_price_pressure,Retail / mandi price pressure,100.0,index_100,monthly_national_maize_price_index,Local maize support store,D:\ncel2\ncel-commodity-pricing\backend\data\maize_model_support.db,available
2021-11-01,2021/22,seed_use,Seed use,0.21568,million_tonnes,annual_seed_to_monthly_sowing_proxy,Derived sowing proxy,D:\ncel2\ncel-commodity-pricing\SnD\demand\maize\build_maize_demand_store.py,not_found_cleanly
2021-11-01,2021/22,substitution_effect,Substitution effect,100.0,index_100,monthly_maize_vs_wheat_ratio_index,Local maize vs wheat support stores,D:\ncel2\ncel-commodity-pricing\backend\data\maize_model_support.db | D:\ncel2\ncel-commodity-pricing\backend\data\wheat_model_support.db,available
2021-11-01,2021/22,total_demand_monthly,Total demand monthly,3.035359,million_tonnes,feed_plus_industrial_plus_exports_plus_seed_plus_domestic_other_use,Derived inside Maize demand store,D:\ncel2\ncel-commodity-pricing\SnD\demand\maize\build_maize_demand_store.py,derived
2021-12-01,2021/22,domestic_other_use,Domestic other use,0.726572,million_tonnes,annual_total_demand_to_monthly_other_proxy,Local maize supply-demand balance,D:\ncel2\ncel-commodity-pricing\SnD\supply\maize\maize_supply_factors.db,not_found_cleanly
2021-12-01,2021/22,ethanol_demand_signal,Ethanol demand signal,45.0,index_100,curated_step_signal,Curated Maize demand profile,D:\ncel2\ncel-commodity-pricing\SnD\demand\maize\build_maize_demand_store.py,curated
2021-12-01,2021/22,exports,Exports,0.05055,million_tonnes,annual_exports_to_monthly_proxy,APEDA Product Page + proxy,https://apeda.gov.in/,partially_available
2021-12-01,2021/22,feed_use,Feed use,1.720048,million_tonnes,annual_total_demand_to_monthly_feed_proxy,Local maize supply-demand balance,D:\ncel2\ncel-commodity-pricing\SnD\supply\maize\maize_supply_factors.db,mixed
2021-12-01,2021/22,industrial_use,Industrial use,0.337,million_tonnes,annual_total_demand_to_monthly_industrial_proxy,Local maize supply-demand balance,D:\ncel2\ncel-commodity-pricing\SnD\supply\maize\maize_supply_factors.db,not_found_cleanly
2021-12-01,2021/22,policy_changes,Policy changes,0.0,policy_index,curated_event_series,Curated Maize demand profile,D:\ncel2\ncel-commodity-pricing\SnD\demand\maize\build_maize_demand_store.py,curated
2021-12-01,2021/22,population_trend,Population / consumption trend,1405.528333,million_people,annual_population_to_monthly_interpolation,Interpolated population trend,D:\ncel2\ncel-commodity-pricing\SnD\demand\maize\build_maize_demand_store.py,annual_only
2021-12-01,2021/22,poultry_demand_cycle,Poultry demand cycle,107.0,index_100,curated_monthly_poultry_cycle,Curated Maize demand profile,D:\ncel2\ncel-commodity-pricing\SnD\demand\maize\build_maize_demand_store.py,curated
2021-12-01,2021/22,retail_price_pressure,Retail / mandi price pressure,100.0,index_100,monthly_national_maize_price_index,Local maize support store,D:\ncel2\ncel-commodity-pricing\backend\data\maize_model_support.db,available
2021-12-01,2021/22,seed_use,Seed use,0.09436,million_tonnes,annual_seed_to_monthly_sowing_proxy,Derived sowing proxy,D:\ncel2\ncel-commodity-pricing\SnD\demand\maize\build_maize_demand_store.py,not_found_cleanly
2021-12-01,2021/22,substitution_effect,Substitution effect,100.0,index_100,monthly_maize_vs_wheat_ratio_index,Local maize vs wheat support stores,D:\ncel2\ncel-commodity-pricing\backend\data\maize_model_support.db | D:\ncel2\ncel-commodity-pricing\backend\data\wheat_model_support.db,available
2021-12-01,2021/22,total_demand_monthly,Total demand monthly,2.92853,million_tonnes,feed_plus_industrial_plus_exports_plus_seed_plus_domestic_other_use,Derived inside Maize demand store,D:\ncel2\ncel-commodity-pricing\SnD\demand\maize\build_maize_demand_store.py,derived
2022-01-01,2021/22,domestic_other_use,Domestic other use,0.677033,million_tonnes,annual_total_demand_to_monthly_other_proxy,Local maize supply-demand balance,D:\ncel2\ncel-commodity-pricing\SnD\supply\maize\maize_supply_factors.db,not_found_cleanly
2022-01-01,2021/22,ethanol_demand_signal,Ethanol demand signal,52.0,index_100,curated_step_signal,Curated Maize demand profile,D:\ncel2\ncel-commodity-pricing\SnD\demand\maize\build_maize_demand_store.py,curated
2022-01-01,2021/22,exports,Exports,0.045495,million_tonnes,annual_exports_to_monthly_proxy,APEDA Product Page + proxy,https://apeda.gov.in/,partially_available
2022-01-01,2021/22,feed_use,Feed use,1.680956,million_tonnes,annual_total_demand_to_monthly_feed_proxy,Local maize supply-demand balance,D:\ncel2\ncel-commodity-pricing\SnD\supply\maize\maize_supply_factors.db,mixed
2022-01-01,2021/22,industrial_use,Industrial use,0.337,million_tonnes,annual_total_demand_to_monthly_industrial_proxy,Local maize supply-demand balance,D:\ncel2\ncel-commodity-pricing\SnD\supply\maize\maize_supply_factors.db,not_found_cleanly
2022-01-01,2021/22,policy_changes,Policy changes,0.0,policy_index,curated_event_series,Curated Maize demand profile,D:\ncel2\ncel-commodity-pricing\SnD\demand\maize\build_maize_demand_store.py,curated
2022-01-01,2021/22,population_trend,Population / consumption trend,1406.63,million_people,annual_population_to_monthly_interpolation,Interpolated population trend,D:\ncel2\ncel-commodity-pricing\SnD\demand\maize\build_maize_demand_store.py,annual_only
2022-01-01,2021/22,poultry_demand_cycle,Poultry demand cycle,102.0,index_100,curated_monthly_poultry_cycle,Curated Maize demand profile,D:\ncel2\ncel-commodity-pricing\SnD\demand\maize\build_maize_demand_store.py,curated
2022-01-01,2021/22,retail_price_pressure,Retail / mandi price pressure,100.0,index_100,monthly_national_maize_price_index,Local maize support store,D:\ncel2\ncel-commodity-pricing\backend\data\maize_model_support.db,available
2022-01-01,2021/22,seed_use,Seed use,0.01348,million_tonnes,annual_seed_to_monthly_sowing_proxy,Derived sowing proxy,D:\ncel2\ncel-commodity-pricing\SnD\demand\maize\build_maize_demand_store.py,not_found_cleanly
2022-01-01,2021/22,substitution_effect,Substitution effect,100.0,index_100,monthly_maize_vs_wheat_ratio_index,Local maize vs wheat support stores,D:\ncel2\ncel-commodity-pricing\backend\data\maize_model_support.db | D:\ncel2\ncel-commodity-pricing\backend\data\wheat_model_support.db,available
2022-01-01,2021/22,total_demand_monthly,Total demand monthly,2.753964,million_tonnes,feed_plus_industrial_plus_exports_plus_seed_plus_domestic_other_use,Derived inside Maize demand store,D:\ncel2\ncel-commodity-pricing\SnD\demand\maize\build_maize_demand_store.py,derived
2022-02-01,2021/22,domestic_other_use,Domestic other use,0.668777,million_tonnes,annual_total_demand_to_monthly_other_proxy,Local maize supply-demand balance,D:\ncel2\ncel-commodity-pricing\SnD\supply\maize\maize_supply_factors.db,not_found_cleanly
2022-02-01,2021/22,ethanol_demand_signal,Ethanol demand signal,52.0,index_100,curated_step_signal,Curated Maize demand profile,D:\ncel2\ncel-commodity-pricing\SnD\demand\maize\build_maize_demand_store.py,curated
2022-02-01,2021/22,exports,Exports,0.045495,million_tonnes,annual_exports_to_monthly_proxy,APEDA Product Page + proxy,https://apeda.gov.in/,partially_available
2022-02-01,2021/22,feed_use,Feed use,1.641864,million_tonnes,annual_total_demand_to_monthly_feed_proxy,Local maize supply-demand balance,D:\ncel2\ncel-commodity-pricing\SnD\supply\maize\maize_supply_factors.db,mixed
2022-02-01,2021/22,industrial_use,Industrial use,0.337,million_tonnes,annual_total_demand_to_monthly_industrial_proxy,Local maize supply-demand balance,D:\ncel2\ncel-commodity-pricing\SnD\supply\maize\maize_supply_factors.db,not_found_cleanly
2022-02-01,2021/22,policy_changes,Policy changes,0.0,policy_index,curated_event_series,Curated Maize demand profile,D:\ncel2\ncel-commodity-pricing\SnD\demand\maize\build_maize_demand_store.py,curated
2022-02-01,2021/22,population_trend,Population / consumption trend,1408.463333,million_people,annual_population_to_monthly_interpolation,Interpolated population trend,D:\ncel2\ncel-commodity-pricing\SnD\demand\maize\build_maize_demand_store.py,annual_only
2022-02-01,2021/22,poultry_demand_cycle,Poultry demand cycle,101.0,index_100,curated_monthly_poultry_cycle,Curated Maize demand profile,D:\ncel2\ncel-commodity-pricing\SnD\demand\maize\build_maize_demand_store.py,curated
2022-02-01,2021/22,retail_price_pressure,Retail / mandi price pressure,100.0,index_100,monthly_national_maize_price_index,Local maize support store,D:\ncel2\ncel-commodity-pricing\backend\data\maize_model_support.db,available
2022-02-01,2021/22,seed_use,Seed use,0.01348,million_tonnes,annual_seed_to_monthly_sowing_proxy,Derived sowing proxy,D:\ncel2\ncel-commodity-pricing\SnD\demand\maize\build_maize_demand_store.py,not_found_cleanly
2022-02-01,2021/22,substitution_effect,Substitution effect,100.0,index_100,monthly_maize_vs_wheat_ratio_index,Local maize vs wheat support stores,D:\ncel2\ncel-commodity-pricing\backend\data\maize_model_support.db | D:\ncel2\ncel-commodity-pricing\backend\data\wheat_model_support.db,available
2022-02-01,2021/22,total_demand_monthly,Total demand monthly,2.706616,million_tonnes,feed_plus_industrial_plus_exports_plus_seed_plus_domestic_other_use,Derived inside Maize demand store,D:\ncel2\ncel-commodity-pricing\SnD\demand\maize\build_maize_demand_store.py,derived
2022-03-01,2021/22,domestic_other_use,Domestic other use,0.668777,million_tonnes,annual_total_demand_to_monthly_other_proxy,Local maize supply-demand balance,D:\ncel2\ncel-commodity-pricing\SnD\supply\maize\maize_supply_factors.db,not_found_cleanly
2022-03-01,2021/22,ethanol_demand_signal,Ethanol demand signal,52.0,index_100,curated_step_signal,Curated Maize demand profile,D:\ncel2\ncel-commodity-pricing\SnD\demand\maize\build_maize_demand_store.py,curated
2022-03-01,2021/22,exports,Exports,0.04044,million_tonnes,annual_exports_to_monthly_proxy,APEDA Product Page + proxy,https://apeda.gov.in/,partially_available
2022-03-01,2021/22,feed_use,Feed use,1.602772,million_tonnes,annual_total_demand_to_monthly_feed_proxy,Local maize supply-demand balance,D:\ncel2\ncel-commodity-pricing\SnD\supply\maize\maize_supply_factors.db,mixed
2022-03-01,2021/22,industrial_use,Industrial use,0.337,million_tonnes,annual_total_demand_to_monthly_industrial_proxy,Local maize supply-demand balance,D:\ncel2\ncel-commodity-pricing\SnD\supply\maize\maize_supply_factors.db,not_found_cleanly
2022-03-01,2021/22,policy_changes,Policy changes,0.0,policy_index,curated_event_series,Curated Maize demand profile,D:\ncel2\ncel-commodity-pricing\SnD\demand\maize\build_maize_demand_store.py,curated
2022-03-01,2021/22,population_trend,Population / consumption trend,1410.296667,million_people,annual_population_to_monthly_interpolation,Interpolated population trend,D:\ncel2\ncel-commodity-pricing\SnD\demand\maize\build_maize_demand_store.py,annual_only
2022-03-01,2021/22,poultry_demand_cycle,Poultry demand cycle,99.0,index_100,curated_monthly_poultry_cycle,Curated Maize demand profile,D:\ncel2\ncel-commodity-pricing\SnD\demand\maize\build_maize_demand_store.py,curated
2022-03-01,2021/22,retail_price_pressure,Retail / mandi price pressure,100.0,index_100,monthly_national_maize_price_index,Local maize support store,D:\ncel2\ncel-commodity-pricing\backend\data\maize_model_support.db,available
2022-03-01,2021/22,seed_use,Seed use,0.01348,million_tonnes,annual_seed_to_monthly_sowing_proxy,Derived sowing proxy,D:\ncel2\ncel-commodity-pricing\SnD\demand\maize\build_maize_demand_store.py,not_found_cleanly
2022-03-01,2021/22,substitution_effect,Substitution effect,100.0,index_100,monthly_maize_vs_wheat_ratio_index,Local maize vs wheat support stores,D:\ncel2\ncel-commodity-pricing\backend\data\maize_model_support.db | D:\ncel2\ncel-commodity-pricing\backend\data\wheat_model_support.db,available
2022-03-01,2021/22,total_demand_monthly,Total demand monthly,2.662469,million_tonnes,feed_plus_industrial_plus_exports_plus_seed_plus_domestic_other_use,Derived inside Maize demand store,D:\ncel2\ncel-commodity-pricing\SnD\demand\maize\build_maize_demand_store.py,derived
2022-04-01,2022/23,domestic_other_use,Domestic other use,0.749704,million_tonnes,annual_total_demand_to_monthly_other_proxy,Local maize supply-demand balance,D:\ncel2\ncel-commodity-pricing\SnD\supply\maize\maize_supply_factors.db,not_found_cleanly
2022-04-01,2022/23,ethanol_demand_signal,Ethanol demand signal,52.0,index_100,curated_step_signal,Curated Maize demand profile,D:\ncel2\ncel-commodity-pricing\SnD\demand\maize\build_maize_demand_store.py,curated
2022-04-01,2022/23,exports,Exports,0.040005,million_tonnes,annual_exports_to_monthly_proxy,APEDA Product Page + proxy,https://apeda.gov.in/,partially_available
2022-04-01,2022/23,feed_use,Feed use,1.733691,million_tonnes,annual_total_demand_to_monthly_feed_proxy,Local maize supply-demand balance,D:\ncel2\ncel-commodity-pricing\SnD\supply\maize\maize_supply_factors.db,mixed
2022-04-01,2022/23,industrial_use,Industrial use,0.37837,million_tonnes,annual_total_demand_to_monthly_industrial_proxy,Local maize supply-demand balance,D:\ncel2\ncel-commodity-pricing\SnD\supply\maize\maize_supply_factors.db,not_found_cleanly
2022-04-01,2022/23,policy_changes,Policy changes,0.0,policy_index,curated_event_series,Curated Maize demand profile,D:\ncel2\ncel-commodity-pricing\SnD\demand\maize\build_maize_demand_store.py,curated
2022-04-01,2022/23,population_trend,Population / consumption trend,1412.13,million_people,annual_population_to_monthly_interpolation,Interpolated population trend,D:\ncel2\ncel-commodity-pricing\SnD\demand\maize\build_maize_demand_store.py,annual_only
2022-04-01,2022/23,poultry_demand_cycle,Poultry demand cycle,97.0,index_100,curated_monthly_poultry_cycle,Curated Maize demand profile,D:\ncel2\ncel-commodity-pricing\SnD\demand\maize\build_maize_demand_store.py,curated
2022-04-01,2022/23,retail_price_pressure,Retail / mandi price pressure,100.0,index_100,monthly_national_maize_price_index,Local maize support store,D:\ncel2\ncel-commodity-pricing\backend\data\maize_model_support.db,available
2022-04-01,2022/23,seed_use,Seed use,0.03048,million_tonnes,annual_seed_to_monthly_sowing_proxy,Derived sowing proxy,D:\ncel2\ncel-commodity-pricing\SnD\demand\maize\build_maize_demand_store.py,not_found_cleanly
2022-04-01,2022/23,substitution_effect,Substitution effect,100.0,index_100,monthly_maize_vs_wheat_ratio_index,Local maize vs wheat support stores,D:\ncel2\ncel-commodity-pricing\backend\data\maize_model_support.db | D:\ncel2\ncel-commodity-pricing\backend\data\wheat_model_support.db,available
2022-04-01,2022/23,total_demand_monthly,Total demand monthly,2.93225,million_tonnes,feed_plus_industrial_plus_exports_plus_seed_plus_domestic_other_use,Derived inside Maize demand store,D:\ncel2\ncel-commodity-pricing\SnD\demand\maize\build_maize_demand_store.py,derived
2022-05-01,2022/23,domestic_other_use,Domestic other use,0.749704,million_tonnes,annual_total_demand_to_monthly_other_proxy,Local maize supply-demand balance,D:\ncel2\ncel-commodity-pricing\SnD\supply\maize\maize_supply_factors.db,not_found_cleanly
2022-05-01,2022/23,ethanol_demand_signal,Ethanol demand signal,52.0,index_100,curated_step_signal,Curated Maize demand profile,D:\ncel2\ncel-commodity-pricing\SnD\demand\maize\build_maize_demand_store.py,curated
2022-05-01,2022/23,exports,Exports,0.040005,million_tonnes,annual_exports_to_monthly_proxy,APEDA Product Page + proxy,https://apeda.gov.in/,partially_available
2022-05-01,2022/23,feed_use,Feed use,1.733691,million_tonnes,annual_total_demand_to_monthly_feed_proxy,Local maize supply-demand balance,D:\ncel2\ncel-commodity-pricing\SnD\supply\maize\maize_supply_factors.db,mixed
2022-05-01,2022/23,industrial_use,Industrial use,0.37837,million_tonnes,annual_total_demand_to_monthly_industrial_proxy,Local maize supply-demand balance,D:\ncel2\ncel-commodity-pricing\SnD\supply\maize\maize_supply_factors.db,not_found_cleanly
2022-05-01,2022/23,policy_changes,Policy changes,0.0,policy_index,curated_event_series,Curated Maize demand profile,D:\ncel2\ncel-commodity-pricing\SnD\demand\maize\build_maize_demand_store.py,curated
2022-05-01,2022/23,population_trend,Population / consumption trend,1413.963333,million_people,annual_population_to_monthly_interpolation,Interpolated population trend,D:\ncel2\ncel-commodity-pricing\SnD\demand\maize\build_maize_demand_store.py,annual_only
2022-05-01,2022/23,poultry_demand_cycle,Poultry demand cycle,96.0,index_100,curated_monthly_poultry_cycle,Curated Maize demand profile,D:\ncel2\ncel-commodity-pricing\SnD\demand\maize\build_maize_demand_store.py,curated
2022-05-01,2022/23,retail_price_pressure,Retail / mandi price pressure,100.0,index_100,monthly_national_maize_price_index,Local maize support store,D:\ncel2\ncel-commodity-pricing\backend\data\maize_model_support.db,available
2022-05-01,2022/23,seed_use,Seed use,0.06096,million_tonnes,annual_seed_to_monthly_sowing_proxy,Derived sowing proxy,D:\ncel2\ncel-commodity-pricing\SnD\demand\maize\build_maize_demand_store.py,not_found_cleanly
2022-05-01,2022/23,substitution_effect,Substitution effect,100.0,index_100,monthly_maize_vs_wheat_ratio_index,Local maize vs wheat support stores,D:\ncel2\ncel-commodity-pricing\backend\data\maize_model_support.db | D:\ncel2\ncel-commodity-pricing\backend\data\wheat_model_support.db,available
2022-05-01,2022/23,total_demand_monthly,Total demand monthly,2.96273,million_tonnes,feed_plus_industrial_plus_exports_plus_seed_plus_domestic_other_use,Derived inside Maize demand store,D:\ncel2\ncel-commodity-pricing\SnD\demand\maize\build_maize_demand_store.py,derived
2022-06-01,2022/23,domestic_other_use,Domestic other use,0.749704,million_tonnes,annual_total_demand_to_monthly_other_proxy,Local maize supply-demand balance,D:\ncel2\ncel-commodity-pricing\SnD\supply\maize\maize_supply_factors.db,not_found_cleanly
2022-06-01,2022/23,ethanol_demand_signal,Ethanol demand signal,52.0,index_100,curated_step_signal,Curated Maize demand profile,D:\ncel2\ncel-commodity-pricing\SnD\demand\maize\build_maize_demand_store.py,curated
2022-06-01,2022/23,exports,Exports,0.040005,million_tonnes,annual_exports_to_monthly_proxy,APEDA Product Page + proxy,https://apeda.gov.in/,partially_available
2022-06-01,2022/23,feed_use,Feed use,1.733691,million_tonnes,annual_total_demand_to_monthly_feed_proxy,Local maize supply-demand balance,D:\ncel2\ncel-commodity-pricing\SnD\supply\maize\maize_supply_factors.db,mixed
2022-06-01,2022/23,industrial_use,Industrial use,0.37837,million_tonnes,annual_total_demand_to_monthly_industrial_proxy,Local maize supply-demand balance,D:\ncel2\ncel-commodity-pricing\SnD\supply\maize\maize_supply_factors.db,not_found_cleanly
2022-06-01,2022/23,policy_changes,Policy changes,0.0,policy_index,curated_event_series,Curated Maize demand profile,D:\ncel2\ncel-commodity-pricing\SnD\demand\maize\build_maize_demand_store.py,curated
2022-06-01,2022/23,population_trend,Population / consumption trend,1415.796667,million_people,annual_population_to_monthly_interpolation,Interpolated population trend,D:\ncel2\ncel-commodity-pricing\SnD\demand\maize\build_maize_demand_store.py,annual_only
2022-06-01,2022/23,poultry_demand_cycle,Poultry demand cycle,98.0,index_100,curated_monthly_poultry_cycle,Curated Maize demand profile,D:\ncel2\ncel-commodity-pricing\SnD\demand\maize\build_maize_demand_store.py,curated
2022-06-01,2022/23,retail_price_pressure,Retail / mandi price pressure,100.0,index_100,monthly_national_maize_price_index,Local maize support store,D:\ncel2\ncel-commodity-pricing\backend\data\maize_model_support.db,available
2022-06-01,2022/23,seed_use,Seed use,0.28956,million_tonnes,annual_seed_to_monthly_sowing_proxy,Derived sowing proxy,D:\ncel2\ncel-commodity-pricing\SnD\demand\maize\build_maize_demand_store.py,not_found_cleanly
2022-06-01,2022/23,substitution_effect,Substitution effect,100.0,index_100,monthly_maize_vs_wheat_ratio_index,Local maize vs wheat support stores,D:\ncel2\ncel-commodity-pricing\backend\data\maize_model_support.db | D:\ncel2\ncel-commodity-pricing\backend\data\wheat_model_support.db,available
2022-06-01,2022/23,total_demand_monthly,Total demand monthly,3.19133,million_tonnes,feed_plus_industrial_plus_exports_plus_seed_plus_domestic_other_use,Derived inside Maize demand store,D:\ncel2\ncel-commodity-pricing\SnD\demand\maize\build_maize_demand_store.py,derived
2022-07-01,2022/23,domestic_other_use,Domestic other use,0.768215,million_tonnes,annual_total_demand_to_monthly_other_proxy,Local maize supply-demand balance,D:\ncel2\ncel-commodity-pricing\SnD\supply\maize\maize_supply_factors.db,not_found_cleanly
2022-07-01,2022/23,ethanol_demand_signal,Ethanol demand signal,52.0,index_100,curated_step_signal,Curated Maize demand profile,D:\ncel2\ncel-commodity-pricing\SnD\demand\maize\build_maize_demand_store.py,curated
2022-07-01,2022/23,exports,Exports,0.040005,million_tonnes,annual_exports_to_monthly_proxy,APEDA Product Page + proxy,https://apeda.gov.in/,partially_available
2022-07-01,2022/23,feed_use,Feed use,1.799528,million_tonnes,annual_total_demand_to_monthly_feed_proxy,Local maize supply-demand balance,D:\ncel2\ncel-commodity-pricing\SnD\supply\maize\maize_supply_factors.db,mixed
2022-07-01,2022/23,industrial_use,Industrial use,0.37837,million_tonnes,annual_total_demand_to_monthly_industrial_proxy,Local maize supply-demand balance,D:\ncel2\ncel-commodity-pricing\SnD\supply\maize\maize_supply_factors.db,not_found_cleanly
2022-07-01,2022/23,policy_changes,Policy changes,0.0,policy_index,curated_event_series,Curated Maize demand profile,D:\ncel2\ncel-commodity-pricing\SnD\demand\maize\build_maize_demand_store.py,curated
2022-07-01,2022/23,population_trend,Population / consumption trend,1417.63,million_people,annual_population_to_monthly_interpolation,Interpolated population trend,D:\ncel2\ncel-commodity-pricing\SnD\demand\maize\build_maize_demand_store.py,annual_only
2022-07-01,2022/23,poultry_demand_cycle,Poultry demand cycle,101.0,index_100,curated_monthly_poultry_cycle,Curated Maize demand profile,D:\ncel2\ncel-commodity-pricing\SnD\demand\maize\build_maize_demand_store.py,curated
2022-07-01,2022/23,retail_price_pressure,Retail / mandi price pressure,100.0,index_100,monthly_national_maize_price_index,Local maize support store,D:\ncel2\ncel-commodity-pricing\backend\data\maize_model_support.db,available
2022-07-01,2022/23,seed_use,Seed use,0.33528,million_tonnes,annual_seed_to_monthly_sowing_proxy,Derived sowing proxy,D:\ncel2\ncel-commodity-pricing\SnD\demand\maize\build_maize_demand_store.py,not_found_cleanly
2022-07-01,2022/23,substitution_effect,Substitution effect,100.0,index_100,monthly_maize_vs_wheat_ratio_index,Local maize vs wheat support stores,D:\ncel2\ncel-commodity-pricing\backend\data\maize_model_support.db | D:\ncel2\ncel-commodity-pricing\backend\data\wheat_model_support.db,available
2022-07-01,2022/23,total_demand_monthly,Total demand monthly,3.321398,million_tonnes,feed_plus_industrial_plus_exports_plus_seed_plus_domestic_other_use,Derived inside Maize demand store,D:\ncel2\ncel-commodity-pricing\SnD\demand\maize\build_maize_demand_store.py,derived
2022-08-01,2022/23,domestic_other_use,Domestic other use,0.77747,million_tonnes,annual_total_demand_to_monthly_other_proxy,Local maize supply-demand balance,D:\ncel2\ncel-commodity-pricing\SnD\supply\maize\maize_supply_factors.db,not_found_cleanly
2022-08-01,2022/23,ethanol_demand_signal,Ethanol demand signal,52.0,index_100,curated_step_signal,Curated Maize demand profile,D:\ncel2\ncel-commodity-pricing\SnD\demand\maize\build_maize_demand_store.py,curated
2022-08-01,2022/23,exports,Exports,0.040005,million_tonnes,annual_exports_to_monthly_proxy,APEDA Product Page + proxy,https://apeda.gov.in/,partially_available
2022-08-01,2022/23,feed_use,Feed use,1.843419,million_tonnes,annual_total_demand_to_monthly_feed_proxy,Local maize supply-demand balance,D:\ncel2\ncel-commodity-pricing\SnD\supply\maize\maize_supply_factors.db,mixed
2022-08-01,2022/23,industrial_use,Industrial use,0.37837,million_tonnes,annual_total_demand_to_monthly_industrial_proxy,Local maize supply-demand balance,D:\ncel2\ncel-commodity-pricing\SnD\supply\maize\maize_supply_factors.db,not_found_cleanly
2022-08-01,2022/23,policy_changes,Policy changes,55.0,policy_index,curated_event_series,Curated Maize demand profile,D:\ncel2\ncel-commodity-pricing\SnD\demand\maize\build_maize_demand_store.py,curated
2022-08-01,2022/23,population_trend,Population / consumption trend,1419.463333,million_people,annual_population_to_monthly_interpolation,Interpolated population trend,D:\ncel2\ncel-commodity-pricing\SnD\demand\maize\build_maize_demand_store.py,annual_only
2022-08-01,2022/23,poultry_demand_cycle,Poultry demand cycle,103.0,index_100,curated_monthly_poultry_cycle,Curated Maize demand profile,D:\ncel2\ncel-commodity-pricing\SnD\demand\maize\build_maize_demand_store.py,curated
2022-08-01,2022/23,retail_price_pressure,Retail / mandi price pressure,100.0,index_100,monthly_national_maize_price_index,Local maize support store,D:\ncel2\ncel-commodity-pricing\backend\data\maize_model_support.db,available
2022-08-01,2022/23,seed_use,Seed use,0.12192,million_tonnes,annual_seed_to_monthly_sowing_proxy,Derived sowing proxy,D:\ncel2\ncel-commodity-pricing\SnD\demand\maize\build_maize_demand_store.py,not_found_cleanly
2022-08-01,2022/23,substitution_effect,Substitution effect,100.0,index_100,monthly_maize_vs_wheat_ratio_index,Local maize vs wheat support stores,D:\ncel2\ncel-commodity-pricing\backend\data\maize_model_support.db | D:\ncel2\ncel-commodity-pricing\backend\data\wheat_model_support.db,available
2022-08-01,2022/23,total_demand_monthly,Total demand monthly,3.161184,million_tonnes,feed_plus_industrial_plus_exports_plus_seed_plus_domestic_other_use,Derived inside Maize demand store,D:\ncel2\ncel-commodity-pricing\SnD\demand\maize\build_maize_demand_store.py,derived
2022-09-01,2022/23,domestic_other_use,Domestic other use,0.77747,million_tonnes,annual_total_demand_to_monthly_other_proxy,Local maize supply-demand balance,D:\ncel2\ncel-commodity-pricing\SnD\supply\maize\maize_supply_factors.db,not_found_cleanly
2022-09-01,2022/23,ethanol_demand_signal,Ethanol demand signal,52.0,index_100,curated_step_signal,Curated Maize demand profile,D:\ncel2\ncel-commodity-pricing\SnD\demand\maize\build_maize_demand_store.py,curated
2022-09-01,2022/23,exports,Exports,0.04572,million_tonnes,annual_exports_to_monthly_proxy,APEDA Product Page + proxy,https://apeda.gov.in/,partially_available
2022-09-01,2022/23,feed_use,Feed use,1.843419,million_tonnes,annual_total_demand_to_monthly_feed_proxy,Local maize supply-demand balance,D:\ncel2\ncel-commodity-pricing\SnD\supply\maize\maize_supply_factors.db,mixed
2022-09-01,2022/23,industrial_use,Industrial use,0.37837,million_tonnes,annual_total_demand_to_monthly_industrial_proxy,Local maize supply-demand balance,D:\ncel2\ncel-commodity-pricing\SnD\supply\maize\maize_supply_factors.db,not_found_cleanly
2022-09-01,2022/23,policy_changes,Policy changes,0.0,policy_index,curated_event_series,Curated Maize demand profile,D:\ncel2\ncel-commodity-pricing\SnD\demand\maize\build_maize_demand_store.py,curated
2022-09-01,2022/23,population_trend,Population / consumption trend,1421.296667,million_people,annual_population_to_monthly_interpolation,Interpolated population trend,D:\ncel2\ncel-commodity-pricing\SnD\demand\maize\build_maize_demand_store.py,annual_only
2022-09-01,2022/23,poultry_demand_cycle,Poultry demand cycle,104.0,index_100,curated_monthly_poultry_cycle,Curated Maize demand profile,D:\ncel2\ncel-commodity-pricing\SnD\demand\maize\build_maize_demand_store.py,curated
2022-09-01,2022/23,retail_price_pressure,Retail / mandi price pressure,100.0,index_100,monthly_national_maize_price_index,Local maize support store,D:\ncel2\ncel-commodity-pricing\backend\data\maize_model_support.db,available
2022-09-01,2022/23,seed_use,Seed use,0.04572,million_tonnes,annual_seed_to_monthly_sowing_proxy,Derived sowing proxy,D:\ncel2\ncel-commodity-pricing\SnD\demand\maize\build_maize_demand_store.py,not_found_cleanly
2022-09-01,2022/23,substitution_effect,Substitution effect,100.0,index_100,monthly_maize_vs_wheat_ratio_index,Local maize vs wheat support stores,D:\ncel2\ncel-commodity-pricing\backend\data\maize_model_support.db | D:\ncel2\ncel-commodity-pricing\backend\data\wheat_model_support.db,available
2022-09-01,2022/23,total_demand_monthly,Total demand monthly,3.090699,million_tonnes,feed_plus_industrial_plus_exports_plus_seed_plus_domestic_other_use,Derived inside Maize demand store,D:\ncel2\ncel-commodity-pricing\SnD\demand\maize\build_maize_demand_store.py,derived
2022-10-01,2022/23,domestic_other_use,Domestic other use,0.795982,million_tonnes,annual_total_demand_to_monthly_other_proxy,Local maize supply-demand balance,D:\ncel2\ncel-commodity-pricing\SnD\supply\maize\maize_supply_factors.db,not_found_cleanly
2022-10-01,2022/23,ethanol_demand_signal,Ethanol demand signal,52.0,index_100,curated_step_signal,Curated Maize demand profile,D:\ncel2\ncel-commodity-pricing\SnD\demand\maize\build_maize_demand_store.py,curated
2022-10-01,2022/23,exports,Exports,0.05715,million_tonnes,annual_exports_to_monthly_proxy,APEDA Product Page + proxy,https://apeda.gov.in/,partially_available
2022-10-01,2022/23,feed_use,Feed use,1.88731,million_tonnes,annual_total_demand_to_monthly_feed_proxy,Local maize supply-demand balance,D:\ncel2\ncel-commodity-pricing\SnD\supply\maize\maize_supply_factors.db,mixed
2022-10-01,2022/23,industrial_use,Industrial use,0.37837,million_tonnes,annual_total_demand_to_monthly_industrial_proxy,Local maize supply-demand balance,D:\ncel2\ncel-commodity-pricing\SnD\supply\maize\maize_supply_factors.db,not_found_cleanly
2022-10-01,2022/23,policy_changes,Policy changes,0.0,policy_index,curated_event_series,Curated Maize demand profile,D:\ncel2\ncel-commodity-pricing\SnD\demand\maize\build_maize_demand_store.py,curated
2022-10-01,2022/23,population_trend,Population / consumption trend,1423.13,million_people,annual_population_to_monthly_interpolation,Interpolated population trend,D:\ncel2\ncel-commodity-pricing\SnD\demand\maize\build_maize_demand_store.py,annual_only
2022-10-01,2022/23,poultry_demand_cycle,Poultry demand cycle,105.0,index_100,curated_monthly_poultry_cycle,Curated Maize demand profile,D:\ncel2\ncel-commodity-pricing\SnD\demand\maize\build_maize_demand_store.py,curated
2022-10-01,2022/23,retail_price_pressure,Retail / mandi price pressure,100.0,index_100,monthly_national_maize_price_index,Local maize support store,D:\ncel2\ncel-commodity-pricing\backend\data\maize_model_support.db,available
2022-10-01,2022/23,seed_use,Seed use,0.24384,million_tonnes,annual_seed_to_monthly_sowing_proxy,Derived sowing proxy,D:\ncel2\ncel-commodity-pricing\SnD\demand\maize\build_maize_demand_store.py,not_found_cleanly
2022-10-01,2022/23,substitution_effect,Substitution effect,100.0,index_100,monthly_maize_vs_wheat_ratio_index,Local maize vs wheat support stores,D:\ncel2\ncel-commodity-pricing\backend\data\maize_model_support.db | D:\ncel2\ncel-commodity-pricing\backend\data\wheat_model_support.db,available
2022-10-01,2022/23,total_demand_monthly,Total demand monthly,3.362652,million_tonnes,feed_plus_industrial_plus_exports_plus_seed_plus_domestic_other_use,Derived inside Maize demand store,D:\ncel2\ncel-commodity-pricing\SnD\demand\maize\build_maize_demand_store.py,derived
2022-11-01,2022/23,domestic_other_use,Domestic other use,0.814493,million_tonnes,annual_total_demand_to_monthly_other_proxy,Local maize supply-demand balance,D:\ncel2\ncel-commodity-pricing\SnD\supply\maize\maize_supply_factors.db,not_found_cleanly
2022-11-01,2022/23,ethanol_demand_signal,Ethanol demand signal,52.0,index_100,curated_step_signal,Curated Maize demand profile,D:\ncel2\ncel-commodity-pricing\SnD\demand\maize\build_maize_demand_store.py,curated
2022-11-01,2022/23,exports,Exports,0.062865,million_tonnes,annual_exports_to_monthly_proxy,APEDA Product Page + proxy,https://apeda.gov.in/,partially_available
2022-11-01,2022/23,feed_use,Feed use,1.909255,million_tonnes,annual_total_demand_to_monthly_feed_proxy,Local maize supply-demand balance,D:\ncel2\ncel-commodity-pricing\SnD\supply\maize\maize_supply_factors.db,mixed
2022-11-01,2022/23,industrial_use,Industrial use,0.37837,million_tonnes,annual_total_demand_to_monthly_industrial_proxy,Local maize supply-demand balance,D:\ncel2\ncel-commodity-pricing\SnD\supply\maize\maize_supply_factors.db,not_found_cleanly
2022-11-01,2022/23,policy_changes,Policy changes,0.0,policy_index,curated_event_series,Curated Maize demand profile,D:\ncel2\ncel-commodity-pricing\SnD\demand\maize\build_maize_demand_store.py,curated
2022-11-01,2022/23,population_trend,Population / consumption trend,1424.963333,million_people,annual_population_to_monthly_interpolation,Interpolated population trend,D:\ncel2\ncel-commodity-pricing\SnD\demand\maize\build_maize_demand_store.py,annual_only
2022-11-01,2022/23,poultry_demand_cycle,Poultry demand cycle,107.0,index_100,curated_monthly_poultry_cycle,Curated Maize demand profile,D:\ncel2\ncel-commodity-pricing\SnD\demand\maize\build_maize_demand_store.py,curated
2022-11-01,2022/23,retail_price_pressure,Retail / mandi price pressure,100.0,index_100,monthly_national_maize_price_index,Local maize support store,D:\ncel2\ncel-commodity-pricing\backend\data\maize_model_support.db,available
2022-11-01,2022/23,seed_use,Seed use,0.24384,million_tonnes,annual_seed_to_monthly_sowing_proxy,Derived sowing proxy,D:\ncel2\ncel-commodity-pricing\SnD\demand\maize\build_maize_demand_store.py,not_found_cleanly
2022-11-01,2022/23,substitution_effect,Substitution effect,100.0,index_100,monthly_maize_vs_wheat_ratio_index,Local maize vs wheat support stores,D:\ncel2\ncel-commodity-pricing\backend\data\maize_model_support.db | D:\ncel2\ncel-commodity-pricing\backend\data\wheat_model_support.db,available
2022-11-01,2022/23,total_demand_monthly,Total demand monthly,3.408823,million_tonnes,feed_plus_industrial_plus_exports_plus_seed_plus_domestic_other_use,Derived inside Maize demand store,D:\ncel2\ncel-commodity-pricing\SnD\demand\maize\build_maize_demand_store.py,derived
2022-12-01,2022/23,domestic_other_use,Domestic other use,0.814493,million_tonnes,annual_total_demand_to_monthly_other_proxy,Local maize supply-demand balance,D:\ncel2\ncel-commodity-pricing\SnD\supply\maize\maize_supply_factors.db,not_found_cleanly
2022-12-01,2022/23,ethanol_demand_signal,Ethanol demand signal,52.0,index_100,curated_step_signal,Curated Maize demand profile,D:\ncel2\ncel-commodity-pricing\SnD\demand\maize\build_maize_demand_store.py,curated
2022-12-01,2022/23,exports,Exports,0.05715,million_tonnes,annual_exports_to_monthly_proxy,APEDA Product Page + proxy,https://apeda.gov.in/,partially_available
2022-12-01,2022/23,feed_use,Feed use,1.9312,million_tonnes,annual_total_demand_to_monthly_feed_proxy,Local maize supply-demand balance,D:\ncel2\ncel-commodity-pricing\SnD\supply\maize\maize_supply_factors.db,mixed
2022-12-01,2022/23,industrial_use,Industrial use,0.37837,million_tonnes,annual_total_demand_to_monthly_industrial_proxy,Local maize supply-demand balance,D:\ncel2\ncel-commodity-pricing\SnD\supply\maize\maize_supply_factors.db,not_found_cleanly
2022-12-01,2022/23,policy_changes,Policy changes,0.0,policy_index,curated_event_series,Curated Maize demand profile,D:\ncel2\ncel-commodity-pricing\SnD\demand\maize\build_maize_demand_store.py,curated
2022-12-01,2022/23,population_trend,Population / consumption trend,1426.796667,million_people,annual_population_to_monthly_interpolation,Interpolated population trend,D:\ncel2\ncel-commodity-pricing\SnD\demand\maize\build_maize_demand_store.py,annual_only
2022-12-01,2022/23,poultry_demand_cycle,Poultry demand cycle,107.0,index_100,curated_monthly_poultry_cycle,Curated Maize demand profile,D:\ncel2\ncel-commodity-pricing\SnD\demand\maize\build_maize_demand_store.py,curated
2022-12-01,2022/23,retail_price_pressure,Retail / mandi price pressure,100.0,index_100,monthly_national_maize_price_index,Local maize support store,D:\ncel2\ncel-commodity-pricing\backend\data\maize_model_support.db,available
2022-12-01,2022/23,seed_use,Seed use,0.10668,million_tonnes,annual_seed_to_monthly_sowing_proxy,Derived sowing proxy,D:\ncel2\ncel-commodity-pricing\SnD\demand\maize\build_maize_demand_store.py,not_found_cleanly
2022-12-01,2022/23,substitution_effect,Substitution effect,100.0,index_100,monthly_maize_vs_wheat_ratio_index,Local maize vs wheat support stores,D:\ncel2\ncel-commodity-pricing\backend\data\maize_model_support.db | D:\ncel2\ncel-commodity-pricing\backend\data\wheat_model_support.db,available
2022-12-01,2022/23,total_demand_monthly,Total demand monthly,3.287893,million_tonnes,feed_plus_industrial_plus_exports_plus_seed_plus_domestic_other_use,Derived inside Maize demand store,D:\ncel2\ncel-commodity-pricing\SnD\demand\maize\build_maize_demand_store.py,derived
2023-01-01,2022/23,domestic_other_use,Domestic other use,0.758959,million_tonnes,annual_total_demand_to_monthly_other_proxy,Local maize supply-demand balance,D:\ncel2\ncel-commodity-pricing\SnD\supply\maize\maize_supply_factors.db,not_found_cleanly
2023-01-01,2022/23,ethanol_demand_signal,Ethanol demand signal,60.0,index_100,curated_step_signal,Curated Maize demand profile,D:\ncel2\ncel-commodity-pricing\SnD\demand\maize\build_maize_demand_store.py,curated
2023-01-01,2022/23,exports,Exports,0.051435,million_tonnes,annual_exports_to_monthly_proxy,APEDA Product Page + proxy,https://apeda.gov.in/,partially_available
2023-01-01,2022/23,feed_use,Feed use,1.88731,million_tonnes,annual_total_demand_to_monthly_feed_proxy,Local maize supply-demand balance,D:\ncel2\ncel-commodity-pricing\SnD\supply\maize\maize_supply_factors.db,mixed
2023-01-01,2022/23,industrial_use,Industrial use,0.37837,million_tonnes,annual_total_demand_to_monthly_industrial_proxy,Local maize supply-demand balance,D:\ncel2\ncel-commodity-pricing\SnD\supply\maize\maize_supply_factors.db,not_found_cleanly
2023-01-01,2022/23,policy_changes,Policy changes,0.0,policy_index,curated_event_series,Curated Maize demand profile,D:\ncel2\ncel-commodity-pricing\SnD\demand\maize\build_maize_demand_store.py,curated
2023-01-01,2022/23,population_trend,Population / consumption trend,1428.63,million_people,annual_population_to_monthly_interpolation,Interpolated population trend,D:\ncel2\ncel-commodity-pricing\SnD\demand\maize\build_maize_demand_store.py,annual_only
2023-01-01,2022/23,poultry_demand_cycle,Poultry demand cycle,102.0,index_100,curated_monthly_poultry_cycle,Curated Maize demand profile,D:\ncel2\ncel-commodity-pricing\SnD\demand\maize\build_maize_demand_store.py,curated
2023-01-01,2022/23,retail_price_pressure,Retail / mandi price pressure,100.0,index_100,monthly_national_maize_price_index,Local maize support store,D:\ncel2\ncel-commodity-pricing\backend\data\maize_model_support.db,available
2023-01-01,2022/23,seed_use,Seed use,0.01524,million_tonnes,annual_seed_to_monthly_sowing_proxy,Derived sowing proxy,D:\ncel2\ncel-commodity-pricing\SnD\demand\maize\build_maize_demand_store.py,not_found_cleanly
2023-01-01,2022/23,substitution_effect,Substitution effect,100.0,index_100,monthly_maize_vs_wheat_ratio_index,Local maize vs wheat support stores,D:\ncel2\ncel-commodity-pricing\backend\data\maize_model_support.db | D:\ncel2\ncel-commodity-pricing\backend\data\wheat_model_support.db,available
2023-01-01,2022/23,total_demand_monthly,Total demand monthly,3.091314,million_tonnes,feed_plus_industrial_plus_exports_plus_seed_plus_domestic_other_use,Derived inside Maize demand store,D:\ncel2\ncel-commodity-pricing\SnD\demand\maize\build_maize_demand_store.py,derived
2023-02-01,2022/23,domestic_other_use,Domestic other use,0.749704,million_tonnes,annual_total_demand_to_monthly_other_proxy,Local maize supply-demand balance,D:\ncel2\ncel-commodity-pricing\SnD\supply\maize\maize_supply_factors.db,not_found_cleanly
2023-02-01,2022/23,ethanol_demand_signal,Ethanol demand signal,60.0,index_100,curated_step_signal,Curated Maize demand profile,D:\ncel2\ncel-commodity-pricing\SnD\demand\maize\build_maize_demand_store.py,curated
2023-02-01,2022/23,exports,Exports,0.051435,million_tonnes,annual_exports_to_monthly_proxy,APEDA Product Page + proxy,https://apeda.gov.in/,partially_available
2023-02-01,2022/23,feed_use,Feed use,1.843419,million_tonnes,annual_total_demand_to_monthly_feed_proxy,Local maize supply-demand balance,D:\ncel2\ncel-commodity-pricing\SnD\supply\maize\maize_supply_factors.db,mixed
2023-02-01,2022/23,industrial_use,Industrial use,0.37837,million_tonnes,annual_total_demand_to_monthly_industrial_proxy,Local maize supply-demand balance,D:\ncel2\ncel-commodity-pricing\SnD\supply\maize\maize_supply_factors.db,not_found_cleanly
2023-02-01,2022/23,policy_changes,Policy changes,0.0,policy_index,curated_event_series,Curated Maize demand profile,D:\ncel2\ncel-commodity-pricing\SnD\demand\maize\build_maize_demand_store.py,curated
2023-02-01,2022/23,population_trend,Population / consumption trend,1429.591667,million_people,annual_population_to_monthly_interpolation,Interpolated population trend,D:\ncel2\ncel-commodity-pricing\SnD\demand\maize\build_maize_demand_store.py,annual_only
2023-02-01,2022/23,poultry_demand_cycle,Poultry demand cycle,101.0,index_100,curated_monthly_poultry_cycle,Curated Maize demand profile,D:\ncel2\ncel-commodity-pricing\SnD\demand\maize\build_maize_demand_store.py,curated
2023-02-01,2022/23,retail_price_pressure,Retail / mandi price pressure,100.0,index_100,monthly_national_maize_price_index,Local maize support store,D:\ncel2\ncel-commodity-pricing\backend\data\maize_model_support.db,available
2023-02-01,2022/23,seed_use,Seed use,0.01524,million_tonnes,annual_seed_to_monthly_sowing_proxy,Derived sowing proxy,D:\ncel2\ncel-commodity-pricing\SnD\demand\maize\build_maize_demand_store.py,not_found_cleanly
2023-02-01,2022/23,substitution_effect,Substitution effect,100.0,index_100,monthly_maize_vs_wheat_ratio_index,Local maize vs wheat support stores,D:\ncel2\ncel-commodity-pricing\backend\data\maize_model_support.db | D:\ncel2\ncel-commodity-pricing\backend\data\wheat_model_support.db,available
2023-02-01,2022/23,total_demand_monthly,Total demand monthly,3.038168,million_tonnes,feed_plus_industrial_plus_exports_plus_seed_plus_domestic_other_use,Derived inside Maize demand store,D:\ncel2\ncel-commodity-pricing\SnD\demand\maize\build_maize_demand_store.py,derived
2023-03-01,2022/23,domestic_other_use,Domestic other use,0.749704,million_tonnes,annual_total_demand_to_monthly_other_proxy,Local maize supply-demand balance,D:\ncel2\ncel-commodity-pricing\SnD\supply\maize\maize_supply_factors.db,not_found_cleanly
2023-03-01,2022/23,ethanol_demand_signal,Ethanol demand signal,60.0,index_100,curated_step_signal,Curated Maize demand profile,D:\ncel2\ncel-commodity-pricing\SnD\demand\maize\build_maize_demand_store.py,curated
2023-03-01,2022/23,exports,Exports,0.04572,million_tonnes,annual_exports_to_monthly_proxy,APEDA Product Page + proxy,https://apeda.gov.in/,partially_available
2023-03-01,2022/23,feed_use,Feed use,1.799528,million_tonnes,annual_total_demand_to_monthly_feed_proxy,Local maize supply-demand balance,D:\ncel2\ncel-commodity-pricing\SnD\supply\maize\maize_supply_factors.db,mixed
2023-03-01,2022/23,industrial_use,Industrial use,0.37837,million_tonnes,annual_total_demand_to_monthly_industrial_proxy,Local maize supply-demand balance,D:\ncel2\ncel-commodity-pricing\SnD\supply\maize\maize_supply_factors.db,not_found_cleanly
2023-03-01,2022/23,policy_changes,Policy changes,0.0,policy_index,curated_event_series,Curated Maize demand profile,D:\ncel2\ncel-commodity-pricing\SnD\demand\maize\build_maize_demand_store.py,curated
2023-03-01,2022/23,population_trend,Population / consumption trend,1430.553333,million_people,annual_population_to_monthly_interpolation,Interpolated population trend,D:\ncel2\ncel-commodity-pricing\SnD\demand\maize\build_maize_demand_store.py,annual_only
2023-03-01,2022/23,poultry_demand_cycle,Poultry demand cycle,99.0,index_100,curated_monthly_poultry_cycle,Curated Maize demand profile,D:\ncel2\ncel-commodity-pricing\SnD\demand\maize\build_maize_demand_store.py,curated
2023-03-01,2022/23,retail_price_pressure,Retail / mandi price pressure,100.0,index_100,monthly_national_maize_price_index,Local maize support store,D:\ncel2\ncel-commodity-pricing\backend\data\maize_model_support.db,available
2023-03-01,2022/23,seed_use,Seed use,0.01524,million_tonnes,annual_seed_to_monthly_sowing_proxy,Derived sowing proxy,D:\ncel2\ncel-commodity-pricing\SnD\demand\maize\build_maize_demand_store.py,not_found_cleanly
2023-03-01,2022/23,substitution_effect,Substitution effect,100.0,index_100,monthly_maize_vs_wheat_ratio_index,Local maize vs wheat support stores,D:\ncel2\ncel-commodity-pricing\backend\data\maize_model_support.db | D:\ncel2\ncel-commodity-pricing\backend\data\wheat_model_support.db,available
2023-03-01,2022/23,total_demand_monthly,Total demand monthly,2.988562,million_tonnes,feed_plus_industrial_plus_exports_plus_seed_plus_domestic_other_use,Derived inside Maize demand store,D:\ncel2\ncel-commodity-pricing\SnD\demand\maize\build_maize_demand_store.py,derived
2023-04-01,2023/24,domestic_other_use,Domestic other use,0.744171,million_tonnes,annual_total_demand_to_monthly_other_proxy,Local maize supply-demand balance,D:\ncel2\ncel-commodity-pricing\SnD\supply\maize\maize_supply_factors.db,not_found_cleanly
2023-04-01,2023/24,ethanol_demand_signal,Ethanol demand signal,60.0,index_100,curated_step_signal,Curated Maize demand profile,D:\ncel2\ncel-commodity-pricing\SnD\demand\maize\build_maize_demand_store.py,curated
2023-04-01,2023/24,exports,Exports,0.039585,million_tonnes,annual_exports_to_monthly_proxy,APEDA Product Page + proxy,https://apeda.gov.in/,partially_available
2023-04-01,2023/24,feed_use,Feed use,1.7199,million_tonnes,annual_total_demand_to_monthly_feed_proxy,Local maize supply-demand balance,D:\ncel2\ncel-commodity-pricing\SnD\supply\maize\maize_supply_factors.db,mixed
2023-04-01,2023/24,industrial_use,Industrial use,0.37536,million_tonnes,annual_total_demand_to_monthly_industrial_proxy,Local maize supply-demand balance,D:\ncel2\ncel-commodity-pricing\SnD\supply\maize\maize_supply_factors.db,not_found_cleanly
2023-04-01,2023/24,policy_changes,Policy changes,0.0,policy_index,curated_event_series,Curated Maize demand profile,D:\ncel2\ncel-commodity-pricing\SnD\demand\maize\build_maize_demand_store.py,curated
2023-04-01,2023/24,population_trend,Population / consumption trend,1431.515,million_people,annual_population_to_monthly_interpolation,Interpolated population trend,D:\ncel2\ncel-commodity-pricing\SnD\demand\maize\build_maize_demand_store.py,annual_only
2023-04-01,2023/24,poultry_demand_cycle,Poultry demand cycle,97.0,index_100,curated_monthly_poultry_cycle,Curated Maize demand profile,D:\ncel2\ncel-commodity-pricing\SnD\demand\maize\build_maize_demand_store.py,curated
2023-04-01,2023/24,retail_price_pressure,Retail / mandi price pressure,100.0,index_100,monthly_national_maize_price_index,Local maize support store,D:\ncel2\ncel-commodity-pricing\backend\data\maize_model_support.db,available
2023-04-01,2023/24,seed_use,Seed use,0.03016,million_tonnes,annual_seed_to_monthly_sowing_proxy,Derived sowing proxy,D:\ncel2\ncel-commodity-pricing\SnD\demand\maize\build_maize_demand_store.py,not_found_cleanly
2023-04-01,2023/24,substitution_effect,Substitution effect,100.0,index_100,monthly_maize_vs_wheat_ratio_index,Local maize vs wheat support stores,D:\ncel2\ncel-commodity-pricing\backend\data\maize_model_support.db | D:\ncel2\ncel-commodity-pricing\backend\data\wheat_model_support.db,available
2023-04-01,2023/24,total_demand_monthly,Total demand monthly,2.909176,million_tonnes,feed_plus_industrial_plus_exports_plus_seed_plus_domestic_other_use,Derived inside Maize demand store,D:\ncel2\ncel-commodity-pricing\SnD\demand\maize\build_maize_demand_store.py,derived
2023-05-01,2023/24,domestic_other_use,Domestic other use,0.744171,million_tonnes,annual_total_demand_to_monthly_other_proxy,Local maize supply-demand balance,D:\ncel2\ncel-commodity-pricing\SnD\supply\maize\maize_supply_factors.db,not_found_cleanly
2023-05-01,2023/24,ethanol_demand_signal,Ethanol demand signal,60.0,index_100,curated_step_signal,Curated Maize demand profile,D:\ncel2\ncel-commodity-pricing\SnD\demand\maize\build_maize_demand_store.py,curated
2023-05-01,2023/24,exports,Exports,0.039585,million_tonnes,annual_exports_to_monthly_proxy,APEDA Product Page + proxy,https://apeda.gov.in/,partially_available
2023-05-01,2023/24,feed_use,Feed use,1.7199,million_tonnes,annual_total_demand_to_monthly_feed_proxy,Local maize supply-demand balance,D:\ncel2\ncel-commodity-pricing\SnD\supply\maize\maize_supply_factors.db,mixed
2023-05-01,2023/24,industrial_use,Industrial use,0.37536,million_tonnes,annual_total_demand_to_monthly_industrial_proxy,Local maize supply-demand balance,D:\ncel2\ncel-commodity-pricing\SnD\supply\maize\maize_supply_factors.db,not_found_cleanly
2023-05-01,2023/24,policy_changes,Policy changes,0.0,policy_index,curated_event_series,Curated Maize demand profile,D:\ncel2\ncel-commodity-pricing\SnD\demand\maize\build_maize_demand_store.py,curated
2023-05-01,2023/24,population_trend,Population / consumption trend,1432.476667,million_people,annual_population_to_monthly_interpolation,Interpolated population trend,D:\ncel2\ncel-commodity-pricing\SnD\demand\maize\build_maize_demand_store.py,annual_only
2023-05-01,2023/24,poultry_demand_cycle,Poultry demand cycle,96.0,index_100,curated_monthly_poultry_cycle,Curated Maize demand profile,D:\ncel2\ncel-commodity-pricing\SnD\demand\maize\build_maize_demand_store.py,curated
2023-05-01,2023/24,retail_price_pressure,Retail / mandi price pressure,100.0,index_100,monthly_national_maize_price_index,Local maize support store,D:\ncel2\ncel-commodity-pricing\backend\data\maize_model_support.db,available
2023-05-01,2023/24,seed_use,Seed use,0.06032,million_tonnes,annual_seed_to_monthly_sowing_proxy,Derived sowing proxy,D:\ncel2\ncel-commodity-pricing\SnD\demand\maize\build_maize_demand_store.py,not_found_cleanly
2023-05-01,2023/24,substitution_effect,Substitution effect,100.0,index_100,monthly_maize_vs_wheat_ratio_index,Local maize vs wheat support stores,D:\ncel2\ncel-commodity-pricing\backend\data\maize_model_support.db | D:\ncel2\ncel-commodity-pricing\backend\data\wheat_model_support.db,available
2023-05-01,2023/24,total_demand_monthly,Total demand monthly,2.939336,million_tonnes,feed_plus_industrial_plus_exports_plus_seed_plus_domestic_other_use,Derived inside Maize demand store,D:\ncel2\ncel-commodity-pricing\SnD\demand\maize\build_maize_demand_store.py,derived
2023-06-01,2023/24,domestic_other_use,Domestic other use,0.744171,million_tonnes,annual_total_demand_to_monthly_other_proxy,Local maize supply-demand balance,D:\ncel2\ncel-commodity-pricing\SnD\supply\maize\maize_supply_factors.db,not_found_cleanly
2023-06-01,2023/24,ethanol_demand_signal,Ethanol demand signal,60.0,index_100,curated_step_signal,Curated Maize demand profile,D:\ncel2\ncel-commodity-pricing\SnD\demand\maize\build_maize_demand_store.py,curated
2023-06-01,2023/24,exports,Exports,0.039585,million_tonnes,annual_exports_to_monthly_proxy,APEDA Product Page + proxy,https://apeda.gov.in/,partially_available
2023-06-01,2023/24,feed_use,Feed use,1.7199,million_tonnes,annual_total_demand_to_monthly_feed_proxy,Local maize supply-demand balance,D:\ncel2\ncel-commodity-pricing\SnD\supply\maize\maize_supply_factors.db,mixed
2023-06-01,2023/24,industrial_use,Industrial use,0.37536,million_tonnes,annual_total_demand_to_monthly_industrial_proxy,Local maize supply-demand balance,D:\ncel2\ncel-commodity-pricing\SnD\supply\maize\maize_supply_factors.db,not_found_cleanly
2023-06-01,2023/24,policy_changes,Policy changes,0.0,policy_index,curated_event_series,Curated Maize demand profile,D:\ncel2\ncel-commodity-pricing\SnD\demand\maize\build_maize_demand_store.py,curated
2023-06-01,2023/24,population_trend,Population / consumption trend,1433.438333,million_people,annual_population_to_monthly_interpolation,Interpolated population trend,D:\ncel2\ncel-commodity-pricing\SnD\demand\maize\build_maize_demand_store.py,annual_only
2023-06-01,2023/24,poultry_demand_cycle,Poultry demand cycle,98.0,index_100,curated_monthly_poultry_cycle,Curated Maize demand profile,D:\ncel2\ncel-commodity-pricing\SnD\demand\maize\build_maize_demand_store.py,curated
2023-06-01,2023/24,retail_price_pressure,Retail / mandi price pressure,100.0,index_100,monthly_national_maize_price_index,Local maize support store,D:\ncel2\ncel-commodity-pricing\backend\data\maize_model_support.db,available
2023-06-01,2023/24,seed_use,Seed use,0.28652,million_tonnes,annual_seed_to_monthly_sowing_proxy,Derived sowing proxy,D:\ncel2\ncel-commodity-pricing\SnD\demand\maize\build_maize_demand_store.py,not_found_cleanly
2023-06-01,2023/24,substitution_effect,Substitution effect,100.0,index_100,monthly_maize_vs_wheat_ratio_index,Local maize vs wheat support stores,D:\ncel2\ncel-commodity-pricing\backend\data\maize_model_support.db | D:\ncel2\ncel-commodity-pricing\backend\data\wheat_model_support.db,available
2023-06-01,2023/24,total_demand_monthly,Total demand monthly,3.165536,million_tonnes,feed_plus_industrial_plus_exports_plus_seed_plus_domestic_other_use,Derived inside Maize demand store,D:\ncel2\ncel-commodity-pricing\SnD\demand\maize\build_maize_demand_store.py,derived
2023-07-01,2023/24,domestic_other_use,Domestic other use,0.762546,million_tonnes,annual_total_demand_to_monthly_other_proxy,Local maize supply-demand balance,D:\ncel2\ncel-commodity-pricing\SnD\supply\maize\maize_supply_factors.db,not_found_cleanly
2023-07-01,2023/24,ethanol_demand_signal,Ethanol demand signal,60.0,index_100,curated_step_signal,Curated Maize demand profile,D:\ncel2\ncel-commodity-pricing\SnD\demand\maize\build_maize_demand_store.py,curated
2023-07-01,2023/24,exports,Exports,0.039585,million_tonnes,annual_exports_to_monthly_proxy,APEDA Product Page + proxy,https://apeda.gov.in/,partially_available
2023-07-01,2023/24,feed_use,Feed use,1.785212,million_tonnes,annual_total_demand_to_monthly_feed_proxy,Local maize supply-demand balance,D:\ncel2\ncel-commodity-pricing\SnD\supply\maize\maize_supply_factors.db,mixed
2023-07-01,2023/24,industrial_use,Industrial use,0.37536,million_tonnes,annual_total_demand_to_monthly_industrial_proxy,Local maize supply-demand balance,D:\ncel2\ncel-commodity-pricing\SnD\supply\maize\maize_supply_factors.db,not_found_cleanly
2023-07-01,2023/24,policy_changes,Policy changes,62.0,policy_index,curated_event_series,Curated Maize demand profile,D:\ncel2\ncel-commodity-pricing\SnD\demand\maize\build_maize_demand_store.py,curated
2023-07-01,2023/24,population_trend,Population / consumption trend,1434.4,million_people,annual_population_to_monthly_interpolation,Interpolated population trend,D:\ncel2\ncel-commodity-pricing\SnD\demand\maize\build_maize_demand_store.py,annual_only
2023-07-01,2023/24,poultry_demand_cycle,Poultry demand cycle,101.0,index_100,curated_monthly_poultry_cycle,Curated Maize demand profile,D:\ncel2\ncel-commodity-pricing\SnD\demand\maize\build_maize_demand_store.py,curated
2023-07-01,2023/24,retail_price_pressure,Retail / mandi price pressure,100.0,index_100,monthly_national_maize_price_index,Local maize support store,D:\ncel2\ncel-commodity-pricing\backend\data\maize_model_support.db,available
2023-07-01,2023/24,seed_use,Seed use,0.33176,million_tonnes,annual_seed_to_monthly_sowing_proxy,Derived sowing proxy,D:\ncel2\ncel-commodity-pricing\SnD\demand\maize\build_maize_demand_store.py,not_found_cleanly
2023-07-01,2023/24,substitution_effect,Substitution effect,100.0,index_100,monthly_maize_vs_wheat_ratio_index,Local maize vs wheat support stores,D:\ncel2\ncel-commodity-pricing\backend\data\maize_model_support.db | D:\ncel2\ncel-commodity-pricing\backend\data\wheat_model_support.db,available
2023-07-01,2023/24,total_demand_monthly,Total demand monthly,3.294463,million_tonnes,feed_plus_industrial_plus_exports_plus_seed_plus_domestic_other_use,Derived inside Maize demand store,D:\ncel2\ncel-commodity-pricing\SnD\demand\maize\build_maize_demand_store.py,derived
2023-08-01,2023/24,domestic_other_use,Domestic other use,0.771733,million_tonnes,annual_total_demand_to_monthly_other_proxy,Local maize supply-demand balance,D:\ncel2\ncel-commodity-pricing\SnD\supply\maize\maize_supply_factors.db,not_found_cleanly
2023-08-01,2023/24,ethanol_demand_signal,Ethanol demand signal,60.0,index_100,curated_step_signal,Curated Maize demand profile,D:\ncel2\ncel-commodity-pricing\SnD\demand\maize\build_maize_demand_store.py,curated
2023-08-01,2023/24,exports,Exports,0.039585,million_tonnes,annual_exports_to_monthly_proxy,APEDA Product Page + proxy,https://apeda.gov.in/,partially_available
2023-08-01,2023/24,feed_use,Feed use,1.828754,million_tonnes,annual_total_demand_to_monthly_feed_proxy,Local maize supply-demand balance,D:\ncel2\ncel-commodity-pricing\SnD\supply\maize\maize_supply_factors.db,mixed
2023-08-01,2023/24,industrial_use,Industrial use,0.37536,million_tonnes,annual_total_demand_to_monthly_industrial_proxy,Local maize supply-demand balance,D:\ncel2\ncel-commodity-pricing\SnD\supply\maize\maize_supply_factors.db,not_found_cleanly
2023-08-01,2023/24,policy_changes,Policy changes,0.0,policy_index,curated_event_series,Curated Maize demand profile,D:\ncel2\ncel-commodity-pricing\SnD\demand\maize\build_maize_demand_store.py,curated
2023-08-01,2023/24,population_trend,Population / consumption trend,1435.361667,million_people,annual_population_to_monthly_interpolation,Interpolated population trend,D:\ncel2\ncel-commodity-pricing\SnD\demand\maize\build_maize_demand_store.py,annual_only
2023-08-01,2023/24,poultry_demand_cycle,Poultry demand cycle,103.0,index_100,curated_monthly_poultry_cycle,Curated Maize demand profile,D:\ncel2\ncel-commodity-pricing\SnD\demand\maize\build_maize_demand_store.py,curated
2023-08-01,2023/24,retail_price_pressure,Retail / mandi price pressure,100.0,index_100,monthly_national_maize_price_index,Local maize support store,D:\ncel2\ncel-commodity-pricing\backend\data\maize_model_support.db,available
2023-08-01,2023/24,seed_use,Seed use,0.12064,million_tonnes,annual_seed_to_monthly_sowing_proxy,Derived sowing proxy,D:\ncel2\ncel-commodity-pricing\SnD\demand\maize\build_maize_demand_store.py,not_found_cleanly
2023-08-01,2023/24,substitution_effect,Substitution effect,100.0,index_100,monthly_maize_vs_wheat_ratio_index,Local maize vs wheat support stores,D:\ncel2\ncel-commodity-pricing\backend\data\maize_model_support.db | D:\ncel2\ncel-commodity-pricing\backend\data\wheat_model_support.db,available
2023-08-01,2023/24,total_demand_monthly,Total demand monthly,3.136072,million_tonnes,feed_plus_industrial_plus_exports_plus_seed_plus_domestic_other_use,Derived inside Maize demand store,D:\ncel2\ncel-commodity-pricing\SnD\demand\maize\build_maize_demand_store.py,derived
2023-09-01,2023/24,domestic_other_use,Domestic other use,0.771733,million_tonnes,annual_total_demand_to_monthly_other_proxy,Local maize supply-demand balance,D:\ncel2\ncel-commodity-pricing\SnD\supply\maize\maize_supply_factors.db,not_found_cleanly
2023-09-01,2023/24,ethanol_demand_signal,Ethanol demand signal,60.0,index_100,curated_step_signal,Curated Maize demand profile,D:\ncel2\ncel-commodity-pricing\SnD\demand\maize\build_maize_demand_store.py,curated
2023-09-01,2023/24,exports,Exports,0.04524,million_tonnes,annual_exports_to_monthly_proxy,APEDA Product Page + proxy,https://apeda.gov.in/,partially_available
2023-09-01,2023/24,feed_use,Feed use,1.828754,million_tonnes,annual_total_demand_to_monthly_feed_proxy,Local maize supply-demand balance,D:\ncel2\ncel-commodity-pricing\SnD\supply\maize\maize_supply_factors.db,mixed
2023-09-01,2023/24,industrial_use,Industrial use,0.37536,million_tonnes,annual_total_demand_to_monthly_industrial_proxy,Local maize supply-demand balance,D:\ncel2\ncel-commodity-pricing\SnD\supply\maize\maize_supply_factors.db,not_found_cleanly
2023-09-01,2023/24,policy_changes,Policy changes,0.0,policy_index,curated_event_series,Curated Maize demand profile,D:\ncel2\ncel-commodity-pricing\SnD\demand\maize\build_maize_demand_store.py,curated
2023-09-01,2023/24,population_trend,Population / consumption trend,1436.323333,million_people,annual_population_to_monthly_interpolation,Interpolated population trend,D:\ncel2\ncel-commodity-pricing\SnD\demand\maize\build_maize_demand_store.py,annual_only
2023-09-01,2023/24,poultry_demand_cycle,Poultry demand cycle,104.0,index_100,curated_monthly_poultry_cycle,Curated Maize demand profile,D:\ncel2\ncel-commodity-pricing\SnD\demand\maize\build_maize_demand_store.py,curated
2023-09-01,2023/24,retail_price_pressure,Retail / mandi price pressure,100.0,index_100,monthly_national_maize_price_index,Local maize support store,D:\ncel2\ncel-commodity-pricing\backend\data\maize_model_support.db,available
2023-09-01,2023/24,seed_use,Seed use,0.04524,million_tonnes,annual_seed_to_monthly_sowing_proxy,Derived sowing proxy,D:\ncel2\ncel-commodity-pricing\SnD\demand\maize\build_maize_demand_store.py,not_found_cleanly
2023-09-01,2023/24,substitution_effect,Substitution effect,100.0,index_100,monthly_maize_vs_wheat_ratio_index,Local maize vs wheat support stores,D:\ncel2\ncel-commodity-pricing\backend\data\maize_model_support.db | D:\ncel2\ncel-commodity-pricing\backend\data\wheat_model_support.db,available
2023-09-01,2023/24,total_demand_monthly,Total demand monthly,3.066327,million_tonnes,feed_plus_industrial_plus_exports_plus_seed_plus_domestic_other_use,Derived inside Maize demand store,D:\ncel2\ncel-commodity-pricing\SnD\demand\maize\build_maize_demand_store.py,derived
2023-10-01,2023/24,domestic_other_use,Domestic other use,0.790108,million_tonnes,annual_total_demand_to_monthly_other_proxy,Local maize supply-demand balance,D:\ncel2\ncel-commodity-pricing\SnD\supply\maize\maize_supply_factors.db,not_found_cleanly
2023-10-01,2023/24,ethanol_demand_signal,Ethanol demand signal,60.0,index_100,curated_step_signal,Curated Maize demand profile,D:\ncel2\ncel-commodity-pricing\SnD\demand\maize\build_maize_demand_store.py,curated
2023-10-01,2023/24,exports,Exports,0.05655,million_tonnes,annual_exports_to_monthly_proxy,APEDA Product Page + proxy,https://apeda.gov.in/,partially_available
2023-10-01,2023/24,feed_use,Feed use,1.872296,million_tonnes,annual_total_demand_to_monthly_feed_proxy,Local maize supply-demand balance,D:\ncel2\ncel-commodity-pricing\SnD\supply\maize\maize_supply_factors.db,mixed
2023-10-01,2023/24,industrial_use,Industrial use,0.37536,million_tonnes,annual_total_demand_to_monthly_industrial_proxy,Local maize supply-demand balance,D:\ncel2\ncel-commodity-pricing\SnD\supply\maize\maize_supply_factors.db,not_found_cleanly
2023-10-01,2023/24,policy_changes,Policy changes,0.0,policy_index,curated_event_series,Curated Maize demand profile,D:\ncel2\ncel-commodity-pricing\SnD\demand\maize\build_maize_demand_store.py,curated
2023-10-01,2023/24,population_trend,Population / consumption trend,1437.285,million_people,annual_population_to_monthly_interpolation,Interpolated population trend,D:\ncel2\ncel-commodity-pricing\SnD\demand\maize\build_maize_demand_store.py,annual_only
2023-10-01,2023/24,poultry_demand_cycle,Poultry demand cycle,105.0,index_100,curated_monthly_poultry_cycle,Curated Maize demand profile,D:\ncel2\ncel-commodity-pricing\SnD\demand\maize\build_maize_demand_store.py,curated
2023-10-01,2023/24,retail_price_pressure,Retail / mandi price pressure,100.0,index_100,monthly_national_maize_price_index,Local maize support store,D:\ncel2\ncel-commodity-pricing\backend\data\maize_model_support.db,available
2023-10-01,2023/24,seed_use,Seed use,0.24128,million_tonnes,annual_seed_to_monthly_sowing_proxy,Derived sowing proxy,D:\ncel2\ncel-commodity-pricing\SnD\demand\maize\build_maize_demand_store.py,not_found_cleanly
2023-10-01,2023/24,substitution_effect,Substitution effect,100.0,index_100,monthly_maize_vs_wheat_ratio_index,Local maize vs wheat support stores,D:\ncel2\ncel-commodity-pricing\backend\data\maize_model_support.db | D:\ncel2\ncel-commodity-pricing\backend\data\wheat_model_support.db,available
2023-10-01,2023/24,total_demand_monthly,Total demand monthly,3.335594,million_tonnes,feed_plus_industrial_plus_exports_plus_seed_plus_domestic_other_use,Derived inside Maize demand store,D:\ncel2\ncel-commodity-pricing\SnD\demand\maize\build_maize_demand_store.py,derived
2023-11-01,2023/24,domestic_other_use,Domestic other use,0.808482,million_tonnes,annual_total_demand_to_monthly_other_proxy,Local maize supply-demand balance,D:\ncel2\ncel-commodity-pricing\SnD\supply\maize\maize_supply_factors.db,not_found_cleanly
2023-11-01,2023/24,ethanol_demand_signal,Ethanol demand signal,60.0,index_100,curated_step_signal,Curated Maize demand profile,D:\ncel2\ncel-commodity-pricing\SnD\demand\maize\build_maize_demand_store.py,curated
2023-11-01,2023/24,exports,Exports,0.062205,million_tonnes,annual_exports_to_monthly_proxy,APEDA Product Page + proxy,https://apeda.gov.in/,partially_available
2023-11-01,2023/24,feed_use,Feed use,1.894067,million_tonnes,annual_total_demand_to_monthly_feed_proxy,Local maize supply-demand balance,D:\ncel2\ncel-commodity-pricing\SnD\supply\maize\maize_supply_factors.db,mixed
2023-11-01,2023/24,industrial_use,Industrial use,0.37536,million_tonnes,annual_total_demand_to_monthly_industrial_proxy,Local maize supply-demand balance,D:\ncel2\ncel-commodity-pricing\SnD\supply\maize\maize_supply_factors.db,not_found_cleanly
2023-11-01,2023/24,policy_changes,Policy changes,0.0,policy_index,curated_event_series,Curated Maize demand profile,D:\ncel2\ncel-commodity-pricing\SnD\demand\maize\build_maize_demand_store.py,curated
2023-11-01,2023/24,population_trend,Population / consumption trend,1438.246667,million_people,annual_population_to_monthly_interpolation,Interpolated population trend,D:\ncel2\ncel-commodity-pricing\SnD\demand\maize\build_maize_demand_store.py,annual_only
2023-11-01,2023/24,poultry_demand_cycle,Poultry demand cycle,107.0,index_100,curated_monthly_poultry_cycle,Curated Maize demand profile,D:\ncel2\ncel-commodity-pricing\SnD\demand\maize\build_maize_demand_store.py,curated
2023-11-01,2023/24,retail_price_pressure,Retail / mandi price pressure,100.0,index_100,monthly_national_maize_price_index,Local maize support store,D:\ncel2\ncel-commodity-pricing\backend\data\maize_model_support.db,available
2023-11-01,2023/24,seed_use,Seed use,0.24128,million_tonnes,annual_seed_to_monthly_sowing_proxy,Derived sowing proxy,D:\ncel2\ncel-commodity-pricing\SnD\demand\maize\build_maize_demand_store.py,not_found_cleanly
2023-11-01,2023/24,substitution_effect,Substitution effect,100.0,index_100,monthly_maize_vs_wheat_ratio_index,Local maize vs wheat support stores,D:\ncel2\ncel-commodity-pricing\backend\data\maize_model_support.db | D:\ncel2\ncel-commodity-pricing\backend\data\wheat_model_support.db,available
2023-11-01,2023/24,total_demand_monthly,Total demand monthly,3.381394,million_tonnes,feed_plus_industrial_plus_exports_plus_seed_plus_domestic_other_use,Derived inside Maize demand store,D:\ncel2\ncel-commodity-pricing\SnD\demand\maize\build_maize_demand_store.py,derived
2023-12-01,2023/24,domestic_other_use,Domestic other use,0.808482,million_tonnes,annual_total_demand_to_monthly_other_proxy,Local maize supply-demand balance,D:\ncel2\ncel-commodity-pricing\SnD\supply\maize\maize_supply_factors.db,not_found_cleanly
2023-12-01,2023/24,ethanol_demand_signal,Ethanol demand signal,60.0,index_100,curated_step_signal,Curated Maize demand profile,D:\ncel2\ncel-commodity-pricing\SnD\demand\maize\build_maize_demand_store.py,curated
2023-12-01,2023/24,exports,Exports,0.05655,million_tonnes,annual_exports_to_monthly_proxy,APEDA Product Page + proxy,https://apeda.gov.in/,partially_available
2023-12-01,2023/24,feed_use,Feed use,1.915837,million_tonnes,annual_total_demand_to_monthly_feed_proxy,Local maize supply-demand balance,D:\ncel2\ncel-commodity-pricing\SnD\supply\maize\maize_supply_factors.db,mixed
2023-12-01,2023/24,industrial_use,Industrial use,0.37536,million_tonnes,annual_total_demand_to_monthly_industrial_proxy,Local maize supply-demand balance,D:\ncel2\ncel-commodity-pricing\SnD\supply\maize\maize_supply_factors.db,not_found_cleanly
2023-12-01,2023/24,policy_changes,Policy changes,0.0,policy_index,curated_event_series,Curated Maize demand profile,D:\ncel2\ncel-commodity-pricing\SnD\demand\maize\build_maize_demand_store.py,curated
2023-12-01,2023/24,population_trend,Population / consumption trend,1439.208333,million_people,annual_population_to_monthly_interpolation,Interpolated population trend,D:\ncel2\ncel-commodity-pricing\SnD\demand\maize\build_maize_demand_store.py,annual_only
2023-12-01,2023/24,poultry_demand_cycle,Poultry demand cycle,107.0,index_100,curated_monthly_poultry_cycle,Curated Maize demand profile,D:\ncel2\ncel-commodity-pricing\SnD\demand\maize\build_maize_demand_store.py,curated
2023-12-01,2023/24,retail_price_pressure,Retail / mandi price pressure,100.0,index_100,monthly_national_maize_price_index,Local maize support store,D:\ncel2\ncel-commodity-pricing\backend\data\maize_model_support.db,available
2023-12-01,2023/24,seed_use,Seed use,0.10556,million_tonnes,annual_seed_to_monthly_sowing_proxy,Derived sowing proxy,D:\ncel2\ncel-commodity-pricing\SnD\demand\maize\build_maize_demand_store.py,not_found_cleanly
2023-12-01,2023/24,substitution_effect,Substitution effect,100.0,index_100,monthly_maize_vs_wheat_ratio_index,Local maize vs wheat support stores,D:\ncel2\ncel-commodity-pricing\backend\data\maize_model_support.db | D:\ncel2\ncel-commodity-pricing\backend\data\wheat_model_support.db,available
2023-12-01,2023/24,total_demand_monthly,Total demand monthly,3.261789,million_tonnes,feed_plus_industrial_plus_exports_plus_seed_plus_domestic_other_use,Derived inside Maize demand store,D:\ncel2\ncel-commodity-pricing\SnD\demand\maize\build_maize_demand_store.py,derived
2024-01-01,2023/24,domestic_other_use,Domestic other use,0.753359,million_tonnes,annual_total_demand_to_monthly_other_proxy,Local maize supply-demand balance,D:\ncel2\ncel-commodity-pricing\SnD\supply\maize\maize_supply_factors.db,not_found_cleanly
2024-01-01,2023/24,ethanol_demand_signal,Ethanol demand signal,66.0,index_100,curated_step_signal,Curated Maize demand profile,D:\ncel2\ncel-commodity-pricing\SnD\demand\maize\build_maize_demand_store.py,curated
2024-01-01,2023/24,exports,Exports,0.050895,million_tonnes,annual_exports_to_monthly_proxy,APEDA Product Page + proxy,https://apeda.gov.in/,partially_available
2024-01-01,2023/24,feed_use,Feed use,1.872296,million_tonnes,annual_total_demand_to_monthly_feed_proxy,Local maize supply-demand balance,D:\ncel2\ncel-commodity-pricing\SnD\supply\maize\maize_supply_factors.db,mixed
2024-01-01,2023/24,industrial_use,Industrial use,0.37536,million_tonnes,annual_total_demand_to_monthly_industrial_proxy,Local maize supply-demand balance,D:\ncel2\ncel-commodity-pricing\SnD\supply\maize\maize_supply_factors.db,not_found_cleanly
2024-01-01,2023/24,policy_changes,Policy changes,0.0,policy_index,curated_event_series,Curated Maize demand profile,D:\ncel2\ncel-commodity-pricing\SnD\demand\maize\build_maize_demand_store.py,curated
2024-01-01,2023/24,population_trend,Population / consumption trend,1440.17,million_people,annual_population_to_monthly_interpolation,Interpolated population trend,D:\ncel2\ncel-commodity-pricing\SnD\demand\maize\build_maize_demand_store.py,annual_only
2024-01-01,2023/24,poultry_demand_cycle,Poultry demand cycle,102.0,index_100,curated_monthly_poultry_cycle,Curated Maize demand profile,D:\ncel2\ncel-commodity-pricing\SnD\demand\maize\build_maize_demand_store.py,curated
2024-01-01,2023/24,retail_price_pressure,Retail / mandi price pressure,101.951803,index_100,monthly_national_maize_price_index,Local maize support store,D:\ncel2\ncel-commodity-pricing\backend\data\maize_model_support.db,available
2024-01-01,2023/24,seed_use,Seed use,0.01508,million_tonnes,annual_seed_to_monthly_sowing_proxy,Derived sowing proxy,D:\ncel2\ncel-commodity-pricing\SnD\demand\maize\build_maize_demand_store.py,not_found_cleanly
2024-01-01,2023/24,substitution_effect,Substitution effect,95.892573,index_100,monthly_maize_vs_wheat_ratio_index,Local maize vs wheat support stores,D:\ncel2\ncel-commodity-pricing\backend\data\maize_model_support.db | D:\ncel2\ncel-commodity-pricing\backend\data\wheat_model_support.db,available
2024-01-01,2023/24,total_demand_monthly,Total demand monthly,3.06699,million_tonnes,feed_plus_industrial_plus_exports_plus_seed_plus_domestic_other_use,Derived inside Maize demand store,D:\ncel2\ncel-commodity-pricing\SnD\demand\maize\build_maize_demand_store.py,derived
2024-02-01,2023/24,domestic_other_use,Domestic other use,0.744171,million_tonnes,annual_total_demand_to_monthly_other_proxy,Local maize supply-demand balance,D:\ncel2\ncel-commodity-pricing\SnD\supply\maize\maize_supply_factors.db,not_found_cleanly
2024-02-01,2023/24,ethanol_demand_signal,Ethanol demand signal,66.0,index_100,curated_step_signal,Curated Maize demand profile,D:\ncel2\ncel-commodity-pricing\SnD\demand\maize\build_maize_demand_store.py,curated
2024-02-01,2023/24,exports,Exports,0.050895,million_tonnes,annual_exports_to_monthly_proxy,APEDA Product Page + proxy,https://apeda.gov.in/,partially_available
2024-02-01,2023/24,feed_use,Feed use,1.828754,million_tonnes,annual_total_demand_to_monthly_feed_proxy,Local maize supply-demand balance,D:\ncel2\ncel-commodity-pricing\SnD\supply\maize\maize_supply_factors.db,mixed
2024-02-01,2023/24,industrial_use,Industrial use,0.37536,million_tonnes,annual_total_demand_to_monthly_industrial_proxy,Local maize supply-demand balance,D:\ncel2\ncel-commodity-pricing\SnD\supply\maize\maize_supply_factors.db,not_found_cleanly
2024-02-01,2023/24,policy_changes,Policy changes,0.0,policy_index,curated_event_series,Curated Maize demand profile,D:\ncel2\ncel-commodity-pricing\SnD\demand\maize\build_maize_demand_store.py,curated
2024-02-01,2023/24,population_trend,Population / consumption trend,1441.128333,million_people,annual_population_to_monthly_interpolation,Interpolated population trend,D:\ncel2\ncel-commodity-pricing\SnD\demand\maize\build_maize_demand_store.py,annual_only
2024-02-01,2023/24,poultry_demand_cycle,Poultry demand cycle,101.0,index_100,curated_monthly_poultry_cycle,Curated Maize demand profile,D:\ncel2\ncel-commodity-pricing\SnD\demand\maize\build_maize_demand_store.py,curated
2024-02-01,2023/24,retail_price_pressure,Retail / mandi price pressure,103.698229,index_100,monthly_national_maize_price_index,Local maize support store,D:\ncel2\ncel-commodity-pricing\backend\data\maize_model_support.db,available
2024-02-01,2023/24,seed_use,Seed use,0.01508,million_tonnes,annual_seed_to_monthly_sowing_proxy,Derived sowing proxy,D:\ncel2\ncel-commodity-pricing\SnD\demand\maize\build_maize_demand_store.py,not_found_cleanly
2024-02-01,2023/24,substitution_effect,Substitution effect,92.212487,index_100,monthly_maize_vs_wheat_ratio_index,Local maize vs wheat support stores,D:\ncel2\ncel-commodity-pricing\backend\data\maize_model_support.db | D:\ncel2\ncel-commodity-pricing\backend\data\wheat_model_support.db,available
2024-02-01,2023/24,total_demand_monthly,Total demand monthly,3.01426,million_tonnes,feed_plus_industrial_plus_exports_plus_seed_plus_domestic_other_use,Derived inside Maize demand store,D:\ncel2\ncel-commodity-pricing\SnD\demand\maize\build_maize_demand_store.py,derived
2024-03-01,2023/24,domestic_other_use,Domestic other use,0.744171,million_tonnes,annual_total_demand_to_monthly_other_proxy,Local maize supply-demand balance,D:\ncel2\ncel-commodity-pricing\SnD\supply\maize\maize_supply_factors.db,not_found_cleanly
2024-03-01,2023/24,ethanol_demand_signal,Ethanol demand signal,66.0,index_100,curated_step_signal,Curated Maize demand profile,D:\ncel2\ncel-commodity-pricing\SnD\demand\maize\build_maize_demand_store.py,curated
2024-03-01,2023/24,exports,Exports,0.04524,million_tonnes,annual_exports_to_monthly_proxy,APEDA Product Page + proxy,https://apeda.gov.in/,partially_available
2024-03-01,2023/24,feed_use,Feed use,1.785212,million_tonnes,annual_total_demand_to_monthly_feed_proxy,Local maize supply-demand balance,D:\ncel2\ncel-commodity-pricing\SnD\supply\maize\maize_supply_factors.db,mixed
2024-03-01,2023/24,industrial_use,Industrial use,0.37536,million_tonnes,annual_total_demand_to_monthly_industrial_proxy,Local maize supply-demand balance,D:\ncel2\ncel-commodity-pricing\SnD\supply\maize\maize_supply_factors.db,not_found_cleanly
2024-03-01,2023/24,policy_changes,Policy changes,58.0,policy_index,curated_event_series,Curated Maize demand profile,D:\ncel2\ncel-commodity-pricing\SnD\demand\maize\build_maize_demand_store.py,curated
2024-03-01,2023/24,population_trend,Population / consumption trend,1442.086667,million_people,annual_population_to_monthly_interpolation,Interpolated population trend,D:\ncel2\ncel-commodity-pricing\SnD\demand\maize\build_maize_demand_store.py,annual_only
2024-03-01,2023/24,poultry_demand_cycle,Poultry demand cycle,99.0,index_100,curated_monthly_poultry_cycle,Curated Maize demand profile,D:\ncel2\ncel-commodity-pricing\SnD\demand\maize\build_maize_demand_store.py,curated
2024-03-01,2023/24,retail_price_pressure,Retail / mandi price pressure,103.556069,index_100,monthly_national_maize_price_index,Local maize support store,D:\ncel2\ncel-commodity-pricing\backend\data\maize_model_support.db,available
2024-03-01,2023/24,seed_use,Seed use,0.01508,million_tonnes,annual_seed_to_monthly_sowing_proxy,Derived sowing proxy,D:\ncel2\ncel-commodity-pricing\SnD\demand\maize\build_maize_demand_store.py,not_found_cleanly
2024-03-01,2023/24,substitution_effect,Substitution effect,90.421706,index_100,monthly_maize_vs_wheat_ratio_index,Local maize vs wheat support stores,D:\ncel2\ncel-commodity-pricing\backend\data\maize_model_support.db | D:\ncel2\ncel-commodity-pricing\backend\data\wheat_model_support.db,available
2024-03-01,2023/24,total_demand_monthly,Total demand monthly,2.965063,million_tonnes,feed_plus_industrial_plus_exports_plus_seed_plus_domestic_other_use,Derived inside Maize demand store,D:\ncel2\ncel-commodity-pricing\SnD\demand\maize\build_maize_demand_store.py,derived
2024-04-01,2024/25,domestic_other_use,Domestic other use,0.869979,million_tonnes,annual_total_demand_to_monthly_other_proxy,Local maize supply-demand balance,D:\ncel2\ncel-commodity-pricing\SnD\supply\maize\maize_supply_factors.db,not_found_cleanly
2024-04-01,2024/25,ethanol_demand_signal,Ethanol demand signal,66.0,index_100,curated_step_signal,Curated Maize demand profile,D:\ncel2\ncel-commodity-pricing\SnD\demand\maize\build_maize_demand_store.py,curated
2024-04-01,2024/25,exports,Exports,0.038949,million_tonnes,annual_exports_to_monthly_proxy,APEDA Product Page + proxy,https://apeda.gov.in/,partially_available
2024-04-01,2024/25,feed_use,Feed use,1.990558,million_tonnes,annual_total_demand_to_monthly_feed_proxy,Local maize supply-demand balance,D:\ncel2\ncel-commodity-pricing\SnD\supply\maize\maize_supply_factors.db,mixed
2024-04-01,2024/25,industrial_use,Industrial use,0.43443,million_tonnes,annual_total_demand_to_monthly_industrial_proxy,Local maize supply-demand balance,D:\ncel2\ncel-commodity-pricing\SnD\supply\maize\maize_supply_factors.db,not_found_cleanly
2024-04-01,2024/25,policy_changes,Policy changes,0.0,policy_index,curated_event_series,Curated Maize demand profile,D:\ncel2\ncel-commodity-pricing\SnD\demand\maize\build_maize_demand_store.py,curated
2024-04-01,2024/25,population_trend,Population / consumption trend,1443.045,million_people,annual_population_to_monthly_interpolation,Interpolated population trend,D:\ncel2\ncel-commodity-pricing\SnD\demand\maize\build_maize_demand_store.py,annual_only
2024-04-01,2024/25,poultry_demand_cycle,Poultry demand cycle,97.0,index_100,curated_monthly_poultry_cycle,Curated Maize demand profile,D:\ncel2\ncel-commodity-pricing\SnD\demand\maize\build_maize_demand_store.py,curated
2024-04-01,2024/25,retail_price_pressure,Retail / mandi price pressure,99.579242,index_100,monthly_national_maize_price_index,Local maize support store,D:\ncel2\ncel-commodity-pricing\backend\data\maize_model_support.db,available
2024-04-01,2024/25,seed_use,Seed use,0.03472,million_tonnes,annual_seed_to_monthly_sowing_proxy,Derived sowing proxy,D:\ncel2\ncel-commodity-pricing\SnD\demand\maize\build_maize_demand_store.py,not_found_cleanly
2024-04-01,2024/25,substitution_effect,Substitution effect,90.52515,index_100,monthly_maize_vs_wheat_ratio_index,Local maize vs wheat support stores,D:\ncel2\ncel-commodity-pricing\backend\data\maize_model_support.db | D:\ncel2\ncel-commodity-pricing\backend\data\wheat_model_support.db,available
2024-04-01,2024/25,total_demand_monthly,Total demand monthly,3.368636,million_tonnes,feed_plus_industrial_plus_exports_plus_seed_plus_domestic_other_use,Derived inside Maize demand store,D:\ncel2\ncel-commodity-pricing\SnD\demand\maize\build_maize_demand_store.py,derived
2024-05-01,2024/25,domestic_other_use,Domestic other use,0.869979,million_tonnes,annual_total_demand_to_monthly_other_proxy,Local maize supply-demand balance,D:\ncel2\ncel-commodity-pricing\SnD\supply\maize\maize_supply_factors.db,not_found_cleanly
2024-05-01,2024/25,ethanol_demand_signal,Ethanol demand signal,66.0,index_100,curated_step_signal,Curated Maize demand profile,D:\ncel2\ncel-commodity-pricing\SnD\demand\maize\build_maize_demand_store.py,curated
2024-05-01,2024/25,exports,Exports,0.038949,million_tonnes,annual_exports_to_monthly_proxy,APEDA Product Page + proxy,https://apeda.gov.in/,partially_available
2024-05-01,2024/25,feed_use,Feed use,1.990558,million_tonnes,annual_total_demand_to_monthly_feed_proxy,Local maize supply-demand balance,D:\ncel2\ncel-commodity-pricing\SnD\supply\maize\maize_supply_factors.db,mixed
2024-05-01,2024/25,industrial_use,Industrial use,0.43443,million_tonnes,annual_total_demand_to_monthly_industrial_proxy,Local maize supply-demand balance,D:\ncel2\ncel-commodity-pricing\SnD\supply\maize\maize_supply_factors.db,not_found_cleanly
2024-05-01,2024/25,policy_changes,Policy changes,0.0,policy_index,curated_event_series,Curated Maize demand profile,D:\ncel2\ncel-commodity-pricing\SnD\demand\maize\build_maize_demand_store.py,curated
2024-05-01,2024/25,population_trend,Population / consumption trend,1444.003333,million_people,annual_population_to_monthly_interpolation,Interpolated population trend,D:\ncel2\ncel-commodity-pricing\SnD\demand\maize\build_maize_demand_store.py,annual_only
2024-05-01,2024/25,poultry_demand_cycle,Poultry demand cycle,96.0,index_100,curated_monthly_poultry_cycle,Curated Maize demand profile,D:\ncel2\ncel-commodity-pricing\SnD\demand\maize\build_maize_demand_store.py,curated
2024-05-01,2024/25,retail_price_pressure,Retail / mandi price pressure,102.631445,index_100,monthly_national_maize_price_index,Local maize support store,D:\ncel2\ncel-commodity-pricing\backend\data\maize_model_support.db,available
2024-05-01,2024/25,seed_use,Seed use,0.06944,million_tonnes,annual_seed_to_monthly_sowing_proxy,Derived sowing proxy,D:\ncel2\ncel-commodity-pricing\SnD\demand\maize\build_maize_demand_store.py,not_found_cleanly
2024-05-01,2024/25,substitution_effect,Substitution effect,89.440119,index_100,monthly_maize_vs_wheat_ratio_index,Local maize vs wheat support stores,D:\ncel2\ncel-commodity-pricing\backend\data\maize_model_support.db | D:\ncel2\ncel-commodity-pricing\backend\data\wheat_model_support.db,available
2024-05-01,2024/25,total_demand_monthly,Total demand monthly,3.403356,million_tonnes,feed_plus_industrial_plus_exports_plus_seed_plus_domestic_other_use,Derived inside Maize demand store,D:\ncel2\ncel-commodity-pricing\SnD\demand\maize\build_maize_demand_store.py,derived
2024-06-01,2024/25,domestic_other_use,Domestic other use,0.869979,million_tonnes,annual_total_demand_to_monthly_other_proxy,Local maize supply-demand balance,D:\ncel2\ncel-commodity-pricing\SnD\supply\maize\maize_supply_factors.db,not_found_cleanly
2024-06-01,2024/25,ethanol_demand_signal,Ethanol demand signal,66.0,index_100,curated_step_signal,Curated Maize demand profile,D:\ncel2\ncel-commodity-pricing\SnD\demand\maize\build_maize_demand_store.py,curated
2024-06-01,2024/25,exports,Exports,0.038949,million_tonnes,annual_exports_to_monthly_proxy,APEDA Product Page + proxy,https://apeda.gov.in/,partially_available
2024-06-01,2024/25,feed_use,Feed use,1.990558,million_tonnes,annual_total_demand_to_monthly_feed_proxy,Local maize supply-demand balance,D:\ncel2\ncel-commodity-pricing\SnD\supply\maize\maize_supply_factors.db,mixed
2024-06-01,2024/25,industrial_use,Industrial use,0.43443,million_tonnes,annual_total_demand_to_monthly_industrial_proxy,Local maize supply-demand balance,D:\ncel2\ncel-commodity-pricing\SnD\supply\maize\maize_supply_factors.db,not_found_cleanly
2024-06-01,2024/25,policy_changes,Policy changes,0.0,policy_index,curated_event_series,Curated Maize demand profile,D:\ncel2\ncel-commodity-pricing\SnD\demand\maize\build_maize_demand_store.py,curated
2024-06-01,2024/25,population_trend,Population / consumption trend,1444.961667,million_people,annual_population_to_monthly_interpolation,Interpolated population trend,D:\ncel2\ncel-commodity-pricing\SnD\demand\maize\build_maize_demand_store.py,annual_only
2024-06-01,2024/25,poultry_demand_cycle,Poultry demand cycle,98.0,index_100,curated_monthly_poultry_cycle,Curated Maize demand profile,D:\ncel2\ncel-commodity-pricing\SnD\demand\maize\build_maize_demand_store.py,curated
2024-06-01,2024/25,retail_price_pressure,Retail / mandi price pressure,101.197758,index_100,monthly_national_maize_price_index,Local maize support store,D:\ncel2\ncel-commodity-pricing\backend\data\maize_model_support.db,available
2024-06-01,2024/25,seed_use,Seed use,0.32984,million_tonnes,annual_seed_to_monthly_sowing_proxy,Derived sowing proxy,D:\ncel2\ncel-commodity-pricing\SnD\demand\maize\build_maize_demand_store.py,not_found_cleanly
2024-06-01,2024/25,substitution_effect,Substitution effect,93.014931,index_100,monthly_maize_vs_wheat_ratio_index,Local maize vs wheat support stores,D:\ncel2\ncel-commodity-pricing\backend\data\maize_model_support.db | D:\ncel2\ncel-commodity-pricing\backend\data\wheat_model_support.db,available
2024-06-01,2024/25,total_demand_monthly,Total demand monthly,3.663756,million_tonnes,feed_plus_industrial_plus_exports_plus_seed_plus_domestic_other_use,Derived inside Maize demand store,D:\ncel2\ncel-commodity-pricing\SnD\demand\maize\build_maize_demand_store.py,derived
2024-07-01,2024/25,domestic_other_use,Domestic other use,0.89146,million_tonnes,annual_total_demand_to_monthly_other_proxy,Local maize supply-demand balance,D:\ncel2\ncel-commodity-pricing\SnD\supply\maize\maize_supply_factors.db,not_found_cleanly
2024-07-01,2024/25,ethanol_demand_signal,Ethanol demand signal,66.0,index_100,curated_step_signal,Curated Maize demand profile,D:\ncel2\ncel-commodity-pricing\SnD\demand\maize\build_maize_demand_store.py,curated
2024-07-01,2024/25,exports,Exports,0.038949,million_tonnes,annual_exports_to_monthly_proxy,APEDA Product Page + proxy,https://apeda.gov.in/,partially_available
2024-07-01,2024/25,feed_use,Feed use,2.066149,million_tonnes,annual_total_demand_to_monthly_feed_proxy,Local maize supply-demand balance,D:\ncel2\ncel-commodity-pricing\SnD\supply\maize\maize_supply_factors.db,mixed
2024-07-01,2024/25,industrial_use,Industrial use,0.43443,million_tonnes,annual_total_demand_to_monthly_industrial_proxy,Local maize supply-demand balance,D:\ncel2\ncel-commodity-pricing\SnD\supply\maize\maize_supply_factors.db,not_found_cleanly
2024-07-01,2024/25,policy_changes,Policy changes,0.0,policy_index,curated_event_series,Curated Maize demand profile,D:\ncel2\ncel-commodity-pricing\SnD\demand\maize\build_maize_demand_store.py,curated
2024-07-01,2024/25,population_trend,Population / consumption trend,1445.92,million_people,annual_population_to_monthly_interpolation,Interpolated population trend,D:\ncel2\ncel-commodity-pricing\SnD\demand\maize\build_maize_demand_store.py,annual_only
2024-07-01,2024/25,poultry_demand_cycle,Poultry demand cycle,101.0,index_100,curated_monthly_poultry_cycle,Curated Maize demand profile,D:\ncel2\ncel-commodity-pricing\SnD\demand\maize\build_maize_demand_store.py,curated
2024-07-01,2024/25,retail_price_pressure,Retail / mandi price pressure,106.169423,index_100,monthly_national_maize_price_index,Local maize support store,D:\ncel2\ncel-commodity-pricing\backend\data\maize_model_support.db,available
2024-07-01,2024/25,seed_use,Seed use,0.38192,million_tonnes,annual_seed_to_monthly_sowing_proxy,Derived sowing proxy,D:\ncel2\ncel-commodity-pricing\SnD\demand\maize\build_maize_demand_store.py,not_found_cleanly
2024-07-01,2024/25,substitution_effect,Substitution effect,90.229545,index_100,monthly_maize_vs_wheat_ratio_index,Local maize vs wheat support stores,D:\ncel2\ncel-commodity-pricing\backend\data\maize_model_support.db | D:\ncel2\ncel-commodity-pricing\backend\data\wheat_model_support.db,available
2024-07-01,2024/25,total_demand_monthly,Total demand monthly,3.812908,million_tonnes,feed_plus_industrial_plus_exports_plus_seed_plus_domestic_other_use,Derived inside Maize demand store,D:\ncel2\ncel-commodity-pricing\SnD\demand\maize\build_maize_demand_store.py,derived
2024-08-01,2024/25,domestic_other_use,Domestic other use,0.902201,million_tonnes,annual_total_demand_to_monthly_other_proxy,Local maize supply-demand balance,D:\ncel2\ncel-commodity-pricing\SnD\supply\maize\maize_supply_factors.db,not_found_cleanly
2024-08-01,2024/25,ethanol_demand_signal,Ethanol demand signal,66.0,index_100,curated_step_signal,Curated Maize demand profile,D:\ncel2\ncel-commodity-pricing\SnD\demand\maize\build_maize_demand_store.py,curated
2024-08-01,2024/25,exports,Exports,0.038949,million_tonnes,annual_exports_to_monthly_proxy,APEDA Product Page + proxy,https://apeda.gov.in/,partially_available
2024-08-01,2024/25,feed_use,Feed use,2.116543,million_tonnes,annual_total_demand_to_monthly_feed_proxy,Local maize supply-demand balance,D:\ncel2\ncel-commodity-pricing\SnD\supply\maize\maize_supply_factors.db,mixed
2024-08-01,2024/25,industrial_use,Industrial use,0.43443,million_tonnes,annual_total_demand_to_monthly_industrial_proxy,Local maize supply-demand balance,D:\ncel2\ncel-commodity-pricing\SnD\supply\maize\maize_supply_factors.db,not_found_cleanly
2024-08-01,2024/25,policy_changes,Policy changes,0.0,policy_index,curated_event_series,Curated Maize demand profile,D:\ncel2\ncel-commodity-pricing\SnD\demand\maize\build_maize_demand_store.py,curated
2024-08-01,2024/25,population_trend,Population / consumption trend,1446.878333,million_people,annual_population_to_monthly_interpolation,Interpolated population trend,D:\ncel2\ncel-commodity-pricing\SnD\demand\maize\build_maize_demand_store.py,annual_only
2024-08-01,2024/25,poultry_demand_cycle,Poultry demand cycle,103.0,index_100,curated_monthly_poultry_cycle,Curated Maize demand profile,D:\ncel2\ncel-commodity-pricing\SnD\demand\maize\build_maize_demand_store.py,curated
2024-08-01,2024/25,retail_price_pressure,Retail / mandi price pressure,109.948011,index_100,monthly_national_maize_price_index,Local maize support store,D:\ncel2\ncel-commodity-pricing\backend\data\maize_model_support.db,available
2024-08-01,2024/25,seed_use,Seed use,0.13888,million_tonnes,annual_seed_to_monthly_sowing_proxy,Derived sowing proxy,D:\ncel2\ncel-commodity-pricing\SnD\demand\maize\build_maize_demand_store.py,not_found_cleanly
2024-08-01,2024/25,substitution_effect,Substitution effect,89.258677,index_100,monthly_maize_vs_wheat_ratio_index,Local maize vs wheat support stores,D:\ncel2\ncel-commodity-pricing\backend\data\maize_model_support.db | D:\ncel2\ncel-commodity-pricing\backend\data\wheat_model_support.db,available
2024-08-01,2024/25,total_demand_monthly,Total demand monthly,3.631003,million_tonnes,feed_plus_industrial_plus_exports_plus_seed_plus_domestic_other_use,Derived inside Maize demand store,D:\ncel2\ncel-commodity-pricing\SnD\demand\maize\build_maize_demand_store.py,derived
2024-09-01,2024/25,domestic_other_use,Domestic other use,0.902201,million_tonnes,annual_total_demand_to_monthly_other_proxy,Local maize supply-demand balance,D:\ncel2\ncel-commodity-pricing\SnD\supply\maize\maize_supply_factors.db,not_found_cleanly
2024-09-01,2024/25,ethanol_demand_signal,Ethanol demand signal,66.0,index_100,curated_step_signal,Curated Maize demand profile,D:\ncel2\ncel-commodity-pricing\SnD\demand\maize\build_maize_demand_store.py,curated
2024-09-01,2024/25,exports,Exports,0.044513,million_tonnes,annual_exports_to_monthly_proxy,APEDA Product Page + proxy,https://apeda.gov.in/,partially_available
2024-09-01,2024/25,feed_use,Feed use,2.116543,million_tonnes,annual_total_demand_to_monthly_feed_proxy,Local maize supply-demand balance,D:\ncel2\ncel-commodity-pricing\SnD\supply\maize\maize_supply_factors.db,mixed
2024-09-01,2024/25,industrial_use,Industrial use,0.43443,million_tonnes,annual_total_demand_to_monthly_industrial_proxy,Local maize supply-demand balance,D:\ncel2\ncel-commodity-pricing\SnD\supply\maize\maize_supply_factors.db,not_found_cleanly
2024-09-01,2024/25,policy_changes,Policy changes,0.0,policy_index,curated_event_series,Curated Maize demand profile,D:\ncel2\ncel-commodity-pricing\SnD\demand\maize\build_maize_demand_store.py,curated
2024-09-01,2024/25,population_trend,Population / consumption trend,1447.836667,million_people,annual_population_to_monthly_interpolation,Interpolated population trend,D:\ncel2\ncel-commodity-pricing\SnD\demand\maize\build_maize_demand_store.py,annual_only
2024-09-01,2024/25,poultry_demand_cycle,Poultry demand cycle,104.0,index_100,curated_monthly_poultry_cycle,Curated Maize demand profile,D:\ncel2\ncel-commodity-pricing\SnD\demand\maize\build_maize_demand_store.py,curated
2024-09-01,2024/25,retail_price_pressure,Retail / mandi price pressure,110.282027,index_100,monthly_national_maize_price_index,Local maize support store,D:\ncel2\ncel-commodity-pricing\backend\data\maize_model_support.db,available
2024-09-01,2024/25,seed_use,Seed use,0.05208,million_tonnes,annual_seed_to_monthly_sowing_proxy,Derived sowing proxy,D:\ncel2\ncel-commodity-pricing\SnD\demand\maize\build_maize_demand_store.py,not_found_cleanly
2024-09-01,2024/25,substitution_effect,Substitution effect,91.452531,index_100,monthly_maize_vs_wheat_ratio_index,Local maize vs wheat support stores,D:\ncel2\ncel-commodity-pricing\backend\data\maize_model_support.db | D:\ncel2\ncel-commodity-pricing\backend\data\wheat_model_support.db,available
2024-09-01,2024/25,total_demand_monthly,Total demand monthly,3.549767,million_tonnes,feed_plus_industrial_plus_exports_plus_seed_plus_domestic_other_use,Derived inside Maize demand store,D:\ncel2\ncel-commodity-pricing\SnD\demand\maize\build_maize_demand_store.py,derived
2024-10-01,2024/25,domestic_other_use,Domestic other use,0.923682,million_tonnes,annual_total_demand_to_monthly_other_proxy,Local maize supply-demand balance,D:\ncel2\ncel-commodity-pricing\SnD\supply\maize\maize_supply_factors.db,not_found_cleanly
2024-10-01,2024/25,ethanol_demand_signal,Ethanol demand signal,66.0,index_100,curated_step_signal,Curated Maize demand profile,D:\ncel2\ncel-commodity-pricing\SnD\demand\maize\build_maize_demand_store.py,curated
2024-10-01,2024/25,exports,Exports,0.055642,million_tonnes,annual_exports_to_monthly_proxy,APEDA Product Page + proxy,https://apeda.gov.in/,partially_available
2024-10-01,2024/25,feed_use,Feed use,2.166937,million_tonnes,annual_total_demand_to_monthly_feed_proxy,Local maize supply-demand balance,D:\ncel2\ncel-commodity-pricing\SnD\supply\maize\maize_supply_factors.db,mixed
2024-10-01,2024/25,industrial_use,Industrial use,0.43443,million_tonnes,annual_total_demand_to_monthly_industrial_proxy,Local maize supply-demand balance,D:\ncel2\ncel-commodity-pricing\SnD\supply\maize\maize_supply_factors.db,not_found_cleanly
2024-10-01,2024/25,policy_changes,Policy changes,0.0,policy_index,curated_event_series,Curated Maize demand profile,D:\ncel2\ncel-commodity-pricing\SnD\demand\maize\build_maize_demand_store.py,curated
2024-10-01,2024/25,population_trend,Population / consumption trend,1448.795,million_people,annual_population_to_monthly_interpolation,Interpolated population trend,D:\ncel2\ncel-commodity-pricing\SnD\demand\maize\build_maize_demand_store.py,annual_only
2024-10-01,2024/25,poultry_demand_cycle,Poultry demand cycle,105.0,index_100,curated_monthly_poultry_cycle,Curated Maize demand profile,D:\ncel2\ncel-commodity-pricing\SnD\demand\maize\build_maize_demand_store.py,curated
2024-10-01,2024/25,retail_price_pressure,Retail / mandi price pressure,104.423664,index_100,monthly_national_maize_price_index,Local maize support store,D:\ncel2\ncel-commodity-pricing\backend\data\maize_model_support.db,available
2024-10-01,2024/25,seed_use,Seed use,0.27776,million_tonnes,annual_seed_to_monthly_sowing_proxy,Derived sowing proxy,D:\ncel2\ncel-commodity-pricing\SnD\demand\maize\build_maize_demand_store.py,not_found_cleanly
2024-10-01,2024/25,substitution_effect,Substitution effect,100.98673,index_100,monthly_maize_vs_wheat_ratio_index,Local maize vs wheat support stores,D:\ncel2\ncel-commodity-pricing\backend\data\maize_model_support.db | D:\ncel2\ncel-commodity-pricing\backend\data\wheat_model_support.db,available
2024-10-01,2024/25,total_demand_monthly,Total demand monthly,3.858451,million_tonnes,feed_plus_industrial_plus_exports_plus_seed_plus_domestic_other_use,Derived inside Maize demand store,D:\ncel2\ncel-commodity-pricing\SnD\demand\maize\build_maize_demand_store.py,derived
2024-11-01,2024/25,domestic_other_use,Domestic other use,0.945163,million_tonnes,annual_total_demand_to_monthly_other_proxy,Local maize supply-demand balance,D:\ncel2\ncel-commodity-pricing\SnD\supply\maize\maize_supply_factors.db,not_found_cleanly
2024-11-01,2024/25,ethanol_demand_signal,Ethanol demand signal,66.0,index_100,curated_step_signal,Curated Maize demand profile,D:\ncel2\ncel-commodity-pricing\SnD\demand\maize\build_maize_demand_store.py,curated
2024-11-01,2024/25,exports,Exports,0.061206,million_tonnes,annual_exports_to_monthly_proxy,APEDA Product Page + proxy,https://apeda.gov.in/,partially_available
2024-11-01,2024/25,feed_use,Feed use,2.192134,million_tonnes,annual_total_demand_to_monthly_feed_proxy,Local maize supply-demand balance,D:\ncel2\ncel-commodity-pricing\SnD\supply\maize\maize_supply_factors.db,mixed
2024-11-01,2024/25,industrial_use,Industrial use,0.43443,million_tonnes,annual_total_demand_to_monthly_industrial_proxy,Local maize supply-demand balance,D:\ncel2\ncel-commodity-pricing\SnD\supply\maize\maize_supply_factors.db,not_found_cleanly
2024-11-01,2024/25,policy_changes,Policy changes,0.0,policy_index,curated_event_series,Curated Maize demand profile,D:\ncel2\ncel-commodity-pricing\SnD\demand\maize\build_maize_demand_store.py,curated
2024-11-01,2024/25,population_trend,Population / consumption trend,1449.753333,million_people,annual_population_to_monthly_interpolation,Interpolated population trend,D:\ncel2\ncel-commodity-pricing\SnD\demand\maize\build_maize_demand_store.py,annual_only
2024-11-01,2024/25,poultry_demand_cycle,Poultry demand cycle,107.0,index_100,curated_monthly_poultry_cycle,Curated Maize demand profile,D:\ncel2\ncel-commodity-pricing\SnD\demand\maize\build_maize_demand_store.py,curated
2024-11-01,2024/25,retail_price_pressure,Retail / mandi price pressure,106.651348,index_100,monthly_national_maize_price_index,Local maize support store,D:\ncel2\ncel-commodity-pricing\backend\data\maize_model_support.db,available
2024-11-01,2024/25,seed_use,Seed use,0.27776,million_tonnes,annual_seed_to_monthly_sowing_proxy,Derived sowing proxy,D:\ncel2\ncel-commodity-pricing\SnD\demand\maize\build_maize_demand_store.py,not_found_cleanly
2024-11-01,2024/25,substitution_effect,Substitution effect,102.033225,index_100,monthly_maize_vs_wheat_ratio_index,Local maize vs wheat support stores,D:\ncel2\ncel-commodity-pricing\backend\data\maize_model_support.db | D:\ncel2\ncel-commodity-pricing\backend\data\wheat_model_support.db,available
2024-11-01,2024/25,total_demand_monthly,Total demand monthly,3.910693,million_tonnes,feed_plus_industrial_plus_exports_plus_seed_plus_domestic_other_use,Derived inside Maize demand store,D:\ncel2\ncel-commodity-pricing\SnD\demand\maize\build_maize_demand_store.py,derived
2024-12-01,2024/25,domestic_other_use,Domestic other use,0.945163,million_tonnes,annual_total_demand_to_monthly_other_proxy,Local maize supply-demand balance,D:\ncel2\ncel-commodity-pricing\SnD\supply\maize\maize_supply_factors.db,not_found_cleanly
2024-12-01,2024/25,ethanol_demand_signal,Ethanol demand signal,66.0,index_100,curated_step_signal,Curated Maize demand profile,D:\ncel2\ncel-commodity-pricing\SnD\demand\maize\build_maize_demand_store.py,curated
2024-12-01,2024/25,exports,Exports,0.055642,million_tonnes,annual_exports_to_monthly_proxy,APEDA Product Page + proxy,https://apeda.gov.in/,partially_available
2024-12-01,2024/25,feed_use,Feed use,2.217331,million_tonnes,annual_total_demand_to_monthly_feed_proxy,Local maize supply-demand balance,D:\ncel2\ncel-commodity-pricing\SnD\supply\maize\maize_supply_factors.db,mixed
2024-12-01,2024/25,industrial_use,Industrial use,0.43443,million_tonnes,annual_total_demand_to_monthly_industrial_proxy,Local maize supply-demand balance,D:\ncel2\ncel-commodity-pricing\SnD\supply\maize\maize_supply_factors.db,not_found_cleanly
2024-12-01,2024/25,policy_changes,Policy changes,0.0,policy_index,curated_event_series,Curated Maize demand profile,D:\ncel2\ncel-commodity-pricing\SnD\demand\maize\build_maize_demand_store.py,curated
2024-12-01,2024/25,population_trend,Population / consumption trend,1450.711667,million_people,annual_population_to_monthly_interpolation,Interpolated population trend,D:\ncel2\ncel-commodity-pricing\SnD\demand\maize\build_maize_demand_store.py,annual_only
2024-12-01,2024/25,poultry_demand_cycle,Poultry demand cycle,107.0,index_100,curated_monthly_poultry_cycle,Curated Maize demand profile,D:\ncel2\ncel-commodity-pricing\SnD\demand\maize\build_maize_demand_store.py,curated
2024-12-01,2024/25,retail_price_pressure,Retail / mandi price pressure,108.796075,index_100,monthly_national_maize_price_index,Local maize support store,D:\ncel2\ncel-commodity-pricing\backend\data\maize_model_support.db,available
2024-12-01,2024/25,seed_use,Seed use,0.12152,million_tonnes,annual_seed_to_monthly_sowing_proxy,Derived sowing proxy,D:\ncel2\ncel-commodity-pricing\SnD\demand\maize\build_maize_demand_store.py,not_found_cleanly
2024-12-01,2024/25,substitution_effect,Substitution effect,100.879881,index_100,monthly_maize_vs_wheat_ratio_index,Local maize vs wheat support stores,D:\ncel2\ncel-commodity-pricing\backend\data\maize_model_support.db | D:\ncel2\ncel-commodity-pricing\backend\data\wheat_model_support.db,available
2024-12-01,2024/25,total_demand_monthly,Total demand monthly,3.774086,million_tonnes,feed_plus_industrial_plus_exports_plus_seed_plus_domestic_other_use,Derived inside Maize demand store,D:\ncel2\ncel-commodity-pricing\SnD\demand\maize\build_maize_demand_store.py,derived
2025-01-01,2024/25,domestic_other_use,Domestic other use,0.88072,million_tonnes,annual_total_demand_to_monthly_other_proxy,Local maize supply-demand balance,D:\ncel2\ncel-commodity-pricing\SnD\supply\maize\maize_supply_factors.db,not_found_cleanly
2025-01-01,2024/25,ethanol_demand_signal,Ethanol demand signal,70.0,index_100,curated_step_signal,Curated Maize demand profile,D:\ncel2\ncel-commodity-pricing\SnD\demand\maize\build_maize_demand_store.py,curated
2025-01-01,2024/25,exports,Exports,0.050078,million_tonnes,annual_exports_to_monthly_proxy,APEDA Product Page + proxy,https://apeda.gov.in/,partially_available
2025-01-01,2024/25,feed_use,Feed use,2.166937,million_tonnes,annual_total_demand_to_monthly_feed_proxy,Local maize supply-demand balance,D:\ncel2\ncel-commodity-pricing\SnD\supply\maize\maize_supply_factors.db,mixed
2025-01-01,2024/25,industrial_use,Industrial use,0.43443,million_tonnes,annual_total_demand_to_monthly_industrial_proxy,Local maize supply-demand balance,D:\ncel2\ncel-commodity-pricing\SnD\supply\maize\maize_supply_factors.db,not_found_cleanly
2025-01-01,2024/25,policy_changes,Policy changes,64.0,policy_index,curated_event_series,Curated Maize demand profile,D:\ncel2\ncel-commodity-pricing\SnD\demand\maize\build_maize_demand_store.py,curated
2025-01-01,2024/25,population_trend,Population / consumption trend,1451.67,million_people,annual_population_to_monthly_interpolation,Interpolated population trend,D:\ncel2\ncel-commodity-pricing\SnD\demand\maize\build_maize_demand_store.py,annual_only
2025-01-01,2024/25,poultry_demand_cycle,Poultry demand cycle,102.0,index_100,curated_monthly_poultry_cycle,Curated Maize demand profile,D:\ncel2\ncel-commodity-pricing\SnD\demand\maize\build_maize_demand_store.py,curated
2025-01-01,2024/25,retail_price_pressure,Retail / mandi price pressure,110.719998,index_100,monthly_national_maize_price_index,Local maize support store,D:\ncel2\ncel-commodity-pricing\backend\data\maize_model_support.db,available
2025-01-01,2024/25,seed_use,Seed use,0.01736,million_tonnes,annual_seed_to_monthly_sowing_proxy,Derived sowing proxy,D:\ncel2\ncel-commodity-pricing\SnD\demand\maize\build_maize_demand_store.py,not_found_cleanly
2025-01-01,2024/25,substitution_effect,Substitution effect,102.445661,index_100,monthly_maize_vs_wheat_ratio_index,Local maize vs wheat support stores,D:\ncel2\ncel-commodity-pricing\backend\data\maize_model_support.db | D:\ncel2\ncel-commodity-pricing\backend\data\wheat_model_support.db,available
2025-01-01,2024/25,total_demand_monthly,Total demand monthly,3.549525,million_tonnes,feed_plus_industrial_plus_exports_plus_seed_plus_domestic_other_use,Derived inside Maize demand store,D:\ncel2\ncel-commodity-pricing\SnD\demand\maize\build_maize_demand_store.py,derived
2025-02-01,2024/25,domestic_other_use,Domestic other use,0.869979,million_tonnes,annual_total_demand_to_monthly_other_proxy,Local maize supply-demand balance,D:\ncel2\ncel-commodity-pricing\SnD\supply\maize\maize_supply_factors.db,not_found_cleanly
2025-02-01,2024/25,ethanol_demand_signal,Ethanol demand signal,70.0,index_100,curated_step_signal,Curated Maize demand profile,D:\ncel2\ncel-commodity-pricing\SnD\demand\maize\build_maize_demand_store.py,curated
2025-02-01,2024/25,exports,Exports,0.050078,million_tonnes,annual_exports_to_monthly_proxy,APEDA Product Page + proxy,https://apeda.gov.in/,partially_available
2025-02-01,2024/25,feed_use,Feed use,2.116543,million_tonnes,annual_total_demand_to_monthly_feed_proxy,Local maize supply-demand balance,D:\ncel2\ncel-commodity-pricing\SnD\supply\maize\maize_supply_factors.db,mixed
2025-02-01,2024/25,industrial_use,Industrial use,0.43443,million_tonnes,annual_total_demand_to_monthly_industrial_proxy,Local maize supply-demand balance,D:\ncel2\ncel-commodity-pricing\SnD\supply\maize\maize_supply_factors.db,not_found_cleanly
2025-02-01,2024/25,policy_changes,Policy changes,0.0,policy_index,curated_event_series,Curated Maize demand profile,D:\ncel2\ncel-commodity-pricing\SnD\demand\maize\build_maize_demand_store.py,curated
2025-02-01,2024/25,population_trend,Population / consumption trend,1452.614167,million_people,annual_population_to_monthly_interpolation,Interpolated population trend,D:\ncel2\ncel-commodity-pricing\SnD\demand\maize\build_maize_demand_store.py,annual_only
2025-02-01,2024/25,poultry_demand_cycle,Poultry demand cycle,101.0,index_100,curated_monthly_poultry_cycle,Curated Maize demand profile,D:\ncel2\ncel-commodity-pricing\SnD\demand\maize\build_maize_demand_store.py,curated
2025-02-01,2024/25,retail_price_pressure,Retail / mandi price pressure,110.315974,index_100,monthly_national_maize_price_index,Local maize support store,D:\ncel2\ncel-commodity-pricing\backend\data\maize_model_support.db,available
2025-02-01,2024/25,seed_use,Seed use,0.01736,million_tonnes,annual_seed_to_monthly_sowing_proxy,Derived sowing proxy,D:\ncel2\ncel-commodity-pricing\SnD\demand\maize\build_maize_demand_store.py,not_found_cleanly
2025-02-01,2024/25,substitution_effect,Substitution effect,102.330559,index_100,monthly_maize_vs_wheat_ratio_index,Local maize vs wheat support stores,D:\ncel2\ncel-commodity-pricing\backend\data\maize_model_support.db | D:\ncel2\ncel-commodity-pricing\backend\data\wheat_model_support.db,available
2025-02-01,2024/25,total_demand_monthly,Total demand monthly,3.48839,million_tonnes,feed_plus_industrial_plus_exports_plus_seed_plus_domestic_other_use,Derived inside Maize demand store,D:\ncel2\ncel-commodity-pricing\SnD\demand\maize\build_maize_demand_store.py,derived
2025-03-01,2024/25,domestic_other_use,Domestic other use,0.869979,million_tonnes,annual_total_demand_to_monthly_other_proxy,Local maize supply-demand balance,D:\ncel2\ncel-commodity-pricing\SnD\supply\maize\maize_supply_factors.db,not_found_cleanly
2025-03-01,2024/25,ethanol_demand_signal,Ethanol demand signal,70.0,index_100,curated_step_signal,Curated Maize demand profile,D:\ncel2\ncel-commodity-pricing\SnD\demand\maize\build_maize_demand_store.py,curated
2025-03-01,2024/25,exports,Exports,0.044513,million_tonnes,annual_exports_to_monthly_proxy,APEDA Product Page + proxy,https://apeda.gov.in/,partially_available
2025-03-01,2024/25,feed_use,Feed use,2.066149,million_tonnes,annual_total_demand_to_monthly_feed_proxy,Local maize supply-demand balance,D:\ncel2\ncel-commodity-pricing\SnD\supply\maize\maize_supply_factors.db,mixed
2025-03-01,2024/25,industrial_use,Industrial use,0.43443,million_tonnes,annual_total_demand_to_monthly_industrial_proxy,Local maize supply-demand balance,D:\ncel2\ncel-commodity-pricing\SnD\supply\maize\maize_supply_factors.db,not_found_cleanly
2025-03-01,2024/25,policy_changes,Policy changes,0.0,policy_index,curated_event_series,Curated Maize demand profile,D:\ncel2\ncel-commodity-pricing\SnD\demand\maize\build_maize_demand_store.py,curated
2025-03-01,2024/25,population_trend,Population / consumption trend,1453.558333,million_people,annual_population_to_monthly_interpolation,Interpolated population trend,D:\ncel2\ncel-commodity-pricing\SnD\demand\maize\build_maize_demand_store.py,annual_only
2025-03-01,2024/25,poultry_demand_cycle,Poultry demand cycle,99.0,index_100,curated_monthly_poultry_cycle,Curated Maize demand profile,D:\ncel2\ncel-commodity-pricing\SnD\demand\maize\build_maize_demand_store.py,curated
2025-03-01,2024/25,retail_price_pressure,Retail / mandi price pressure,106.879947,index_100,monthly_national_maize_price_index,Local maize support store,D:\ncel2\ncel-commodity-pricing\backend\data\maize_model_support.db,available
2025-03-01,2024/25,seed_use,Seed use,0.01736,million_tonnes,annual_seed_to_monthly_sowing_proxy,Derived sowing proxy,D:\ncel2\ncel-commodity-pricing\SnD\demand\maize\build_maize_demand_store.py,not_found_cleanly
2025-03-01,2024/25,substitution_effect,Substitution effect,94.957839,index_100,monthly_maize_vs_wheat_ratio_index,Local maize vs wheat support stores,D:\ncel2\ncel-commodity-pricing\backend\data\maize_model_support.db | D:\ncel2\ncel-commodity-pricing\backend\data\wheat_model_support.db,available
2025-03-01,2024/25,total_demand_monthly,Total demand monthly,3.432431,million_tonnes,feed_plus_industrial_plus_exports_plus_seed_plus_domestic_other_use,Derived inside Maize demand store,D:\ncel2\ncel-commodity-pricing\SnD\demand\maize\build_maize_demand_store.py,derived
2025-04-01,2025/26,domestic_other_use,Domestic other use,0.874128,million_tonnes,annual_total_demand_to_monthly_other_proxy,Local maize supply-demand balance,D:\ncel2\ncel-commodity-pricing\SnD\supply\maize\maize_supply_factors.db,not_found_cleanly
2025-04-01,2025/26,ethanol_demand_signal,Ethanol demand signal,70.0,index_100,curated_step_signal,Curated Maize demand profile,D:\ncel2\ncel-commodity-pricing\SnD\demand\maize\build_maize_demand_store.py,curated
2025-04-01,2025/26,exports,Exports,0.04557,million_tonnes,annual_exports_to_monthly_proxy,APEDA Product Page + proxy,https://apeda.gov.in/,partially_available
2025-04-01,2025/26,feed_use,Feed use,2.012827,million_tonnes,annual_total_demand_to_monthly_feed_proxy,Local maize supply-demand balance,D:\ncel2\ncel-commodity-pricing\SnD\supply\maize\maize_supply_factors.db,mixed
2025-04-01,2025/26,industrial_use,Industrial use,0.43929,million_tonnes,annual_total_demand_to_monthly_industrial_proxy,Local maize supply-demand balance,D:\ncel2\ncel-commodity-pricing\SnD\supply\maize\maize_supply_factors.db,not_found_cleanly
2025-04-01,2025/26,policy_changes,Policy changes,0.0,policy_index,curated_event_series,Curated Maize demand profile,D:\ncel2\ncel-commodity-pricing\SnD\demand\maize\build_maize_demand_store.py,curated
2025-04-01,2025/26,population_trend,Population / consumption trend,1454.5025,million_people,annual_population_to_monthly_interpolation,Interpolated population trend,D:\ncel2\ncel-commodity-pricing\SnD\demand\maize\build_maize_demand_store.py,annual_only
2025-04-01,2025/26,poultry_demand_cycle,Poultry demand cycle,97.0,index_100,curated_monthly_poultry_cycle,Curated Maize demand profile,D:\ncel2\ncel-commodity-pricing\SnD\demand\maize\build_maize_demand_store.py,curated
2025-04-01,2025/26,retail_price_pressure,Retail / mandi price pressure,100.824644,index_100,monthly_national_maize_price_index,Local maize support store,D:\ncel2\ncel-commodity-pricing\backend\data\maize_model_support.db,available
2025-04-01,2025/26,seed_use,Seed use,0.03472,million_tonnes,annual_seed_to_monthly_sowing_proxy,Derived sowing proxy,D:\ncel2\ncel-commodity-pricing\SnD\demand\maize\build_maize_demand_store.py,not_found_cleanly
2025-04-01,2025/26,substitution_effect,Substitution effect,94.320916,index_100,monthly_maize_vs_wheat_ratio_index,Local maize vs wheat support stores,D:\ncel2\ncel-commodity-pricing\backend\data\maize_model_support.db | D:\ncel2\ncel-commodity-pricing\backend\data\wheat_model_support.db,available
2025-04-01,2025/26,total_demand_monthly,Total demand monthly,3.406535,million_tonnes,feed_plus_industrial_plus_exports_plus_seed_plus_domestic_other_use,Derived inside Maize demand store,D:\ncel2\ncel-commodity-pricing\SnD\demand\maize\build_maize_demand_store.py,derived
2025-05-01,2025/26,domestic_other_use,Domestic other use,0.874128,million_tonnes,annual_total_demand_to_monthly_other_proxy,Local maize supply-demand balance,D:\ncel2\ncel-commodity-pricing\SnD\supply\maize\maize_supply_factors.db,not_found_cleanly
2025-05-01,2025/26,ethanol_demand_signal,Ethanol demand signal,70.0,index_100,curated_step_signal,Curated Maize demand profile,D:\ncel2\ncel-commodity-pricing\SnD\demand\maize\build_maize_demand_store.py,curated
2025-05-01,2025/26,exports,Exports,0.04557,million_tonnes,annual_exports_to_monthly_proxy,APEDA Product Page + proxy,https://apeda.gov.in/,partially_available
2025-05-01,2025/26,feed_use,Feed use,2.012827,million_tonnes,annual_total_demand_to_monthly_feed_proxy,Local maize supply-demand balance,D:\ncel2\ncel-commodity-pricing\SnD\supply\maize\maize_supply_factors.db,mixed
2025-05-01,2025/26,industrial_use,Industrial use,0.43929,million_tonnes,annual_total_demand_to_monthly_industrial_proxy,Local maize supply-demand balance,D:\ncel2\ncel-commodity-pricing\SnD\supply\maize\maize_supply_factors.db,not_found_cleanly
2025-05-01,2025/26,policy_changes,Policy changes,0.0,policy_index,curated_event_series,Curated Maize demand profile,D:\ncel2\ncel-commodity-pricing\SnD\demand\maize\build_maize_demand_store.py,curated
2025-05-01,2025/26,population_trend,Population / consumption trend,1455.446667,million_people,annual_population_to_monthly_interpolation,Interpolated population trend,D:\ncel2\ncel-commodity-pricing\SnD\demand\maize\build_maize_demand_store.py,annual_only
2025-05-01,2025/26,poultry_demand_cycle,Poultry demand cycle,96.0,index_100,curated_monthly_poultry_cycle,Curated Maize demand profile,D:\ncel2\ncel-commodity-pricing\SnD\demand\maize\build_maize_demand_store.py,curated
2025-05-01,2025/26,retail_price_pressure,Retail / mandi price pressure,100.09573,index_100,monthly_national_maize_price_index,Local maize support store,D:\ncel2\ncel-commodity-pricing\backend\data\maize_model_support.db,available
2025-05-01,2025/26,seed_use,Seed use,0.06944,million_tonnes,annual_seed_to_monthly_sowing_proxy,Derived sowing proxy,D:\ncel2\ncel-commodity-pricing\SnD\demand\maize\build_maize_demand_store.py,not_found_cleanly
2025-05-01,2025/26,substitution_effect,Substitution effect,96.624662,index_100,monthly_maize_vs_wheat_ratio_index,Local maize vs wheat support stores,D:\ncel2\ncel-commodity-pricing\backend\data\maize_model_support.db | D:\ncel2\ncel-commodity-pricing\backend\data\wheat_model_support.db,available
2025-05-01,2025/26,total_demand_monthly,Total demand monthly,3.441255,million_tonnes,feed_plus_industrial_plus_exports_plus_seed_plus_domestic_other_use,Derived inside Maize demand store,D:\ncel2\ncel-commodity-pricing\SnD\demand\maize\build_maize_demand_store.py,derived
2025-06-01,2025/26,domestic_other_use,Domestic other use,0.874128,million_tonnes,annual_total_demand_to_monthly_other_proxy,Local maize supply-demand balance,D:\ncel2\ncel-commodity-pricing\SnD\supply\maize\maize_supply_factors.db,not_found_cleanly
2025-06-01,2025/26,ethanol_demand_signal,Ethanol demand signal,70.0,index_100,curated_step_signal,Curated Maize demand profile,D:\ncel2\ncel-commodity-pricing\SnD\demand\maize\build_maize_demand_store.py,curated
2025-06-01,2025/26,exports,Exports,0.04557,million_tonnes,annual_exports_to_monthly_proxy,APEDA Product Page + proxy,https://apeda.gov.in/,partially_available
2025-06-01,2025/26,feed_use,Feed use,2.012827,million_tonnes,annual_total_demand_to_monthly_feed_proxy,Local maize supply-demand balance,D:\ncel2\ncel-commodity-pricing\SnD\supply\maize\maize_supply_factors.db,mixed
2025-06-01,2025/26,industrial_use,Industrial use,0.43929,million_tonnes,annual_total_demand_to_monthly_industrial_proxy,Local maize supply-demand balance,D:\ncel2\ncel-commodity-pricing\SnD\supply\maize\maize_supply_factors.db,not_found_cleanly
2025-06-01,2025/26,policy_changes,Policy changes,0.0,policy_index,curated_event_series,Curated Maize demand profile,D:\ncel2\ncel-commodity-pricing\SnD\demand\maize\build_maize_demand_store.py,curated
2025-06-01,2025/26,population_trend,Population / consumption trend,1456.390833,million_people,annual_population_to_monthly_interpolation,Interpolated population trend,D:\ncel2\ncel-commodity-pricing\SnD\demand\maize\build_maize_demand_store.py,annual_only
2025-06-01,2025/26,poultry_demand_cycle,Poultry demand cycle,98.0,index_100,curated_monthly_poultry_cycle,Curated Maize demand profile,D:\ncel2\ncel-commodity-pricing\SnD\demand\maize\build_maize_demand_store.py,curated
2025-06-01,2025/26,retail_price_pressure,Retail / mandi price pressure,101.402135,index_100,monthly_national_maize_price_index,Local maize support store,D:\ncel2\ncel-commodity-pricing\backend\data\maize_model_support.db,available
2025-06-01,2025/26,seed_use,Seed use,0.32984,million_tonnes,annual_seed_to_monthly_sowing_proxy,Derived sowing proxy,D:\ncel2\ncel-commodity-pricing\SnD\demand\maize\build_maize_demand_store.py,not_found_cleanly
2025-06-01,2025/26,substitution_effect,Substitution effect,95.96022,index_100,monthly_maize_vs_wheat_ratio_index,Local maize vs wheat support stores,D:\ncel2\ncel-commodity-pricing\backend\data\maize_model_support.db | D:\ncel2\ncel-commodity-pricing\backend\data\wheat_model_support.db,available
2025-06-01,2025/26,total_demand_monthly,Total demand monthly,3.701655,million_tonnes,feed_plus_industrial_plus_exports_plus_seed_plus_domestic_other_use,Derived inside Maize demand store,D:\ncel2\ncel-commodity-pricing\SnD\demand\maize\build_maize_demand_store.py,derived
2025-07-01,2025/26,domestic_other_use,Domestic other use,0.895711,million_tonnes,annual_total_demand_to_monthly_other_proxy,Local maize supply-demand balance,D:\ncel2\ncel-commodity-pricing\SnD\supply\maize\maize_supply_factors.db,not_found_cleanly
2025-07-01,2025/26,ethanol_demand_signal,Ethanol demand signal,70.0,index_100,curated_step_signal,Curated Maize demand profile,D:\ncel2\ncel-commodity-pricing\SnD\demand\maize\build_maize_demand_store.py,curated
2025-07-01,2025/26,exports,Exports,0.04557,million_tonnes,annual_exports_to_monthly_proxy,APEDA Product Page + proxy,https://apeda.gov.in/,partially_available
2025-07-01,2025/26,feed_use,Feed use,2.089263,million_tonnes,annual_total_demand_to_monthly_feed_proxy,Local maize supply-demand balance,D:\ncel2\ncel-commodity-pricing\SnD\supply\maize\maize_supply_factors.db,mixed
2025-07-01,2025/26,industrial_use,Industrial use,0.43929,million_tonnes,annual_total_demand_to_monthly_industrial_proxy,Local maize supply-demand balance,D:\ncel2\ncel-commodity-pricing\SnD\supply\maize\maize_supply_factors.db,not_found_cleanly
2025-07-01,2025/26,policy_changes,Policy changes,0.0,policy_index,curated_event_series,Curated Maize demand profile,D:\ncel2\ncel-commodity-pricing\SnD\demand\maize\build_maize_demand_store.py,curated
2025-07-01,2025/26,population_trend,Population / consumption trend,1457.335,million_people,annual_population_to_monthly_interpolation,Interpolated population trend,D:\ncel2\ncel-commodity-pricing\SnD\demand\maize\build_maize_demand_store.py,annual_only
2025-07-01,2025/26,poultry_demand_cycle,Poultry demand cycle,101.0,index_100,curated_monthly_poultry_cycle,Curated Maize demand profile,D:\ncel2\ncel-commodity-pricing\SnD\demand\maize\build_maize_demand_store.py,curated
2025-07-01,2025/26,retail_price_pressure,Retail / mandi price pressure,100.379293,index_100,monthly_national_maize_price_index,Local maize support store,D:\ncel2\ncel-commodity-pricing\backend\data\maize_model_support.db,available
2025-07-01,2025/26,seed_use,Seed use,0.38192,million_tonnes,annual_seed_to_monthly_sowing_proxy,Derived sowing proxy,D:\ncel2\ncel-commodity-pricing\SnD\demand\maize\build_maize_demand_store.py,not_found_cleanly
2025-07-01,2025/26,substitution_effect,Substitution effect,97.562013,index_100,monthly_maize_vs_wheat_ratio_index,Local maize vs wheat support stores,D:\ncel2\ncel-commodity-pricing\backend\data\maize_model_support.db | D:\ncel2\ncel-commodity-pricing\backend\data\wheat_model_support.db,available
2025-07-01,2025/26,total_demand_monthly,Total demand monthly,3.851754,million_tonnes,feed_plus_industrial_plus_exports_plus_seed_plus_domestic_other_use,Derived inside Maize demand store,D:\ncel2\ncel-commodity-pricing\SnD\demand\maize\build_maize_demand_store.py,derived
2025-08-01,2025/26,domestic_other_use,Domestic other use,0.906503,million_tonnes,annual_total_demand_to_monthly_other_proxy,Local maize supply-demand balance,D:\ncel2\ncel-commodity-pricing\SnD\supply\maize\maize_supply_factors.db,not_found_cleanly
2025-08-01,2025/26,ethanol_demand_signal,Ethanol demand signal,70.0,index_100,curated_step_signal,Curated Maize demand profile,D:\ncel2\ncel-commodity-pricing\SnD\demand\maize\build_maize_demand_store.py,curated
2025-08-01,2025/26,exports,Exports,0.04557,million_tonnes,annual_exports_to_monthly_proxy,APEDA Product Page + proxy,https://apeda.gov.in/,partially_available
2025-08-01,2025/26,feed_use,Feed use,2.140221,million_tonnes,annual_total_demand_to_monthly_feed_proxy,Local maize supply-demand balance,D:\ncel2\ncel-commodity-pricing\SnD\supply\maize\maize_supply_factors.db,mixed
2025-08-01,2025/26,industrial_use,Industrial use,0.43929,million_tonnes,annual_total_demand_to_monthly_industrial_proxy,Local maize supply-demand balance,D:\ncel2\ncel-commodity-pricing\SnD\supply\maize\maize_supply_factors.db,not_found_cleanly
2025-08-01,2025/26,policy_changes,Policy changes,0.0,policy_index,curated_event_series,Curated Maize demand profile,D:\ncel2\ncel-commodity-pricing\SnD\demand\maize\build_maize_demand_store.py,curated
2025-08-01,2025/26,population_trend,Population / consumption trend,1458.279167,million_people,annual_population_to_monthly_interpolation,Interpolated population trend,D:\ncel2\ncel-commodity-pricing\SnD\demand\maize\build_maize_demand_store.py,annual_only
2025-08-01,2025/26,poultry_demand_cycle,Poultry demand cycle,103.0,index_100,curated_monthly_poultry_cycle,Curated Maize demand profile,D:\ncel2\ncel-commodity-pricing\SnD\demand\maize\build_maize_demand_store.py,curated
2025-08-01,2025/26,retail_price_pressure,Retail / mandi price pressure,104.985407,index_100,monthly_national_maize_price_index,Local maize support store,D:\ncel2\ncel-commodity-pricing\backend\data\maize_model_support.db,available
2025-08-01,2025/26,seed_use,Seed use,0.13888,million_tonnes,annual_seed_to_monthly_sowing_proxy,Derived sowing proxy,D:\ncel2\ncel-commodity-pricing\SnD\demand\maize\build_maize_demand_store.py,not_found_cleanly
2025-08-01,2025/26,substitution_effect,Substitution effect,95.658768,index_100,monthly_maize_vs_wheat_ratio_index,Local maize vs wheat support stores,D:\ncel2\ncel-commodity-pricing\backend\data\maize_model_support.db | D:\ncel2\ncel-commodity-pricing\backend\data\wheat_model_support.db,available
2025-08-01,2025/26,total_demand_monthly,Total demand monthly,3.670464,million_tonnes,feed_plus_industrial_plus_exports_plus_seed_plus_domestic_other_use,Derived inside Maize demand store,D:\ncel2\ncel-commodity-pricing\SnD\demand\maize\build_maize_demand_store.py,derived
2025-09-01,2025/26,domestic_other_use,Domestic other use,0.906503,million_tonnes,annual_total_demand_to_monthly_other_proxy,Local maize supply-demand balance,D:\ncel2\ncel-commodity-pricing\SnD\supply\maize\maize_supply_factors.db,not_found_cleanly
2025-09-01,2025/26,ethanol_demand_signal,Ethanol demand signal,70.0,index_100,curated_step_signal,Curated Maize demand profile,D:\ncel2\ncel-commodity-pricing\SnD\demand\maize\build_maize_demand_store.py,curated
2025-09-01,2025/26,exports,Exports,0.05208,million_tonnes,annual_exports_to_monthly_proxy,APEDA Product Page + proxy,https://apeda.gov.in/,partially_available
2025-09-01,2025/26,feed_use,Feed use,2.140221,million_tonnes,annual_total_demand_to_monthly_feed_proxy,Local maize supply-demand balance,D:\ncel2\ncel-commodity-pricing\SnD\supply\maize\maize_supply_factors.db,mixed
2025-09-01,2025/26,industrial_use,Industrial use,0.43929,million_tonnes,annual_total_demand_to_monthly_industrial_proxy,Local maize supply-demand balance,D:\ncel2\ncel-commodity-pricing\SnD\supply\maize\maize_supply_factors.db,not_found_cleanly
2025-09-01,2025/26,policy_changes,Policy changes,0.0,policy_index,curated_event_series,Curated Maize demand profile,D:\ncel2\ncel-commodity-pricing\SnD\demand\maize\build_maize_demand_store.py,curated
2025-09-01,2025/26,population_trend,Population / consumption trend,1459.223333,million_people,annual_population_to_monthly_interpolation,Interpolated population trend,D:\ncel2\ncel-commodity-pricing\SnD\demand\maize\build_maize_demand_store.py,annual_only
2025-09-01,2025/26,poultry_demand_cycle,Poultry demand cycle,104.0,index_100,curated_monthly_poultry_cycle,Curated Maize demand profile,D:\ncel2\ncel-commodity-pricing\SnD\demand\maize\build_maize_demand_store.py,curated
2025-09-01,2025/26,retail_price_pressure,Retail / mandi price pressure,102.246493,index_100,monthly_national_maize_price_index,Local maize support store,D:\ncel2\ncel-commodity-pricing\backend\data\maize_model_support.db,available
2025-09-01,2025/26,seed_use,Seed use,0.05208,million_tonnes,annual_seed_to_monthly_sowing_proxy,Derived sowing proxy,D:\ncel2\ncel-commodity-pricing\SnD\demand\maize\build_maize_demand_store.py,not_found_cleanly
2025-09-01,2025/26,substitution_effect,Substitution effect,98.157857,index_100,monthly_maize_vs_wheat_ratio_index,Local maize vs wheat support stores,D:\ncel2\ncel-commodity-pricing\backend\data\maize_model_support.db | D:\ncel2\ncel-commodity-pricing\backend\data\wheat_model_support.db,available
2025-09-01,2025/26,total_demand_monthly,Total demand monthly,3.590174,million_tonnes,feed_plus_industrial_plus_exports_plus_seed_plus_domestic_other_use,Derived inside Maize demand store,D:\ncel2\ncel-commodity-pricing\SnD\demand\maize\build_maize_demand_store.py,derived
2025-10-01,2025/26,domestic_other_use,Domestic other use,0.928086,million_tonnes,annual_total_demand_to_monthly_other_proxy,Local maize supply-demand balance,D:\ncel2\ncel-commodity-pricing\SnD\supply\maize\maize_supply_factors.db,not_found_cleanly
2025-10-01,2025/26,ethanol_demand_signal,Ethanol demand signal,70.0,index_100,curated_step_signal,Curated Maize demand profile,D:\ncel2\ncel-commodity-pricing\SnD\demand\maize\build_maize_demand_store.py,curated
2025-10-01,2025/26,exports,Exports,0.0651,million_tonnes,annual_exports_to_monthly_proxy,APEDA Product Page + proxy,https://apeda.gov.in/,partially_available
2025-10-01,2025/26,feed_use,Feed use,2.191179,million_tonnes,annual_total_demand_to_monthly_feed_proxy,Local maize supply-demand balance,D:\ncel2\ncel-commodity-pricing\SnD\supply\maize\maize_supply_factors.db,mixed
2025-10-01,2025/26,industrial_use,Industrial use,0.43929,million_tonnes,annual_total_demand_to_monthly_industrial_proxy,Local maize supply-demand balance,D:\ncel2\ncel-commodity-pricing\SnD\supply\maize\maize_supply_factors.db,not_found_cleanly
2025-10-01,2025/26,policy_changes,Policy changes,0.0,policy_index,curated_event_series,Curated Maize demand profile,D:\ncel2\ncel-commodity-pricing\SnD\demand\maize\build_maize_demand_store.py,curated
2025-10-01,2025/26,population_trend,Population / consumption trend,1460.1675,million_people,annual_population_to_monthly_interpolation,Interpolated population trend,D:\ncel2\ncel-commodity-pricing\SnD\demand\maize\build_maize_demand_store.py,annual_only
2025-10-01,2025/26,poultry_demand_cycle,Poultry demand cycle,105.0,index_100,curated_monthly_poultry_cycle,Curated Maize demand profile,D:\ncel2\ncel-commodity-pricing\SnD\demand\maize\build_maize_demand_store.py,curated
2025-10-01,2025/26,retail_price_pressure,Retail / mandi price pressure,93.75986,index_100,monthly_national_maize_price_index,Local maize support store,D:\ncel2\ncel-commodity-pricing\backend\data\maize_model_support.db,available
2025-10-01,2025/26,seed_use,Seed use,0.27776,million_tonnes,annual_seed_to_monthly_sowing_proxy,Derived sowing proxy,D:\ncel2\ncel-commodity-pricing\SnD\demand\maize\build_maize_demand_store.py,not_found_cleanly
2025-10-01,2025/26,substitution_effect,Substitution effect,105.526243,index_100,monthly_maize_vs_wheat_ratio_index,Local maize vs wheat support stores,D:\ncel2\ncel-commodity-pricing\backend\data\maize_model_support.db | D:\ncel2\ncel-commodity-pricing\backend\data\wheat_model_support.db,available
2025-10-01,2025/26,total_demand_monthly,Total demand monthly,3.901415,million_tonnes,feed_plus_industrial_plus_exports_plus_seed_plus_domestic_other_use,Derived inside Maize demand store,D:\ncel2\ncel-commodity-pricing\SnD\demand\maize\build_maize_demand_store.py,derived
2025-11-01,2025/26,domestic_other_use,Domestic other use,0.94967,million_tonnes,annual_total_demand_to_monthly_other_proxy,Local maize supply-demand balance,D:\ncel2\ncel-commodity-pricing\SnD\supply\maize\maize_supply_factors.db,not_found_cleanly
2025-11-01,2025/26,ethanol_demand_signal,Ethanol demand signal,70.0,index_100,curated_step_signal,Curated Maize demand profile,D:\ncel2\ncel-commodity-pricing\SnD\demand\maize\build_maize_demand_store.py,curated
2025-11-01,2025/26,exports,Exports,0.07161,million_tonnes,annual_exports_to_monthly_proxy,APEDA Product Page + proxy,https://apeda.gov.in/,partially_available
2025-11-01,2025/26,feed_use,Feed use,2.216657,million_tonnes,annual_total_demand_to_monthly_feed_proxy,Local maize supply-demand balance,D:\ncel2\ncel-commodity-pricing\SnD\supply\maize\maize_supply_factors.db,mixed
2025-11-01,2025/26,industrial_use,Industrial use,0.43929,million_tonnes,annual_total_demand_to_monthly_industrial_proxy,Local maize supply-demand balance,D:\ncel2\ncel-commodity-pricing\SnD\supply\maize\maize_supply_factors.db,not_found_cleanly
2025-11-01,2025/26,policy_changes,Policy changes,0.0,policy_index,curated_event_series,Curated Maize demand profile,D:\ncel2\ncel-commodity-pricing\SnD\demand\maize\build_maize_demand_store.py,curated
2025-11-01,2025/26,population_trend,Population / consumption trend,1461.111667,million_people,annual_population_to_monthly_interpolation,Interpolated population trend,D:\ncel2\ncel-commodity-pricing\SnD\demand\maize\build_maize_demand_store.py,annual_only
2025-11-01,2025/26,poultry_demand_cycle,Poultry demand cycle,107.0,index_100,curated_monthly_poultry_cycle,Curated Maize demand profile,D:\ncel2\ncel-commodity-pricing\SnD\demand\maize\build_maize_demand_store.py,curated
2025-11-01,2025/26,retail_price_pressure,Retail / mandi price pressure,81.251162,index_100,monthly_national_maize_price_index,Local maize support store,D:\ncel2\ncel-commodity-pricing\backend\data\maize_model_support.db,available
2025-11-01,2025/26,seed_use,Seed use,0.27776,million_tonnes,annual_seed_to_monthly_sowing_proxy,Derived sowing proxy,D:\ncel2\ncel-commodity-pricing\SnD\demand\maize\build_maize_demand_store.py,not_found_cleanly
2025-11-01,2025/26,substitution_effect,Substitution effect,120.761881,index_100,monthly_maize_vs_wheat_ratio_index,Local maize vs wheat support stores,D:\ncel2\ncel-commodity-pricing\backend\data\maize_model_support.db | D:\ncel2\ncel-commodity-pricing\backend\data\wheat_model_support.db,available
2025-11-01,2025/26,total_demand_monthly,Total demand monthly,3.954987,million_tonnes,feed_plus_industrial_plus_exports_plus_seed_plus_domestic_other_use,Derived inside Maize demand store,D:\ncel2\ncel-commodity-pricing\SnD\demand\maize\build_maize_demand_store.py,derived
2025-12-01,2025/26,domestic_other_use,Domestic other use,0.94967,million_tonnes,annual_total_demand_to_monthly_other_proxy,Local maize supply-demand balance,D:\ncel2\ncel-commodity-pricing\SnD\supply\maize\maize_supply_factors.db,not_found_cleanly
2025-12-01,2025/26,ethanol_demand_signal,Ethanol demand signal,70.0,index_100,curated_step_signal,Curated Maize demand profile,D:\ncel2\ncel-commodity-pricing\SnD\demand\maize\build_maize_demand_store.py,curated
2025-12-01,2025/26,exports,Exports,0.0651,million_tonnes,annual_exports_to_monthly_proxy,APEDA Product Page + proxy,https://apeda.gov.in/,partially_available
2025-12-01,2025/26,feed_use,Feed use,2.242136,million_tonnes,annual_total_demand_to_monthly_feed_proxy,Local maize supply-demand balance,D:\ncel2\ncel-commodity-pricing\SnD\supply\maize\maize_supply_factors.db,mixed
2025-12-01,2025/26,industrial_use,Industrial use,0.43929,million_tonnes,annual_total_demand_to_monthly_industrial_proxy,Local maize supply-demand balance,D:\ncel2\ncel-commodity-pricing\SnD\supply\maize\maize_supply_factors.db,not_found_cleanly
2025-12-01,2025/26,policy_changes,Policy changes,0.0,policy_index,curated_event_series,Curated Maize demand profile,D:\ncel2\ncel-commodity-pricing\SnD\demand\maize\build_maize_demand_store.py,curated
2025-12-01,2025/26,population_trend,Population / consumption trend,1462.055833,million_people,annual_population_to_monthly_interpolation,Interpolated population trend,D:\ncel2\ncel-commodity-pricing\SnD\demand\maize\build_maize_demand_store.py,annual_only
2025-12-01,2025/26,poultry_demand_cycle,Poultry demand cycle,107.0,index_100,curated_monthly_poultry_cycle,Curated Maize demand profile,D:\ncel2\ncel-commodity-pricing\SnD\demand\maize\build_maize_demand_store.py,curated
2025-12-01,2025/26,retail_price_pressure,Retail / mandi price pressure,82.918946,index_100,monthly_national_maize_price_index,Local maize support store,D:\ncel2\ncel-commodity-pricing\backend\data\maize_model_support.db,available
2025-12-01,2025/26,seed_use,Seed use,0.12152,million_tonnes,annual_seed_to_monthly_sowing_proxy,Derived sowing proxy,D:\ncel2\ncel-commodity-pricing\SnD\demand\maize\build_maize_demand_store.py,not_found_cleanly
2025-12-01,2025/26,substitution_effect,Substitution effect,118.144266,index_100,monthly_maize_vs_wheat_ratio_index,Local maize vs wheat support stores,D:\ncel2\ncel-commodity-pricing\backend\data\maize_model_support.db | D:\ncel2\ncel-commodity-pricing\backend\data\wheat_model_support.db,available
2025-12-01,2025/26,total_demand_monthly,Total demand monthly,3.817716,million_tonnes,feed_plus_industrial_plus_exports_plus_seed_plus_domestic_other_use,Derived inside Maize demand store,D:\ncel2\ncel-commodity-pricing\SnD\demand\maize\build_maize_demand_store.py,derived
2026-01-01,2025/26,domestic_other_use,Domestic other use,0.884919,million_tonnes,annual_total_demand_to_monthly_other_proxy,Local maize supply-demand balance,D:\ncel2\ncel-commodity-pricing\SnD\supply\maize\maize_supply_factors.db,not_found_cleanly
2026-01-01,2025/26,ethanol_demand_signal,Ethanol demand signal,70.0,index_100,curated_step_signal,Curated Maize demand profile,D:\ncel2\ncel-commodity-pricing\SnD\demand\maize\build_maize_demand_store.py,curated
2026-01-01,2025/26,exports,Exports,0.05859,million_tonnes,annual_exports_to_monthly_proxy,APEDA Product Page + proxy,https://apeda.gov.in/,partially_available
2026-01-01,2025/26,feed_use,Feed use,2.191179,million_tonnes,annual_total_demand_to_monthly_feed_proxy,Local maize supply-demand balance,D:\ncel2\ncel-commodity-pricing\SnD\supply\maize\maize_supply_factors.db,mixed
2026-01-01,2025/26,industrial_use,Industrial use,0.43929,million_tonnes,annual_total_demand_to_monthly_industrial_proxy,Local maize supply-demand balance,D:\ncel2\ncel-commodity-pricing\SnD\supply\maize\maize_supply_factors.db,not_found_cleanly
2026-01-01,2025/26,policy_changes,Policy changes,0.0,policy_index,curated_event_series,Curated Maize demand profile,D:\ncel2\ncel-commodity-pricing\SnD\demand\maize\build_maize_demand_store.py,curated
2026-01-01,2025/26,population_trend,Population / consumption trend,1463.0,million_people,annual_population_to_monthly_interpolation,Interpolated population trend,D:\ncel2\ncel-commodity-pricing\SnD\demand\maize\build_maize_demand_store.py,annual_only
2026-01-01,2025/26,poultry_demand_cycle,Poultry demand cycle,102.0,index_100,curated_monthly_poultry_cycle,Curated Maize demand profile,D:\ncel2\ncel-commodity-pricing\SnD\demand\maize\build_maize_demand_store.py,curated
2026-01-01,2025/26,retail_price_pressure,Retail / mandi price pressure,81.923989,index_100,monthly_national_maize_price_index,Local maize support store,D:\ncel2\ncel-commodity-pricing\backend\data\maize_model_support.db,available
2026-01-01,2025/26,seed_use,Seed use,0.01736,million_tonnes,annual_seed_to_monthly_sowing_proxy,Derived sowing proxy,D:\ncel2\ncel-commodity-pricing\SnD\demand\maize\build_maize_demand_store.py,not_found_cleanly
2026-01-01,2025/26,substitution_effect,Substitution effect,121.697567,index_100,monthly_maize_vs_wheat_ratio_index,Local maize vs wheat support stores,D:\ncel2\ncel-commodity-pricing\backend\data\maize_model_support.db | D:\ncel2\ncel-commodity-pricing\backend\data\wheat_model_support.db,available
2026-01-01,2025/26,total_demand_monthly,Total demand monthly,3.591338,million_tonnes,feed_plus_industrial_plus_exports_plus_seed_plus_domestic_other_use,Derived inside Maize demand store,D:\ncel2\ncel-commodity-pricing\SnD\demand\maize\build_maize_demand_store.py,derived
2026-02-01,2025/26,domestic_other_use,Domestic other use,0.874128,million_tonnes,annual_total_demand_to_monthly_other_proxy,Local maize supply-demand balance,D:\ncel2\ncel-commodity-pricing\SnD\supply\maize\maize_supply_factors.db,not_found_cleanly
2026-02-01,2025/26,ethanol_demand_signal,Ethanol demand signal,70.0,index_100,curated_step_signal,Curated Maize demand profile,D:\ncel2\ncel-commodity-pricing\SnD\demand\maize\build_maize_demand_store.py,curated
2026-02-01,2025/26,exports,Exports,0.05859,million_tonnes,annual_exports_to_monthly_proxy,APEDA Product Page + proxy,https://apeda.gov.in/,partially_available
2026-02-01,2025/26,feed_use,Feed use,2.140221,million_tonnes,annual_total_demand_to_monthly_feed_proxy,Local maize supply-demand balance,D:\ncel2\ncel-commodity-pricing\SnD\supply\maize\maize_supply_factors.db,mixed
2026-02-01,2025/26,industrial_use,Industrial use,0.43929,million_tonnes,annual_total_demand_to_monthly_industrial_proxy,Local maize supply-demand balance,D:\ncel2\ncel-commodity-pricing\SnD\supply\maize\maize_supply_factors.db,not_found_cleanly
2026-02-01,2025/26,policy_changes,Policy changes,0.0,policy_index,curated_event_series,Curated Maize demand profile,D:\ncel2\ncel-commodity-pricing\SnD\demand\maize\build_maize_demand_store.py,curated
2026-02-01,2025/26,population_trend,Population / consumption trend,1463.0,million_people,annual_population_to_monthly_interpolation,Interpolated population trend,D:\ncel2\ncel-commodity-pricing\SnD\demand\maize\build_maize_demand_store.py,annual_only
2026-02-01,2025/26,poultry_demand_cycle,Poultry demand cycle,101.0,index_100,curated_monthly_poultry_cycle,Curated Maize demand profile,D:\ncel2\ncel-commodity-pricing\SnD\demand\maize\build_maize_demand_store.py,curated
2026-02-01,2025/26,retail_price_pressure,Retail / mandi price pressure,79.266088,index_100,monthly_national_maize_price_index,Local maize support store,D:\ncel2\ncel-commodity-pricing\backend\data\maize_model_support.db,available
2026-02-01,2025/26,seed_use,Seed use,0.01736,million_tonnes,annual_seed_to_monthly_sowing_proxy,Derived sowing proxy,D:\ncel2\ncel-commodity-pricing\SnD\demand\maize\build_maize_demand_store.py,not_found_cleanly
2026-02-01,2025/26,substitution_effect,Substitution effect,120.651848,index_100,monthly_maize_vs_wheat_ratio_index,Local maize vs wheat support stores,D:\ncel2\ncel-commodity-pricing\backend\data\maize_model_support.db | D:\ncel2\ncel-commodity-pricing\backend\data\wheat_model_support.db,available
2026-02-01,2025/26,total_demand_monthly,Total demand monthly,3.529589,million_tonnes,feed_plus_industrial_plus_exports_plus_seed_plus_domestic_other_use,Derived inside Maize demand store,D:\ncel2\ncel-commodity-pricing\SnD\demand\maize\build_maize_demand_store.py,derived
2026-03-01,2025/26,domestic_other_use,Domestic other use,0.874128,million_tonnes,annual_total_demand_to_monthly_other_proxy,Local maize supply-demand balance,D:\ncel2\ncel-commodity-pricing\SnD\supply\maize\maize_supply_factors.db,not_found_cleanly
2026-03-01,2025/26,ethanol_demand_signal,Ethanol demand signal,70.0,index_100,curated_step_signal,Curated Maize demand profile,D:\ncel2\ncel-commodity-pricing\SnD\demand\maize\build_maize_demand_store.py,curated
2026-03-01,2025/26,exports,Exports,0.05208,million_tonnes,annual_exports_to_monthly_proxy,APEDA Product Page + proxy,https://apeda.gov.in/,partially_available
2026-03-01,2025/26,feed_use,Feed use,2.089263,million_tonnes,annual_total_demand_to_monthly_feed_proxy,Local maize supply-demand balance,D:\ncel2\ncel-commodity-pricing\SnD\supply\maize\maize_supply_factors.db,mixed
2026-03-01,2025/26,industrial_use,Industrial use,0.43929,million_tonnes,annual_total_demand_to_monthly_industrial_proxy,Local maize supply-demand balance,D:\ncel2\ncel-commodity-pricing\SnD\supply\maize\maize_supply_factors.db,not_found_cleanly
2026-03-01,2025/26,policy_changes,Policy changes,0.0,policy_index,curated_event_series,Curated Maize demand profile,D:\ncel2\ncel-commodity-pricing\SnD\demand\maize\build_maize_demand_store.py,curated
2026-03-01,2025/26,population_trend,Population / consumption trend,1463.0,million_people,annual_population_to_monthly_interpolation,Interpolated population trend,D:\ncel2\ncel-commodity-pricing\SnD\demand\maize\build_maize_demand_store.py,annual_only
2026-03-01,2025/26,poultry_demand_cycle,Poultry demand cycle,99.0,index_100,curated_monthly_poultry_cycle,Curated Maize demand profile,D:\ncel2\ncel-commodity-pricing\SnD\demand\maize\build_maize_demand_store.py,curated
2026-03-01,2025/26,retail_price_pressure,Retail / mandi price pressure,84.145239,index_100,monthly_national_maize_price_index,Local maize support store,D:\ncel2\ncel-commodity-pricing\backend\data\maize_model_support.db,available
2026-03-01,2025/26,seed_use,Seed use,0.01736,million_tonnes,annual_seed_to_monthly_sowing_proxy,Derived sowing proxy,D:\ncel2\ncel-commodity-pricing\SnD\demand\maize\build_maize_demand_store.py,not_found_cleanly
2026-03-01,2025/26,substitution_effect,Substitution effect,108.852148,index_100,monthly_maize_vs_wheat_ratio_index,Local maize vs wheat support stores,D:\ncel2\ncel-commodity-pricing\backend\data\maize_model_support.db | D:\ncel2\ncel-commodity-pricing\backend\data\wheat_model_support.db,available
2026-03-01,2025/26,total_demand_monthly,Total demand monthly,3.472121,million_tonnes,feed_plus_industrial_plus_exports_plus_seed_plus_domestic_other_use,Derived inside Maize demand store,D:\ncel2\ncel-commodity-pricing\SnD\demand\maize\build_maize_demand_store.py,derived
