metric_month,marketing_year,geography,factor_key,factor_name,factor_group,value,unit,method,source_name,source_url,monthly_source_status
2016-04-01,2016/17,India,acreage_sown_area,Acreage (sown area),area,9.6,million_hectare,annual_hold_constant_monthly,Economic Survey Statistical Appendix,https://www.indiabudget.gov.in/economicsurvey/doc/Statistical-Appendix-in-English.pdf,annual_only
2016-04-01,2015/16,Global,brazil_safrinha_harvest_calendar,Brazil safrinha harvest calendar,calendar,42.0,index,recurring_monthly_harvest_calendar,Curated Brazil safrinha harvest calendar,https://www.fao.org/,curated
2016-04-01,2016/17,India,buffer_stock,Buffer stock,stock,2.395,million_tonnes,annual_opening_to_closing_stock_interpolation,Local supply-demand analytics store,D:\ncel2\ncel-commodity-pricing\backend\data\supply_demand_analytics.db,mixed
2016-04-01,2016/17,India,domestic_production,Domestic production,production,0.777,million_tonnes,annual_production_to_monthly_harvest_release_proxy,Economic Survey Statistical Appendix,https://www.indiabudget.gov.in/economicsurvey/doc/Statistical-Appendix-in-English.pdf,annual_only
2016-04-01,2015/16,Global,global_exporter_harvest_calendar,Global exporter harvest calendar,calendar,24.0,index,recurring_monthly_harvest_calendar,Curated global maize exporter harvest calendar,https://www.fao.org/,curated
2016-04-01,2016/17,India,imports,Imports,trade,0.0,million_tonnes,annual_imports_to_monthly_uniform_proxy,Local supply-demand analytics store,D:\ncel2\ncel-commodity-pricing\backend\data\supply_demand_analytics.db,mixed
2016-04-01,2015/16,Argentina,major_producer_crop_conditions,Major producer crop conditions,crop_condition,58.0,index,recurring_monthly_crop_condition_profile,Curated global maize crop-condition profile,https://www.usda.gov/,curated
2016-04-01,2015/16,Brazil,major_producer_crop_conditions,Major producer crop conditions,crop_condition,62.0,index,recurring_monthly_crop_condition_profile,Curated global maize crop-condition profile,https://www.usda.gov/,curated
2016-04-01,2015/16,Ukraine,major_producer_crop_conditions,Major producer crop conditions,crop_condition,50.0,index,recurring_monthly_crop_condition_profile,Curated global maize crop-condition profile,https://www.usda.gov/,curated
2016-04-01,2015/16,United States,major_producer_crop_conditions,Major producer crop conditions,crop_condition,52.0,index,recurring_monthly_crop_condition_profile,Curated global maize crop-condition profile,https://www.usda.gov/,curated
2016-04-01,2016/17,India,opening_stock,Opening stocks,stock,2.395,million_tonnes,annual_opening_to_closing_stock_interpolation,Local supply-demand analytics store,D:\ncel2\ncel-commodity-pricing\backend\data\supply_demand_analytics.db,mixed
2016-04-01,2016/17,India,total_availability,Total availability,derived,3.172,million_tonnes,opening_stock_plus_domestic_production_plus_imports,Derived inside Maize supply store,D:\ncel2\ncel-commodity-pricing\SnD\supply\maize\maize_supply_factors.db,derived
2016-04-01,2016/17,Argentina,usda_global_production,USDA global production by country,global_production,51.6,million_tonnes,backfilled_from_2023_24_usda_snapshot,USDA WASDE March 2026 local text snapshot,D:\ncel2\ncel-commodity-pricing\backend\data\tmp_wasde0326.txt,partial
2016-04-01,2016/17,Brazil,usda_global_production,USDA global production by country,global_production,119.0,million_tonnes,backfilled_from_2023_24_usda_snapshot,USDA WASDE March 2026 local text snapshot,D:\ncel2\ncel-commodity-pricing\backend\data\tmp_wasde0326.txt,partial
2016-04-01,2016/17,Ukraine,usda_global_production,USDA global production by country,global_production,32.5,million_tonnes,backfilled_from_2023_24_usda_snapshot,USDA WASDE March 2026 local text snapshot,D:\ncel2\ncel-commodity-pricing\backend\data\tmp_wasde0326.txt,partial
2016-04-01,2016/17,United States,usda_global_production,USDA global production by country,global_production,389.67,million_tonnes,backfilled_from_2023_24_usda_snapshot,USDA WASDE March 2026 local text snapshot,D:\ncel2\ncel-commodity-pricing\backend\data\tmp_wasde0326.txt,partial
2016-04-01,2016/17,India,yield_per_hectare,Yield per hectare,yield,2689.0,kg_per_hectare,annual_hold_constant_monthly,Economic Survey Statistical Appendix,https://www.indiabudget.gov.in/economicsurvey/doc/Statistical-Appendix-in-English.pdf,annual_only
2016-05-01,2016/17,India,acreage_sown_area,Acreage (sown area),area,9.6,million_hectare,annual_hold_constant_monthly,Economic Survey Statistical Appendix,https://www.indiabudget.gov.in/economicsurvey/doc/Statistical-Appendix-in-English.pdf,annual_only
2016-05-01,2015/16,Global,brazil_safrinha_harvest_calendar,Brazil safrinha harvest calendar,calendar,68.0,index,recurring_monthly_harvest_calendar,Curated Brazil safrinha harvest calendar,https://www.fao.org/,curated
2016-05-01,2016/17,India,buffer_stock,Buffer stock,stock,2.395,million_tonnes,annual_opening_to_closing_stock_interpolation,Local supply-demand analytics store,D:\ncel2\ncel-commodity-pricing\backend\data\supply_demand_analytics.db,mixed
2016-05-01,2016/17,India,domestic_production,Domestic production,production,1.295,million_tonnes,annual_production_to_monthly_harvest_release_proxy,Economic Survey Statistical Appendix,https://www.indiabudget.gov.in/economicsurvey/doc/Statistical-Appendix-in-English.pdf,annual_only
2016-05-01,2015/16,Global,global_exporter_harvest_calendar,Global exporter harvest calendar,calendar,39.0,index,recurring_monthly_harvest_calendar,Curated global maize exporter harvest calendar,https://www.fao.org/,curated
2016-05-01,2016/17,India,imports,Imports,trade,0.0,million_tonnes,annual_imports_to_monthly_uniform_proxy,Local supply-demand analytics store,D:\ncel2\ncel-commodity-pricing\backend\data\supply_demand_analytics.db,mixed
2016-05-01,2015/16,Argentina,major_producer_crop_conditions,Major producer crop conditions,crop_condition,54.0,index,recurring_monthly_crop_condition_profile,Curated global maize crop-condition profile,https://www.usda.gov/,curated
2016-05-01,2015/16,Brazil,major_producer_crop_conditions,Major producer crop conditions,crop_condition,58.0,index,recurring_monthly_crop_condition_profile,Curated global maize crop-condition profile,https://www.usda.gov/,curated
2016-05-01,2015/16,Ukraine,major_producer_crop_conditions,Major producer crop conditions,crop_condition,60.0,index,recurring_monthly_crop_condition_profile,Curated global maize crop-condition profile,https://www.usda.gov/,curated
2016-05-01,2015/16,United States,major_producer_crop_conditions,Major producer crop conditions,crop_condition,63.0,index,recurring_monthly_crop_condition_profile,Curated global maize crop-condition profile,https://www.usda.gov/,curated
2016-05-01,2016/17,India,opening_stock,Opening stocks,stock,2.395,million_tonnes,annual_opening_to_closing_stock_interpolation,Local supply-demand analytics store,D:\ncel2\ncel-commodity-pricing\backend\data\supply_demand_analytics.db,mixed
2016-05-01,2016/17,India,total_availability,Total availability,derived,3.69,million_tonnes,opening_stock_plus_domestic_production_plus_imports,Derived inside Maize supply store,D:\ncel2\ncel-commodity-pricing\SnD\supply\maize\maize_supply_factors.db,derived
2016-05-01,2016/17,Argentina,usda_global_production,USDA global production by country,global_production,51.6,million_tonnes,backfilled_from_2023_24_usda_snapshot,USDA WASDE March 2026 local text snapshot,D:\ncel2\ncel-commodity-pricing\backend\data\tmp_wasde0326.txt,partial
2016-05-01,2016/17,Brazil,usda_global_production,USDA global production by country,global_production,119.0,million_tonnes,backfilled_from_2023_24_usda_snapshot,USDA WASDE March 2026 local text snapshot,D:\ncel2\ncel-commodity-pricing\backend\data\tmp_wasde0326.txt,partial
2016-05-01,2016/17,Ukraine,usda_global_production,USDA global production by country,global_production,32.5,million_tonnes,backfilled_from_2023_24_usda_snapshot,USDA WASDE March 2026 local text snapshot,D:\ncel2\ncel-commodity-pricing\backend\data\tmp_wasde0326.txt,partial
2016-05-01,2016/17,United States,usda_global_production,USDA global production by country,global_production,389.67,million_tonnes,backfilled_from_2023_24_usda_snapshot,USDA WASDE March 2026 local text snapshot,D:\ncel2\ncel-commodity-pricing\backend\data\tmp_wasde0326.txt,partial
2016-05-01,2016/17,India,yield_per_hectare,Yield per hectare,yield,2689.0,kg_per_hectare,annual_hold_constant_monthly,Economic Survey Statistical Appendix,https://www.indiabudget.gov.in/economicsurvey/doc/Statistical-Appendix-in-English.pdf,annual_only
2016-06-01,2016/17,India,acreage_sown_area,Acreage (sown area),area,9.6,million_hectare,annual_hold_constant_monthly,Economic Survey Statistical Appendix,https://www.indiabudget.gov.in/economicsurvey/doc/Statistical-Appendix-in-English.pdf,annual_only
2016-06-01,2015/16,Global,brazil_safrinha_harvest_calendar,Brazil safrinha harvest calendar,calendar,92.0,index,recurring_monthly_harvest_calendar,Curated Brazil safrinha harvest calendar,https://www.fao.org/,curated
2016-06-01,2016/17,India,buffer_stock,Buffer stock,stock,2.395,million_tonnes,annual_opening_to_closing_stock_interpolation,Local supply-demand analytics store,D:\ncel2\ncel-commodity-pricing\backend\data\supply_demand_analytics.db,mixed
2016-06-01,2016/17,India,domestic_production,Domestic production,production,2.072,million_tonnes,annual_production_to_monthly_harvest_release_proxy,Economic Survey Statistical Appendix,https://www.indiabudget.gov.in/economicsurvey/doc/Statistical-Appendix-in-English.pdf,annual_only
2016-06-01,2015/16,Global,global_exporter_harvest_calendar,Global exporter harvest calendar,calendar,55.0,index,recurring_monthly_harvest_calendar,Curated global maize exporter harvest calendar,https://www.fao.org/,curated
2016-06-01,2016/17,India,imports,Imports,trade,0.0,million_tonnes,annual_imports_to_monthly_uniform_proxy,Local supply-demand analytics store,D:\ncel2\ncel-commodity-pricing\backend\data\supply_demand_analytics.db,mixed
2016-06-01,2015/16,Argentina,major_producer_crop_conditions,Major producer crop conditions,crop_condition,52.0,index,recurring_monthly_crop_condition_profile,Curated global maize crop-condition profile,https://www.usda.gov/,curated
2016-06-01,2015/16,Brazil,major_producer_crop_conditions,Major producer crop conditions,crop_condition,56.0,index,recurring_monthly_crop_condition_profile,Curated global maize crop-condition profile,https://www.usda.gov/,curated
2016-06-01,2015/16,Ukraine,major_producer_crop_conditions,Major producer crop conditions,crop_condition,70.0,index,recurring_monthly_crop_condition_profile,Curated global maize crop-condition profile,https://www.usda.gov/,curated
2016-06-01,2015/16,United States,major_producer_crop_conditions,Major producer crop conditions,crop_condition,74.0,index,recurring_monthly_crop_condition_profile,Curated global maize crop-condition profile,https://www.usda.gov/,curated
2016-06-01,2016/17,India,opening_stock,Opening stocks,stock,2.395,million_tonnes,annual_opening_to_closing_stock_interpolation,Local supply-demand analytics store,D:\ncel2\ncel-commodity-pricing\backend\data\supply_demand_analytics.db,mixed
2016-06-01,2016/17,India,total_availability,Total availability,derived,4.467,million_tonnes,opening_stock_plus_domestic_production_plus_imports,Derived inside Maize supply store,D:\ncel2\ncel-commodity-pricing\SnD\supply\maize\maize_supply_factors.db,derived
2016-06-01,2016/17,Argentina,usda_global_production,USDA global production by country,global_production,51.6,million_tonnes,backfilled_from_2023_24_usda_snapshot,USDA WASDE March 2026 local text snapshot,D:\ncel2\ncel-commodity-pricing\backend\data\tmp_wasde0326.txt,partial
2016-06-01,2016/17,Brazil,usda_global_production,USDA global production by country,global_production,119.0,million_tonnes,backfilled_from_2023_24_usda_snapshot,USDA WASDE March 2026 local text snapshot,D:\ncel2\ncel-commodity-pricing\backend\data\tmp_wasde0326.txt,partial
2016-06-01,2016/17,Ukraine,usda_global_production,USDA global production by country,global_production,32.5,million_tonnes,backfilled_from_2023_24_usda_snapshot,USDA WASDE March 2026 local text snapshot,D:\ncel2\ncel-commodity-pricing\backend\data\tmp_wasde0326.txt,partial
2016-06-01,2016/17,United States,usda_global_production,USDA global production by country,global_production,389.67,million_tonnes,backfilled_from_2023_24_usda_snapshot,USDA WASDE March 2026 local text snapshot,D:\ncel2\ncel-commodity-pricing\backend\data\tmp_wasde0326.txt,partial
2016-06-01,2016/17,India,yield_per_hectare,Yield per hectare,yield,2689.0,kg_per_hectare,annual_hold_constant_monthly,Economic Survey Statistical Appendix,https://www.indiabudget.gov.in/economicsurvey/doc/Statistical-Appendix-in-English.pdf,annual_only
2016-07-01,2016/17,India,acreage_sown_area,Acreage (sown area),area,9.6,million_hectare,annual_hold_constant_monthly,Economic Survey Statistical Appendix,https://www.indiabudget.gov.in/economicsurvey/doc/Statistical-Appendix-in-English.pdf,annual_only
2016-07-01,2015/16,Global,brazil_safrinha_harvest_calendar,Brazil safrinha harvest calendar,calendar,100.0,index,recurring_monthly_harvest_calendar,Curated Brazil safrinha harvest calendar,https://www.fao.org/,curated
2016-07-01,2016/17,India,buffer_stock,Buffer stock,stock,2.395,million_tonnes,annual_opening_to_closing_stock_interpolation,Local supply-demand analytics store,D:\ncel2\ncel-commodity-pricing\backend\data\supply_demand_analytics.db,mixed
2016-07-01,2016/17,India,domestic_production,Domestic production,production,2.331,million_tonnes,annual_production_to_monthly_harvest_release_proxy,Economic Survey Statistical Appendix,https://www.indiabudget.gov.in/economicsurvey/doc/Statistical-Appendix-in-English.pdf,annual_only
2016-07-01,2015/16,Global,global_exporter_harvest_calendar,Global exporter harvest calendar,calendar,73.0,index,recurring_monthly_harvest_calendar,Curated global maize exporter harvest calendar,https://www.fao.org/,curated
2016-07-01,2016/17,India,imports,Imports,trade,0.0,million_tonnes,annual_imports_to_monthly_uniform_proxy,Local supply-demand analytics store,D:\ncel2\ncel-commodity-pricing\backend\data\supply_demand_analytics.db,mixed
2016-07-01,2015/16,Argentina,major_producer_crop_conditions,Major producer crop conditions,crop_condition,50.0,index,recurring_monthly_crop_condition_profile,Curated global maize crop-condition profile,https://www.usda.gov/,curated
2016-07-01,2015/16,Brazil,major_producer_crop_conditions,Major producer crop conditions,crop_condition,55.0,index,recurring_monthly_crop_condition_profile,Curated global maize crop-condition profile,https://www.usda.gov/,curated
2016-07-01,2015/16,Ukraine,major_producer_crop_conditions,Major producer crop conditions,crop_condition,76.0,index,recurring_monthly_crop_condition_profile,Curated global maize crop-condition profile,https://www.usda.gov/,curated
2016-07-01,2015/16,United States,major_producer_crop_conditions,Major producer crop conditions,crop_condition,78.0,index,recurring_monthly_crop_condition_profile,Curated global maize crop-condition profile,https://www.usda.gov/,curated
2016-07-01,2016/17,India,opening_stock,Opening stocks,stock,2.395,million_tonnes,annual_opening_to_closing_stock_interpolation,Local supply-demand analytics store,D:\ncel2\ncel-commodity-pricing\backend\data\supply_demand_analytics.db,mixed
2016-07-01,2016/17,India,total_availability,Total availability,derived,4.726,million_tonnes,opening_stock_plus_domestic_production_plus_imports,Derived inside Maize supply store,D:\ncel2\ncel-commodity-pricing\SnD\supply\maize\maize_supply_factors.db,derived
2016-07-01,2016/17,Argentina,usda_global_production,USDA global production by country,global_production,51.6,million_tonnes,backfilled_from_2023_24_usda_snapshot,USDA WASDE March 2026 local text snapshot,D:\ncel2\ncel-commodity-pricing\backend\data\tmp_wasde0326.txt,partial
2016-07-01,2016/17,Brazil,usda_global_production,USDA global production by country,global_production,119.0,million_tonnes,backfilled_from_2023_24_usda_snapshot,USDA WASDE March 2026 local text snapshot,D:\ncel2\ncel-commodity-pricing\backend\data\tmp_wasde0326.txt,partial
2016-07-01,2016/17,Ukraine,usda_global_production,USDA global production by country,global_production,32.5,million_tonnes,backfilled_from_2023_24_usda_snapshot,USDA WASDE March 2026 local text snapshot,D:\ncel2\ncel-commodity-pricing\backend\data\tmp_wasde0326.txt,partial
2016-07-01,2016/17,United States,usda_global_production,USDA global production by country,global_production,389.67,million_tonnes,backfilled_from_2023_24_usda_snapshot,USDA WASDE March 2026 local text snapshot,D:\ncel2\ncel-commodity-pricing\backend\data\tmp_wasde0326.txt,partial
2016-07-01,2016/17,India,yield_per_hectare,Yield per hectare,yield,2689.0,kg_per_hectare,annual_hold_constant_monthly,Economic Survey Statistical Appendix,https://www.indiabudget.gov.in/economicsurvey/doc/Statistical-Appendix-in-English.pdf,annual_only
2016-08-01,2016/17,India,acreage_sown_area,Acreage (sown area),area,9.6,million_hectare,annual_hold_constant_monthly,Economic Survey Statistical Appendix,https://www.indiabudget.gov.in/economicsurvey/doc/Statistical-Appendix-in-English.pdf,annual_only
2016-08-01,2015/16,Global,brazil_safrinha_harvest_calendar,Brazil safrinha harvest calendar,calendar,82.0,index,recurring_monthly_harvest_calendar,Curated Brazil safrinha harvest calendar,https://www.fao.org/,curated
2016-08-01,2016/17,India,buffer_stock,Buffer stock,stock,2.395,million_tonnes,annual_opening_to_closing_stock_interpolation,Local supply-demand analytics store,D:\ncel2\ncel-commodity-pricing\backend\data\supply_demand_analytics.db,mixed
2016-08-01,2016/17,India,domestic_production,Domestic production,production,2.331,million_tonnes,annual_production_to_monthly_harvest_release_proxy,Economic Survey Statistical Appendix,https://www.indiabudget.gov.in/economicsurvey/doc/Statistical-Appendix-in-English.pdf,annual_only
2016-08-01,2015/16,Global,global_exporter_harvest_calendar,Global exporter harvest calendar,calendar,88.0,index,recurring_monthly_harvest_calendar,Curated global maize exporter harvest calendar,https://www.fao.org/,curated
2016-08-01,2016/17,India,imports,Imports,trade,0.0,million_tonnes,annual_imports_to_monthly_uniform_proxy,Local supply-demand analytics store,D:\ncel2\ncel-commodity-pricing\backend\data\supply_demand_analytics.db,mixed
2016-08-01,2015/16,Argentina,major_producer_crop_conditions,Major producer crop conditions,crop_condition,51.0,index,recurring_monthly_crop_condition_profile,Curated global maize crop-condition profile,https://www.usda.gov/,curated
2016-08-01,2015/16,Brazil,major_producer_crop_conditions,Major producer crop conditions,crop_condition,57.0,index,recurring_monthly_crop_condition_profile,Curated global maize crop-condition profile,https://www.usda.gov/,curated
2016-08-01,2015/16,Ukraine,major_producer_crop_conditions,Major producer crop conditions,crop_condition,73.0,index,recurring_monthly_crop_condition_profile,Curated global maize crop-condition profile,https://www.usda.gov/,curated
2016-08-01,2015/16,United States,major_producer_crop_conditions,Major producer crop conditions,crop_condition,71.0,index,recurring_monthly_crop_condition_profile,Curated global maize crop-condition profile,https://www.usda.gov/,curated
2016-08-01,2016/17,India,opening_stock,Opening stocks,stock,2.395,million_tonnes,annual_opening_to_closing_stock_interpolation,Local supply-demand analytics store,D:\ncel2\ncel-commodity-pricing\backend\data\supply_demand_analytics.db,mixed
2016-08-01,2016/17,India,total_availability,Total availability,derived,4.726,million_tonnes,opening_stock_plus_domestic_production_plus_imports,Derived inside Maize supply store,D:\ncel2\ncel-commodity-pricing\SnD\supply\maize\maize_supply_factors.db,derived
2016-08-01,2016/17,Argentina,usda_global_production,USDA global production by country,global_production,51.6,million_tonnes,backfilled_from_2023_24_usda_snapshot,USDA WASDE March 2026 local text snapshot,D:\ncel2\ncel-commodity-pricing\backend\data\tmp_wasde0326.txt,partial
2016-08-01,2016/17,Brazil,usda_global_production,USDA global production by country,global_production,119.0,million_tonnes,backfilled_from_2023_24_usda_snapshot,USDA WASDE March 2026 local text snapshot,D:\ncel2\ncel-commodity-pricing\backend\data\tmp_wasde0326.txt,partial
2016-08-01,2016/17,Ukraine,usda_global_production,USDA global production by country,global_production,32.5,million_tonnes,backfilled_from_2023_24_usda_snapshot,USDA WASDE March 2026 local text snapshot,D:\ncel2\ncel-commodity-pricing\backend\data\tmp_wasde0326.txt,partial
2016-08-01,2016/17,United States,usda_global_production,USDA global production by country,global_production,389.67,million_tonnes,backfilled_from_2023_24_usda_snapshot,USDA WASDE March 2026 local text snapshot,D:\ncel2\ncel-commodity-pricing\backend\data\tmp_wasde0326.txt,partial
2016-08-01,2016/17,India,yield_per_hectare,Yield per hectare,yield,2689.0,kg_per_hectare,annual_hold_constant_monthly,Economic Survey Statistical Appendix,https://www.indiabudget.gov.in/economicsurvey/doc/Statistical-Appendix-in-English.pdf,annual_only
2016-09-01,2016/17,India,acreage_sown_area,Acreage (sown area),area,9.6,million_hectare,annual_hold_constant_monthly,Economic Survey Statistical Appendix,https://www.indiabudget.gov.in/economicsurvey/doc/Statistical-Appendix-in-English.pdf,annual_only
2016-09-01,2015/16,Global,brazil_safrinha_harvest_calendar,Brazil safrinha harvest calendar,calendar,44.0,index,recurring_monthly_harvest_calendar,Curated Brazil safrinha harvest calendar,https://www.fao.org/,curated
2016-09-01,2016/17,India,buffer_stock,Buffer stock,stock,2.395,million_tonnes,annual_opening_to_closing_stock_interpolation,Local supply-demand analytics store,D:\ncel2\ncel-commodity-pricing\backend\data\supply_demand_analytics.db,mixed
2016-09-01,2016/17,India,domestic_production,Domestic production,production,3.626,million_tonnes,annual_production_to_monthly_harvest_release_proxy,Economic Survey Statistical Appendix,https://www.indiabudget.gov.in/economicsurvey/doc/Statistical-Appendix-in-English.pdf,annual_only
2016-09-01,2015/16,Global,global_exporter_harvest_calendar,Global exporter harvest calendar,calendar,100.0,index,recurring_monthly_harvest_calendar,Curated global maize exporter harvest calendar,https://www.fao.org/,curated
2016-09-01,2016/17,India,imports,Imports,trade,0.0,million_tonnes,annual_imports_to_monthly_uniform_proxy,Local supply-demand analytics store,D:\ncel2\ncel-commodity-pricing\backend\data\supply_demand_analytics.db,mixed
2016-09-01,2015/16,Argentina,major_producer_crop_conditions,Major producer crop conditions,crop_condition,55.0,index,recurring_monthly_crop_condition_profile,Curated global maize crop-condition profile,https://www.usda.gov/,curated
2016-09-01,2015/16,Brazil,major_producer_crop_conditions,Major producer crop conditions,crop_condition,60.0,index,recurring_monthly_crop_condition_profile,Curated global maize crop-condition profile,https://www.usda.gov/,curated
2016-09-01,2015/16,Ukraine,major_producer_crop_conditions,Major producer crop conditions,crop_condition,64.0,index,recurring_monthly_crop_condition_profile,Curated global maize crop-condition profile,https://www.usda.gov/,curated
2016-09-01,2015/16,United States,major_producer_crop_conditions,Major producer crop conditions,crop_condition,60.0,index,recurring_monthly_crop_condition_profile,Curated global maize crop-condition profile,https://www.usda.gov/,curated
2016-09-01,2016/17,India,opening_stock,Opening stocks,stock,2.395,million_tonnes,annual_opening_to_closing_stock_interpolation,Local supply-demand analytics store,D:\ncel2\ncel-commodity-pricing\backend\data\supply_demand_analytics.db,mixed
2016-09-01,2016/17,India,total_availability,Total availability,derived,6.021,million_tonnes,opening_stock_plus_domestic_production_plus_imports,Derived inside Maize supply store,D:\ncel2\ncel-commodity-pricing\SnD\supply\maize\maize_supply_factors.db,derived
2016-09-01,2016/17,Argentina,usda_global_production,USDA global production by country,global_production,51.6,million_tonnes,backfilled_from_2023_24_usda_snapshot,USDA WASDE March 2026 local text snapshot,D:\ncel2\ncel-commodity-pricing\backend\data\tmp_wasde0326.txt,partial
2016-09-01,2016/17,Brazil,usda_global_production,USDA global production by country,global_production,119.0,million_tonnes,backfilled_from_2023_24_usda_snapshot,USDA WASDE March 2026 local text snapshot,D:\ncel2\ncel-commodity-pricing\backend\data\tmp_wasde0326.txt,partial
2016-09-01,2016/17,Ukraine,usda_global_production,USDA global production by country,global_production,32.5,million_tonnes,backfilled_from_2023_24_usda_snapshot,USDA WASDE March 2026 local text snapshot,D:\ncel2\ncel-commodity-pricing\backend\data\tmp_wasde0326.txt,partial
2016-09-01,2016/17,United States,usda_global_production,USDA global production by country,global_production,389.67,million_tonnes,backfilled_from_2023_24_usda_snapshot,USDA WASDE March 2026 local text snapshot,D:\ncel2\ncel-commodity-pricing\backend\data\tmp_wasde0326.txt,partial
2016-09-01,2016/17,India,yield_per_hectare,Yield per hectare,yield,2689.0,kg_per_hectare,annual_hold_constant_monthly,Economic Survey Statistical Appendix,https://www.indiabudget.gov.in/economicsurvey/doc/Statistical-Appendix-in-English.pdf,annual_only
2016-10-01,2016/17,India,acreage_sown_area,Acreage (sown area),area,9.6,million_hectare,annual_hold_constant_monthly,Economic Survey Statistical Appendix,https://www.indiabudget.gov.in/economicsurvey/doc/Statistical-Appendix-in-English.pdf,annual_only
2016-10-01,2016/17,Global,brazil_safrinha_harvest_calendar,Brazil safrinha harvest calendar,calendar,18.0,index,recurring_monthly_harvest_calendar,Curated Brazil safrinha harvest calendar,https://www.fao.org/,curated
2016-10-01,2016/17,India,buffer_stock,Buffer stock,stock,2.395,million_tonnes,annual_opening_to_closing_stock_interpolation,Local supply-demand analytics store,D:\ncel2\ncel-commodity-pricing\backend\data\supply_demand_analytics.db,mixed
2016-10-01,2016/17,India,domestic_production,Domestic production,production,4.662,million_tonnes,annual_production_to_monthly_harvest_release_proxy,Economic Survey Statistical Appendix,https://www.indiabudget.gov.in/economicsurvey/doc/Statistical-Appendix-in-English.pdf,annual_only
2016-10-01,2016/17,Global,global_exporter_harvest_calendar,Global exporter harvest calendar,calendar,94.0,index,recurring_monthly_harvest_calendar,Curated global maize exporter harvest calendar,https://www.fao.org/,curated
2016-10-01,2016/17,India,imports,Imports,trade,0.0,million_tonnes,annual_imports_to_monthly_uniform_proxy,Local supply-demand analytics store,D:\ncel2\ncel-commodity-pricing\backend\data\supply_demand_analytics.db,mixed
2016-10-01,2016/17,Argentina,major_producer_crop_conditions,Major producer crop conditions,crop_condition,61.0,index,recurring_monthly_crop_condition_profile,Curated global maize crop-condition profile,https://www.usda.gov/,curated
2016-10-01,2016/17,Brazil,major_producer_crop_conditions,Major producer crop conditions,crop_condition,65.0,index,recurring_monthly_crop_condition_profile,Curated global maize crop-condition profile,https://www.usda.gov/,curated
2016-10-01,2016/17,Ukraine,major_producer_crop_conditions,Major producer crop conditions,crop_condition,53.0,index,recurring_monthly_crop_condition_profile,Curated global maize crop-condition profile,https://www.usda.gov/,curated
2016-10-01,2016/17,United States,major_producer_crop_conditions,Major producer crop conditions,crop_condition,48.0,index,recurring_monthly_crop_condition_profile,Curated global maize crop-condition profile,https://www.usda.gov/,curated
2016-10-01,2016/17,India,opening_stock,Opening stocks,stock,2.395,million_tonnes,annual_opening_to_closing_stock_interpolation,Local supply-demand analytics store,D:\ncel2\ncel-commodity-pricing\backend\data\supply_demand_analytics.db,mixed
2016-10-01,2016/17,India,total_availability,Total availability,derived,7.057,million_tonnes,opening_stock_plus_domestic_production_plus_imports,Derived inside Maize supply store,D:\ncel2\ncel-commodity-pricing\SnD\supply\maize\maize_supply_factors.db,derived
2016-10-01,2016/17,Argentina,usda_global_production,USDA global production by country,global_production,51.6,million_tonnes,backfilled_from_2023_24_usda_snapshot,USDA WASDE March 2026 local text snapshot,D:\ncel2\ncel-commodity-pricing\backend\data\tmp_wasde0326.txt,partial
2016-10-01,2016/17,Brazil,usda_global_production,USDA global production by country,global_production,119.0,million_tonnes,backfilled_from_2023_24_usda_snapshot,USDA WASDE March 2026 local text snapshot,D:\ncel2\ncel-commodity-pricing\backend\data\tmp_wasde0326.txt,partial
2016-10-01,2016/17,Ukraine,usda_global_production,USDA global production by country,global_production,32.5,million_tonnes,backfilled_from_2023_24_usda_snapshot,USDA WASDE March 2026 local text snapshot,D:\ncel2\ncel-commodity-pricing\backend\data\tmp_wasde0326.txt,partial
2016-10-01,2016/17,United States,usda_global_production,USDA global production by country,global_production,389.67,million_tonnes,backfilled_from_2023_24_usda_snapshot,USDA WASDE March 2026 local text snapshot,D:\ncel2\ncel-commodity-pricing\backend\data\tmp_wasde0326.txt,partial
2016-10-01,2016/17,India,yield_per_hectare,Yield per hectare,yield,2689.0,kg_per_hectare,annual_hold_constant_monthly,Economic Survey Statistical Appendix,https://www.indiabudget.gov.in/economicsurvey/doc/Statistical-Appendix-in-English.pdf,annual_only
2016-11-01,2016/17,India,acreage_sown_area,Acreage (sown area),area,9.6,million_hectare,annual_hold_constant_monthly,Economic Survey Statistical Appendix,https://www.indiabudget.gov.in/economicsurvey/doc/Statistical-Appendix-in-English.pdf,annual_only
2016-11-01,2016/17,Global,brazil_safrinha_harvest_calendar,Brazil safrinha harvest calendar,calendar,8.0,index,recurring_monthly_harvest_calendar,Curated Brazil safrinha harvest calendar,https://www.fao.org/,curated
2016-11-01,2016/17,India,buffer_stock,Buffer stock,stock,2.395,million_tonnes,annual_opening_to_closing_stock_interpolation,Local supply-demand analytics store,D:\ncel2\ncel-commodity-pricing\backend\data\supply_demand_analytics.db,mixed
2016-11-01,2016/17,India,domestic_production,Domestic production,production,4.144,million_tonnes,annual_production_to_monthly_harvest_release_proxy,Economic Survey Statistical Appendix,https://www.indiabudget.gov.in/economicsurvey/doc/Statistical-Appendix-in-English.pdf,annual_only
2016-11-01,2016/17,Global,global_exporter_harvest_calendar,Global exporter harvest calendar,calendar,76.0,index,recurring_monthly_harvest_calendar,Curated global maize exporter harvest calendar,https://www.fao.org/,curated
2016-11-01,2016/17,India,imports,Imports,trade,0.0,million_tonnes,annual_imports_to_monthly_uniform_proxy,Local supply-demand analytics store,D:\ncel2\ncel-commodity-pricing\backend\data\supply_demand_analytics.db,mixed
2016-11-01,2016/17,Argentina,major_producer_crop_conditions,Major producer crop conditions,crop_condition,66.0,index,recurring_monthly_crop_condition_profile,Curated global maize crop-condition profile,https://www.usda.gov/,curated
2016-11-01,2016/17,Brazil,major_producer_crop_conditions,Major producer crop conditions,crop_condition,69.0,index,recurring_monthly_crop_condition_profile,Curated global maize crop-condition profile,https://www.usda.gov/,curated
2016-11-01,2016/17,Ukraine,major_producer_crop_conditions,Major producer crop conditions,crop_condition,45.0,index,recurring_monthly_crop_condition_profile,Curated global maize crop-condition profile,https://www.usda.gov/,curated
2016-11-01,2016/17,United States,major_producer_crop_conditions,Major producer crop conditions,crop_condition,40.0,index,recurring_monthly_crop_condition_profile,Curated global maize crop-condition profile,https://www.usda.gov/,curated
2016-11-01,2016/17,India,opening_stock,Opening stocks,stock,2.395,million_tonnes,annual_opening_to_closing_stock_interpolation,Local supply-demand analytics store,D:\ncel2\ncel-commodity-pricing\backend\data\supply_demand_analytics.db,mixed
2016-11-01,2016/17,India,total_availability,Total availability,derived,6.539,million_tonnes,opening_stock_plus_domestic_production_plus_imports,Derived inside Maize supply store,D:\ncel2\ncel-commodity-pricing\SnD\supply\maize\maize_supply_factors.db,derived
2016-11-01,2016/17,Argentina,usda_global_production,USDA global production by country,global_production,51.6,million_tonnes,backfilled_from_2023_24_usda_snapshot,USDA WASDE March 2026 local text snapshot,D:\ncel2\ncel-commodity-pricing\backend\data\tmp_wasde0326.txt,partial
2016-11-01,2016/17,Brazil,usda_global_production,USDA global production by country,global_production,119.0,million_tonnes,backfilled_from_2023_24_usda_snapshot,USDA WASDE March 2026 local text snapshot,D:\ncel2\ncel-commodity-pricing\backend\data\tmp_wasde0326.txt,partial
2016-11-01,2016/17,Ukraine,usda_global_production,USDA global production by country,global_production,32.5,million_tonnes,backfilled_from_2023_24_usda_snapshot,USDA WASDE March 2026 local text snapshot,D:\ncel2\ncel-commodity-pricing\backend\data\tmp_wasde0326.txt,partial
2016-11-01,2016/17,United States,usda_global_production,USDA global production by country,global_production,389.67,million_tonnes,backfilled_from_2023_24_usda_snapshot,USDA WASDE March 2026 local text snapshot,D:\ncel2\ncel-commodity-pricing\backend\data\tmp_wasde0326.txt,partial
2016-11-01,2016/17,India,yield_per_hectare,Yield per hectare,yield,2689.0,kg_per_hectare,annual_hold_constant_monthly,Economic Survey Statistical Appendix,https://www.indiabudget.gov.in/economicsurvey/doc/Statistical-Appendix-in-English.pdf,annual_only
2016-12-01,2016/17,India,acreage_sown_area,Acreage (sown area),area,9.6,million_hectare,annual_hold_constant_monthly,Economic Survey Statistical Appendix,https://www.indiabudget.gov.in/economicsurvey/doc/Statistical-Appendix-in-English.pdf,annual_only
2016-12-01,2016/17,Global,brazil_safrinha_harvest_calendar,Brazil safrinha harvest calendar,calendar,5.0,index,recurring_monthly_harvest_calendar,Curated Brazil safrinha harvest calendar,https://www.fao.org/,curated
2016-12-01,2016/17,India,buffer_stock,Buffer stock,stock,2.395,million_tonnes,annual_opening_to_closing_stock_interpolation,Local supply-demand analytics store,D:\ncel2\ncel-commodity-pricing\backend\data\supply_demand_analytics.db,mixed
2016-12-01,2016/17,India,domestic_production,Domestic production,production,2.331,million_tonnes,annual_production_to_monthly_harvest_release_proxy,Economic Survey Statistical Appendix,https://www.indiabudget.gov.in/economicsurvey/doc/Statistical-Appendix-in-English.pdf,annual_only
2016-12-01,2016/17,Global,global_exporter_harvest_calendar,Global exporter harvest calendar,calendar,58.0,index,recurring_monthly_harvest_calendar,Curated global maize exporter harvest calendar,https://www.fao.org/,curated
2016-12-01,2016/17,India,imports,Imports,trade,0.0,million_tonnes,annual_imports_to_monthly_uniform_proxy,Local supply-demand analytics store,D:\ncel2\ncel-commodity-pricing\backend\data\supply_demand_analytics.db,mixed
2016-12-01,2016/17,Argentina,major_producer_crop_conditions,Major producer crop conditions,crop_condition,68.0,index,recurring_monthly_crop_condition_profile,Curated global maize crop-condition profile,https://www.usda.gov/,curated
2016-12-01,2016/17,Brazil,major_producer_crop_conditions,Major producer crop conditions,crop_condition,71.0,index,recurring_monthly_crop_condition_profile,Curated global maize crop-condition profile,https://www.usda.gov/,curated
2016-12-01,2016/17,Ukraine,major_producer_crop_conditions,Major producer crop conditions,crop_condition,42.0,index,recurring_monthly_crop_condition_profile,Curated global maize crop-condition profile,https://www.usda.gov/,curated
2016-12-01,2016/17,United States,major_producer_crop_conditions,Major producer crop conditions,crop_condition,36.0,index,recurring_monthly_crop_condition_profile,Curated global maize crop-condition profile,https://www.usda.gov/,curated
2016-12-01,2016/17,India,opening_stock,Opening stocks,stock,2.395,million_tonnes,annual_opening_to_closing_stock_interpolation,Local supply-demand analytics store,D:\ncel2\ncel-commodity-pricing\backend\data\supply_demand_analytics.db,mixed
2016-12-01,2016/17,India,total_availability,Total availability,derived,4.726,million_tonnes,opening_stock_plus_domestic_production_plus_imports,Derived inside Maize supply store,D:\ncel2\ncel-commodity-pricing\SnD\supply\maize\maize_supply_factors.db,derived
2016-12-01,2016/17,Argentina,usda_global_production,USDA global production by country,global_production,51.6,million_tonnes,backfilled_from_2023_24_usda_snapshot,USDA WASDE March 2026 local text snapshot,D:\ncel2\ncel-commodity-pricing\backend\data\tmp_wasde0326.txt,partial
2016-12-01,2016/17,Brazil,usda_global_production,USDA global production by country,global_production,119.0,million_tonnes,backfilled_from_2023_24_usda_snapshot,USDA WASDE March 2026 local text snapshot,D:\ncel2\ncel-commodity-pricing\backend\data\tmp_wasde0326.txt,partial
2016-12-01,2016/17,Ukraine,usda_global_production,USDA global production by country,global_production,32.5,million_tonnes,backfilled_from_2023_24_usda_snapshot,USDA WASDE March 2026 local text snapshot,D:\ncel2\ncel-commodity-pricing\backend\data\tmp_wasde0326.txt,partial
2016-12-01,2016/17,United States,usda_global_production,USDA global production by country,global_production,389.67,million_tonnes,backfilled_from_2023_24_usda_snapshot,USDA WASDE March 2026 local text snapshot,D:\ncel2\ncel-commodity-pricing\backend\data\tmp_wasde0326.txt,partial
2016-12-01,2016/17,India,yield_per_hectare,Yield per hectare,yield,2689.0,kg_per_hectare,annual_hold_constant_monthly,Economic Survey Statistical Appendix,https://www.indiabudget.gov.in/economicsurvey/doc/Statistical-Appendix-in-English.pdf,annual_only
2017-01-01,2016/17,India,acreage_sown_area,Acreage (sown area),area,9.6,million_hectare,annual_hold_constant_monthly,Economic Survey Statistical Appendix,https://www.indiabudget.gov.in/economicsurvey/doc/Statistical-Appendix-in-English.pdf,annual_only
2017-01-01,2016/17,Global,brazil_safrinha_harvest_calendar,Brazil safrinha harvest calendar,calendar,12.0,index,recurring_monthly_harvest_calendar,Curated Brazil safrinha harvest calendar,https://www.fao.org/,curated
2017-01-01,2016/17,India,buffer_stock,Buffer stock,stock,2.395,million_tonnes,annual_opening_to_closing_stock_interpolation,Local supply-demand analytics store,D:\ncel2\ncel-commodity-pricing\backend\data\supply_demand_analytics.db,mixed
2017-01-01,2016/17,India,domestic_production,Domestic production,production,1.295,million_tonnes,annual_production_to_monthly_harvest_release_proxy,Economic Survey Statistical Appendix,https://www.indiabudget.gov.in/economicsurvey/doc/Statistical-Appendix-in-English.pdf,annual_only
2017-01-01,2016/17,Global,global_exporter_harvest_calendar,Global exporter harvest calendar,calendar,34.0,index,recurring_monthly_harvest_calendar,Curated global maize exporter harvest calendar,https://www.fao.org/,curated
2017-01-01,2016/17,India,imports,Imports,trade,0.0,million_tonnes,annual_imports_to_monthly_uniform_proxy,Local supply-demand analytics store,D:\ncel2\ncel-commodity-pricing\backend\data\supply_demand_analytics.db,mixed
2017-01-01,2016/17,Argentina,major_producer_crop_conditions,Major producer crop conditions,crop_condition,69.0,index,recurring_monthly_crop_condition_profile,Curated global maize crop-condition profile,https://www.usda.gov/,curated
2017-01-01,2016/17,Brazil,major_producer_crop_conditions,Major producer crop conditions,crop_condition,72.0,index,recurring_monthly_crop_condition_profile,Curated global maize crop-condition profile,https://www.usda.gov/,curated
2017-01-01,2016/17,Ukraine,major_producer_crop_conditions,Major producer crop conditions,crop_condition,41.0,index,recurring_monthly_crop_condition_profile,Curated global maize crop-condition profile,https://www.usda.gov/,curated
2017-01-01,2016/17,United States,major_producer_crop_conditions,Major producer crop conditions,crop_condition,38.0,index,recurring_monthly_crop_condition_profile,Curated global maize crop-condition profile,https://www.usda.gov/,curated
2017-01-01,2016/17,India,opening_stock,Opening stocks,stock,2.395,million_tonnes,annual_opening_to_closing_stock_interpolation,Local supply-demand analytics store,D:\ncel2\ncel-commodity-pricing\backend\data\supply_demand_analytics.db,mixed
2017-01-01,2016/17,India,total_availability,Total availability,derived,3.69,million_tonnes,opening_stock_plus_domestic_production_plus_imports,Derived inside Maize supply store,D:\ncel2\ncel-commodity-pricing\SnD\supply\maize\maize_supply_factors.db,derived
2017-01-01,2016/17,Argentina,usda_global_production,USDA global production by country,global_production,51.6,million_tonnes,backfilled_from_2023_24_usda_snapshot,USDA WASDE March 2026 local text snapshot,D:\ncel2\ncel-commodity-pricing\backend\data\tmp_wasde0326.txt,partial
2017-01-01,2016/17,Brazil,usda_global_production,USDA global production by country,global_production,119.0,million_tonnes,backfilled_from_2023_24_usda_snapshot,USDA WASDE March 2026 local text snapshot,D:\ncel2\ncel-commodity-pricing\backend\data\tmp_wasde0326.txt,partial
2017-01-01,2016/17,Ukraine,usda_global_production,USDA global production by country,global_production,32.5,million_tonnes,backfilled_from_2023_24_usda_snapshot,USDA WASDE March 2026 local text snapshot,D:\ncel2\ncel-commodity-pricing\backend\data\tmp_wasde0326.txt,partial
2017-01-01,2016/17,United States,usda_global_production,USDA global production by country,global_production,389.67,million_tonnes,backfilled_from_2023_24_usda_snapshot,USDA WASDE March 2026 local text snapshot,D:\ncel2\ncel-commodity-pricing\backend\data\tmp_wasde0326.txt,partial
2017-01-01,2016/17,India,yield_per_hectare,Yield per hectare,yield,2689.0,kg_per_hectare,annual_hold_constant_monthly,Economic Survey Statistical Appendix,https://www.indiabudget.gov.in/economicsurvey/doc/Statistical-Appendix-in-English.pdf,annual_only
2017-02-01,2016/17,India,acreage_sown_area,Acreage (sown area),area,9.6,million_hectare,annual_hold_constant_monthly,Economic Survey Statistical Appendix,https://www.indiabudget.gov.in/economicsurvey/doc/Statistical-Appendix-in-English.pdf,annual_only
2017-02-01,2016/17,Global,brazil_safrinha_harvest_calendar,Brazil safrinha harvest calendar,calendar,18.0,index,recurring_monthly_harvest_calendar,Curated Brazil safrinha harvest calendar,https://www.fao.org/,curated
2017-02-01,2016/17,India,buffer_stock,Buffer stock,stock,2.395,million_tonnes,annual_opening_to_closing_stock_interpolation,Local supply-demand analytics store,D:\ncel2\ncel-commodity-pricing\backend\data\supply_demand_analytics.db,mixed
2017-02-01,2016/17,India,domestic_production,Domestic production,production,0.777,million_tonnes,annual_production_to_monthly_harvest_release_proxy,Economic Survey Statistical Appendix,https://www.indiabudget.gov.in/economicsurvey/doc/Statistical-Appendix-in-English.pdf,annual_only
2017-02-01,2016/17,Global,global_exporter_harvest_calendar,Global exporter harvest calendar,calendar,28.0,index,recurring_monthly_harvest_calendar,Curated global maize exporter harvest calendar,https://www.fao.org/,curated
2017-02-01,2016/17,India,imports,Imports,trade,0.0,million_tonnes,annual_imports_to_monthly_uniform_proxy,Local supply-demand analytics store,D:\ncel2\ncel-commodity-pricing\backend\data\supply_demand_analytics.db,mixed
2017-02-01,2016/17,Argentina,major_producer_crop_conditions,Major producer crop conditions,crop_condition,67.0,index,recurring_monthly_crop_condition_profile,Curated global maize crop-condition profile,https://www.usda.gov/,curated
2017-02-01,2016/17,Brazil,major_producer_crop_conditions,Major producer crop conditions,crop_condition,70.0,index,recurring_monthly_crop_condition_profile,Curated global maize crop-condition profile,https://www.usda.gov/,curated
2017-02-01,2016/17,Ukraine,major_producer_crop_conditions,Major producer crop conditions,crop_condition,39.0,index,recurring_monthly_crop_condition_profile,Curated global maize crop-condition profile,https://www.usda.gov/,curated
2017-02-01,2016/17,United States,major_producer_crop_conditions,Major producer crop conditions,crop_condition,35.0,index,recurring_monthly_crop_condition_profile,Curated global maize crop-condition profile,https://www.usda.gov/,curated
2017-02-01,2016/17,India,opening_stock,Opening stocks,stock,2.395,million_tonnes,annual_opening_to_closing_stock_interpolation,Local supply-demand analytics store,D:\ncel2\ncel-commodity-pricing\backend\data\supply_demand_analytics.db,mixed
2017-02-01,2016/17,India,total_availability,Total availability,derived,3.172,million_tonnes,opening_stock_plus_domestic_production_plus_imports,Derived inside Maize supply store,D:\ncel2\ncel-commodity-pricing\SnD\supply\maize\maize_supply_factors.db,derived
2017-02-01,2016/17,Argentina,usda_global_production,USDA global production by country,global_production,51.6,million_tonnes,backfilled_from_2023_24_usda_snapshot,USDA WASDE March 2026 local text snapshot,D:\ncel2\ncel-commodity-pricing\backend\data\tmp_wasde0326.txt,partial
2017-02-01,2016/17,Brazil,usda_global_production,USDA global production by country,global_production,119.0,million_tonnes,backfilled_from_2023_24_usda_snapshot,USDA WASDE March 2026 local text snapshot,D:\ncel2\ncel-commodity-pricing\backend\data\tmp_wasde0326.txt,partial
2017-02-01,2016/17,Ukraine,usda_global_production,USDA global production by country,global_production,32.5,million_tonnes,backfilled_from_2023_24_usda_snapshot,USDA WASDE March 2026 local text snapshot,D:\ncel2\ncel-commodity-pricing\backend\data\tmp_wasde0326.txt,partial
2017-02-01,2016/17,United States,usda_global_production,USDA global production by country,global_production,389.67,million_tonnes,backfilled_from_2023_24_usda_snapshot,USDA WASDE March 2026 local text snapshot,D:\ncel2\ncel-commodity-pricing\backend\data\tmp_wasde0326.txt,partial
2017-02-01,2016/17,India,yield_per_hectare,Yield per hectare,yield,2689.0,kg_per_hectare,annual_hold_constant_monthly,Economic Survey Statistical Appendix,https://www.indiabudget.gov.in/economicsurvey/doc/Statistical-Appendix-in-English.pdf,annual_only
2017-03-01,2016/17,India,acreage_sown_area,Acreage (sown area),area,9.6,million_hectare,annual_hold_constant_monthly,Economic Survey Statistical Appendix,https://www.indiabudget.gov.in/economicsurvey/doc/Statistical-Appendix-in-English.pdf,annual_only
2017-03-01,2016/17,Global,brazil_safrinha_harvest_calendar,Brazil safrinha harvest calendar,calendar,26.0,index,recurring_monthly_harvest_calendar,Curated Brazil safrinha harvest calendar,https://www.fao.org/,curated
2017-03-01,2016/17,India,buffer_stock,Buffer stock,stock,2.395,million_tonnes,annual_opening_to_closing_stock_interpolation,Local supply-demand analytics store,D:\ncel2\ncel-commodity-pricing\backend\data\supply_demand_analytics.db,mixed
2017-03-01,2016/17,India,domestic_production,Domestic production,production,0.259,million_tonnes,annual_production_to_monthly_harvest_release_proxy,Economic Survey Statistical Appendix,https://www.indiabudget.gov.in/economicsurvey/doc/Statistical-Appendix-in-English.pdf,annual_only
2017-03-01,2016/17,Global,global_exporter_harvest_calendar,Global exporter harvest calendar,calendar,22.0,index,recurring_monthly_harvest_calendar,Curated global maize exporter harvest calendar,https://www.fao.org/,curated
2017-03-01,2016/17,India,imports,Imports,trade,0.0,million_tonnes,annual_imports_to_monthly_uniform_proxy,Local supply-demand analytics store,D:\ncel2\ncel-commodity-pricing\backend\data\supply_demand_analytics.db,mixed
2017-03-01,2016/17,Argentina,major_producer_crop_conditions,Major producer crop conditions,crop_condition,63.0,index,recurring_monthly_crop_condition_profile,Curated global maize crop-condition profile,https://www.usda.gov/,curated
2017-03-01,2016/17,Brazil,major_producer_crop_conditions,Major producer crop conditions,crop_condition,66.0,index,recurring_monthly_crop_condition_profile,Curated global maize crop-condition profile,https://www.usda.gov/,curated
2017-03-01,2016/17,Ukraine,major_producer_crop_conditions,Major producer crop conditions,crop_condition,43.0,index,recurring_monthly_crop_condition_profile,Curated global maize crop-condition profile,https://www.usda.gov/,curated
2017-03-01,2016/17,United States,major_producer_crop_conditions,Major producer crop conditions,crop_condition,40.0,index,recurring_monthly_crop_condition_profile,Curated global maize crop-condition profile,https://www.usda.gov/,curated
2017-03-01,2016/17,India,opening_stock,Opening stocks,stock,2.395,million_tonnes,annual_opening_to_closing_stock_interpolation,Local supply-demand analytics store,D:\ncel2\ncel-commodity-pricing\backend\data\supply_demand_analytics.db,mixed
2017-03-01,2016/17,India,total_availability,Total availability,derived,2.654,million_tonnes,opening_stock_plus_domestic_production_plus_imports,Derived inside Maize supply store,D:\ncel2\ncel-commodity-pricing\SnD\supply\maize\maize_supply_factors.db,derived
2017-03-01,2016/17,Argentina,usda_global_production,USDA global production by country,global_production,51.6,million_tonnes,backfilled_from_2023_24_usda_snapshot,USDA WASDE March 2026 local text snapshot,D:\ncel2\ncel-commodity-pricing\backend\data\tmp_wasde0326.txt,partial
2017-03-01,2016/17,Brazil,usda_global_production,USDA global production by country,global_production,119.0,million_tonnes,backfilled_from_2023_24_usda_snapshot,USDA WASDE March 2026 local text snapshot,D:\ncel2\ncel-commodity-pricing\backend\data\tmp_wasde0326.txt,partial
2017-03-01,2016/17,Ukraine,usda_global_production,USDA global production by country,global_production,32.5,million_tonnes,backfilled_from_2023_24_usda_snapshot,USDA WASDE March 2026 local text snapshot,D:\ncel2\ncel-commodity-pricing\backend\data\tmp_wasde0326.txt,partial
2017-03-01,2016/17,United States,usda_global_production,USDA global production by country,global_production,389.67,million_tonnes,backfilled_from_2023_24_usda_snapshot,USDA WASDE March 2026 local text snapshot,D:\ncel2\ncel-commodity-pricing\backend\data\tmp_wasde0326.txt,partial
2017-03-01,2016/17,India,yield_per_hectare,Yield per hectare,yield,2689.0,kg_per_hectare,annual_hold_constant_monthly,Economic Survey Statistical Appendix,https://www.indiabudget.gov.in/economicsurvey/doc/Statistical-Appendix-in-English.pdf,annual_only
2017-04-01,2017/18,India,acreage_sown_area,Acreage (sown area),area,9.4,million_hectare,annual_hold_constant_monthly,Economic Survey Statistical Appendix,https://www.indiabudget.gov.in/economicsurvey/doc/Statistical-Appendix-in-English.pdf,annual_only
2017-04-01,2016/17,Global,brazil_safrinha_harvest_calendar,Brazil safrinha harvest calendar,calendar,42.0,index,recurring_monthly_harvest_calendar,Curated Brazil safrinha harvest calendar,https://www.fao.org/,curated
2017-04-01,2017/18,India,buffer_stock,Buffer stock,stock,2.395,million_tonnes,annual_opening_to_closing_stock_interpolation,Local supply-demand analytics store,D:\ncel2\ncel-commodity-pricing\backend\data\supply_demand_analytics.db,mixed
2017-04-01,2017/18,India,domestic_production,Domestic production,production,0.864,million_tonnes,annual_production_to_monthly_harvest_release_proxy,Economic Survey Statistical Appendix,https://www.indiabudget.gov.in/economicsurvey/doc/Statistical-Appendix-in-English.pdf,annual_only
2017-04-01,2016/17,Global,global_exporter_harvest_calendar,Global exporter harvest calendar,calendar,24.0,index,recurring_monthly_harvest_calendar,Curated global maize exporter harvest calendar,https://www.fao.org/,curated
2017-04-01,2017/18,India,imports,Imports,trade,0.0,million_tonnes,annual_imports_to_monthly_uniform_proxy,Local supply-demand analytics store,D:\ncel2\ncel-commodity-pricing\backend\data\supply_demand_analytics.db,mixed
2017-04-01,2016/17,Argentina,major_producer_crop_conditions,Major producer crop conditions,crop_condition,58.0,index,recurring_monthly_crop_condition_profile,Curated global maize crop-condition profile,https://www.usda.gov/,curated
2017-04-01,2016/17,Brazil,major_producer_crop_conditions,Major producer crop conditions,crop_condition,62.0,index,recurring_monthly_crop_condition_profile,Curated global maize crop-condition profile,https://www.usda.gov/,curated
2017-04-01,2016/17,Ukraine,major_producer_crop_conditions,Major producer crop conditions,crop_condition,50.0,index,recurring_monthly_crop_condition_profile,Curated global maize crop-condition profile,https://www.usda.gov/,curated
2017-04-01,2016/17,United States,major_producer_crop_conditions,Major producer crop conditions,crop_condition,52.0,index,recurring_monthly_crop_condition_profile,Curated global maize crop-condition profile,https://www.usda.gov/,curated
2017-04-01,2017/18,India,opening_stock,Opening stocks,stock,2.395,million_tonnes,annual_opening_to_closing_stock_interpolation,Local supply-demand analytics store,D:\ncel2\ncel-commodity-pricing\backend\data\supply_demand_analytics.db,mixed
2017-04-01,2017/18,India,total_availability,Total availability,derived,3.259,million_tonnes,opening_stock_plus_domestic_production_plus_imports,Derived inside Maize supply store,D:\ncel2\ncel-commodity-pricing\SnD\supply\maize\maize_supply_factors.db,derived
2017-04-01,2017/18,Argentina,usda_global_production,USDA global production by country,global_production,51.6,million_tonnes,backfilled_from_2023_24_usda_snapshot,USDA WASDE March 2026 local text snapshot,D:\ncel2\ncel-commodity-pricing\backend\data\tmp_wasde0326.txt,partial
2017-04-01,2017/18,Brazil,usda_global_production,USDA global production by country,global_production,119.0,million_tonnes,backfilled_from_2023_24_usda_snapshot,USDA WASDE March 2026 local text snapshot,D:\ncel2\ncel-commodity-pricing\backend\data\tmp_wasde0326.txt,partial
2017-04-01,2017/18,Ukraine,usda_global_production,USDA global production by country,global_production,32.5,million_tonnes,backfilled_from_2023_24_usda_snapshot,USDA WASDE March 2026 local text snapshot,D:\ncel2\ncel-commodity-pricing\backend\data\tmp_wasde0326.txt,partial
2017-04-01,2017/18,United States,usda_global_production,USDA global production by country,global_production,389.67,million_tonnes,backfilled_from_2023_24_usda_snapshot,USDA WASDE March 2026 local text snapshot,D:\ncel2\ncel-commodity-pricing\backend\data\tmp_wasde0326.txt,partial
2017-04-01,2017/18,India,yield_per_hectare,Yield per hectare,yield,3065.0,kg_per_hectare,annual_hold_constant_monthly,Economic Survey Statistical Appendix,https://www.indiabudget.gov.in/economicsurvey/doc/Statistical-Appendix-in-English.pdf,annual_only
2017-05-01,2017/18,India,acreage_sown_area,Acreage (sown area),area,9.4,million_hectare,annual_hold_constant_monthly,Economic Survey Statistical Appendix,https://www.indiabudget.gov.in/economicsurvey/doc/Statistical-Appendix-in-English.pdf,annual_only
2017-05-01,2016/17,Global,brazil_safrinha_harvest_calendar,Brazil safrinha harvest calendar,calendar,68.0,index,recurring_monthly_harvest_calendar,Curated Brazil safrinha harvest calendar,https://www.fao.org/,curated
2017-05-01,2017/18,India,buffer_stock,Buffer stock,stock,2.395,million_tonnes,annual_opening_to_closing_stock_interpolation,Local supply-demand analytics store,D:\ncel2\ncel-commodity-pricing\backend\data\supply_demand_analytics.db,mixed
2017-05-01,2017/18,India,domestic_production,Domestic production,production,1.44,million_tonnes,annual_production_to_monthly_harvest_release_proxy,Economic Survey Statistical Appendix,https://www.indiabudget.gov.in/economicsurvey/doc/Statistical-Appendix-in-English.pdf,annual_only
2017-05-01,2016/17,Global,global_exporter_harvest_calendar,Global exporter harvest calendar,calendar,39.0,index,recurring_monthly_harvest_calendar,Curated global maize exporter harvest calendar,https://www.fao.org/,curated
2017-05-01,2017/18,India,imports,Imports,trade,0.0,million_tonnes,annual_imports_to_monthly_uniform_proxy,Local supply-demand analytics store,D:\ncel2\ncel-commodity-pricing\backend\data\supply_demand_analytics.db,mixed
2017-05-01,2016/17,Argentina,major_producer_crop_conditions,Major producer crop conditions,crop_condition,54.0,index,recurring_monthly_crop_condition_profile,Curated global maize crop-condition profile,https://www.usda.gov/,curated
2017-05-01,2016/17,Brazil,major_producer_crop_conditions,Major producer crop conditions,crop_condition,58.0,index,recurring_monthly_crop_condition_profile,Curated global maize crop-condition profile,https://www.usda.gov/,curated
2017-05-01,2016/17,Ukraine,major_producer_crop_conditions,Major producer crop conditions,crop_condition,60.0,index,recurring_monthly_crop_condition_profile,Curated global maize crop-condition profile,https://www.usda.gov/,curated
2017-05-01,2016/17,United States,major_producer_crop_conditions,Major producer crop conditions,crop_condition,63.0,index,recurring_monthly_crop_condition_profile,Curated global maize crop-condition profile,https://www.usda.gov/,curated
2017-05-01,2017/18,India,opening_stock,Opening stocks,stock,2.395,million_tonnes,annual_opening_to_closing_stock_interpolation,Local supply-demand analytics store,D:\ncel2\ncel-commodity-pricing\backend\data\supply_demand_analytics.db,mixed
2017-05-01,2017/18,India,total_availability,Total availability,derived,3.835,million_tonnes,opening_stock_plus_domestic_production_plus_imports,Derived inside Maize supply store,D:\ncel2\ncel-commodity-pricing\SnD\supply\maize\maize_supply_factors.db,derived
2017-05-01,2017/18,Argentina,usda_global_production,USDA global production by country,global_production,51.6,million_tonnes,backfilled_from_2023_24_usda_snapshot,USDA WASDE March 2026 local text snapshot,D:\ncel2\ncel-commodity-pricing\backend\data\tmp_wasde0326.txt,partial
2017-05-01,2017/18,Brazil,usda_global_production,USDA global production by country,global_production,119.0,million_tonnes,backfilled_from_2023_24_usda_snapshot,USDA WASDE March 2026 local text snapshot,D:\ncel2\ncel-commodity-pricing\backend\data\tmp_wasde0326.txt,partial
2017-05-01,2017/18,Ukraine,usda_global_production,USDA global production by country,global_production,32.5,million_tonnes,backfilled_from_2023_24_usda_snapshot,USDA WASDE March 2026 local text snapshot,D:\ncel2\ncel-commodity-pricing\backend\data\tmp_wasde0326.txt,partial
2017-05-01,2017/18,United States,usda_global_production,USDA global production by country,global_production,389.67,million_tonnes,backfilled_from_2023_24_usda_snapshot,USDA WASDE March 2026 local text snapshot,D:\ncel2\ncel-commodity-pricing\backend\data\tmp_wasde0326.txt,partial
2017-05-01,2017/18,India,yield_per_hectare,Yield per hectare,yield,3065.0,kg_per_hectare,annual_hold_constant_monthly,Economic Survey Statistical Appendix,https://www.indiabudget.gov.in/economicsurvey/doc/Statistical-Appendix-in-English.pdf,annual_only
2017-06-01,2017/18,India,acreage_sown_area,Acreage (sown area),area,9.4,million_hectare,annual_hold_constant_monthly,Economic Survey Statistical Appendix,https://www.indiabudget.gov.in/economicsurvey/doc/Statistical-Appendix-in-English.pdf,annual_only
2017-06-01,2016/17,Global,brazil_safrinha_harvest_calendar,Brazil safrinha harvest calendar,calendar,92.0,index,recurring_monthly_harvest_calendar,Curated Brazil safrinha harvest calendar,https://www.fao.org/,curated
2017-06-01,2017/18,India,buffer_stock,Buffer stock,stock,2.395,million_tonnes,annual_opening_to_closing_stock_interpolation,Local supply-demand analytics store,D:\ncel2\ncel-commodity-pricing\backend\data\supply_demand_analytics.db,mixed
2017-06-01,2017/18,India,domestic_production,Domestic production,production,2.304,million_tonnes,annual_production_to_monthly_harvest_release_proxy,Economic Survey Statistical Appendix,https://www.indiabudget.gov.in/economicsurvey/doc/Statistical-Appendix-in-English.pdf,annual_only
2017-06-01,2016/17,Global,global_exporter_harvest_calendar,Global exporter harvest calendar,calendar,55.0,index,recurring_monthly_harvest_calendar,Curated global maize exporter harvest calendar,https://www.fao.org/,curated
2017-06-01,2017/18,India,imports,Imports,trade,0.0,million_tonnes,annual_imports_to_monthly_uniform_proxy,Local supply-demand analytics store,D:\ncel2\ncel-commodity-pricing\backend\data\supply_demand_analytics.db,mixed
2017-06-01,2016/17,Argentina,major_producer_crop_conditions,Major producer crop conditions,crop_condition,52.0,index,recurring_monthly_crop_condition_profile,Curated global maize crop-condition profile,https://www.usda.gov/,curated
2017-06-01,2016/17,Brazil,major_producer_crop_conditions,Major producer crop conditions,crop_condition,56.0,index,recurring_monthly_crop_condition_profile,Curated global maize crop-condition profile,https://www.usda.gov/,curated
2017-06-01,2016/17,Ukraine,major_producer_crop_conditions,Major producer crop conditions,crop_condition,70.0,index,recurring_monthly_crop_condition_profile,Curated global maize crop-condition profile,https://www.usda.gov/,curated
2017-06-01,2016/17,United States,major_producer_crop_conditions,Major producer crop conditions,crop_condition,74.0,index,recurring_monthly_crop_condition_profile,Curated global maize crop-condition profile,https://www.usda.gov/,curated
2017-06-01,2017/18,India,opening_stock,Opening stocks,stock,2.395,million_tonnes,annual_opening_to_closing_stock_interpolation,Local supply-demand analytics store,D:\ncel2\ncel-commodity-pricing\backend\data\supply_demand_analytics.db,mixed
2017-06-01,2017/18,India,total_availability,Total availability,derived,4.699,million_tonnes,opening_stock_plus_domestic_production_plus_imports,Derived inside Maize supply store,D:\ncel2\ncel-commodity-pricing\SnD\supply\maize\maize_supply_factors.db,derived
2017-06-01,2017/18,Argentina,usda_global_production,USDA global production by country,global_production,51.6,million_tonnes,backfilled_from_2023_24_usda_snapshot,USDA WASDE March 2026 local text snapshot,D:\ncel2\ncel-commodity-pricing\backend\data\tmp_wasde0326.txt,partial
2017-06-01,2017/18,Brazil,usda_global_production,USDA global production by country,global_production,119.0,million_tonnes,backfilled_from_2023_24_usda_snapshot,USDA WASDE March 2026 local text snapshot,D:\ncel2\ncel-commodity-pricing\backend\data\tmp_wasde0326.txt,partial
2017-06-01,2017/18,Ukraine,usda_global_production,USDA global production by country,global_production,32.5,million_tonnes,backfilled_from_2023_24_usda_snapshot,USDA WASDE March 2026 local text snapshot,D:\ncel2\ncel-commodity-pricing\backend\data\tmp_wasde0326.txt,partial
2017-06-01,2017/18,United States,usda_global_production,USDA global production by country,global_production,389.67,million_tonnes,backfilled_from_2023_24_usda_snapshot,USDA WASDE March 2026 local text snapshot,D:\ncel2\ncel-commodity-pricing\backend\data\tmp_wasde0326.txt,partial
2017-06-01,2017/18,India,yield_per_hectare,Yield per hectare,yield,3065.0,kg_per_hectare,annual_hold_constant_monthly,Economic Survey Statistical Appendix,https://www.indiabudget.gov.in/economicsurvey/doc/Statistical-Appendix-in-English.pdf,annual_only
2017-07-01,2017/18,India,acreage_sown_area,Acreage (sown area),area,9.4,million_hectare,annual_hold_constant_monthly,Economic Survey Statistical Appendix,https://www.indiabudget.gov.in/economicsurvey/doc/Statistical-Appendix-in-English.pdf,annual_only
2017-07-01,2016/17,Global,brazil_safrinha_harvest_calendar,Brazil safrinha harvest calendar,calendar,100.0,index,recurring_monthly_harvest_calendar,Curated Brazil safrinha harvest calendar,https://www.fao.org/,curated
2017-07-01,2017/18,India,buffer_stock,Buffer stock,stock,2.395,million_tonnes,annual_opening_to_closing_stock_interpolation,Local supply-demand analytics store,D:\ncel2\ncel-commodity-pricing\backend\data\supply_demand_analytics.db,mixed
2017-07-01,2017/18,India,domestic_production,Domestic production,production,2.592,million_tonnes,annual_production_to_monthly_harvest_release_proxy,Economic Survey Statistical Appendix,https://www.indiabudget.gov.in/economicsurvey/doc/Statistical-Appendix-in-English.pdf,annual_only
2017-07-01,2016/17,Global,global_exporter_harvest_calendar,Global exporter harvest calendar,calendar,73.0,index,recurring_monthly_harvest_calendar,Curated global maize exporter harvest calendar,https://www.fao.org/,curated
2017-07-01,2017/18,India,imports,Imports,trade,0.0,million_tonnes,annual_imports_to_monthly_uniform_proxy,Local supply-demand analytics store,D:\ncel2\ncel-commodity-pricing\backend\data\supply_demand_analytics.db,mixed
2017-07-01,2016/17,Argentina,major_producer_crop_conditions,Major producer crop conditions,crop_condition,50.0,index,recurring_monthly_crop_condition_profile,Curated global maize crop-condition profile,https://www.usda.gov/,curated
2017-07-01,2016/17,Brazil,major_producer_crop_conditions,Major producer crop conditions,crop_condition,55.0,index,recurring_monthly_crop_condition_profile,Curated global maize crop-condition profile,https://www.usda.gov/,curated
2017-07-01,2016/17,Ukraine,major_producer_crop_conditions,Major producer crop conditions,crop_condition,76.0,index,recurring_monthly_crop_condition_profile,Curated global maize crop-condition profile,https://www.usda.gov/,curated
2017-07-01,2016/17,United States,major_producer_crop_conditions,Major producer crop conditions,crop_condition,78.0,index,recurring_monthly_crop_condition_profile,Curated global maize crop-condition profile,https://www.usda.gov/,curated
2017-07-01,2017/18,India,opening_stock,Opening stocks,stock,2.395,million_tonnes,annual_opening_to_closing_stock_interpolation,Local supply-demand analytics store,D:\ncel2\ncel-commodity-pricing\backend\data\supply_demand_analytics.db,mixed
2017-07-01,2017/18,India,total_availability,Total availability,derived,4.987,million_tonnes,opening_stock_plus_domestic_production_plus_imports,Derived inside Maize supply store,D:\ncel2\ncel-commodity-pricing\SnD\supply\maize\maize_supply_factors.db,derived
2017-07-01,2017/18,Argentina,usda_global_production,USDA global production by country,global_production,51.6,million_tonnes,backfilled_from_2023_24_usda_snapshot,USDA WASDE March 2026 local text snapshot,D:\ncel2\ncel-commodity-pricing\backend\data\tmp_wasde0326.txt,partial
2017-07-01,2017/18,Brazil,usda_global_production,USDA global production by country,global_production,119.0,million_tonnes,backfilled_from_2023_24_usda_snapshot,USDA WASDE March 2026 local text snapshot,D:\ncel2\ncel-commodity-pricing\backend\data\tmp_wasde0326.txt,partial
2017-07-01,2017/18,Ukraine,usda_global_production,USDA global production by country,global_production,32.5,million_tonnes,backfilled_from_2023_24_usda_snapshot,USDA WASDE March 2026 local text snapshot,D:\ncel2\ncel-commodity-pricing\backend\data\tmp_wasde0326.txt,partial
2017-07-01,2017/18,United States,usda_global_production,USDA global production by country,global_production,389.67,million_tonnes,backfilled_from_2023_24_usda_snapshot,USDA WASDE March 2026 local text snapshot,D:\ncel2\ncel-commodity-pricing\backend\data\tmp_wasde0326.txt,partial
2017-07-01,2017/18,India,yield_per_hectare,Yield per hectare,yield,3065.0,kg_per_hectare,annual_hold_constant_monthly,Economic Survey Statistical Appendix,https://www.indiabudget.gov.in/economicsurvey/doc/Statistical-Appendix-in-English.pdf,annual_only
2017-08-01,2017/18,India,acreage_sown_area,Acreage (sown area),area,9.4,million_hectare,annual_hold_constant_monthly,Economic Survey Statistical Appendix,https://www.indiabudget.gov.in/economicsurvey/doc/Statistical-Appendix-in-English.pdf,annual_only
2017-08-01,2016/17,Global,brazil_safrinha_harvest_calendar,Brazil safrinha harvest calendar,calendar,82.0,index,recurring_monthly_harvest_calendar,Curated Brazil safrinha harvest calendar,https://www.fao.org/,curated
2017-08-01,2017/18,India,buffer_stock,Buffer stock,stock,2.395,million_tonnes,annual_opening_to_closing_stock_interpolation,Local supply-demand analytics store,D:\ncel2\ncel-commodity-pricing\backend\data\supply_demand_analytics.db,mixed
2017-08-01,2017/18,India,domestic_production,Domestic production,production,2.592,million_tonnes,annual_production_to_monthly_harvest_release_proxy,Economic Survey Statistical Appendix,https://www.indiabudget.gov.in/economicsurvey/doc/Statistical-Appendix-in-English.pdf,annual_only
2017-08-01,2016/17,Global,global_exporter_harvest_calendar,Global exporter harvest calendar,calendar,88.0,index,recurring_monthly_harvest_calendar,Curated global maize exporter harvest calendar,https://www.fao.org/,curated
2017-08-01,2017/18,India,imports,Imports,trade,0.0,million_tonnes,annual_imports_to_monthly_uniform_proxy,Local supply-demand analytics store,D:\ncel2\ncel-commodity-pricing\backend\data\supply_demand_analytics.db,mixed
2017-08-01,2016/17,Argentina,major_producer_crop_conditions,Major producer crop conditions,crop_condition,51.0,index,recurring_monthly_crop_condition_profile,Curated global maize crop-condition profile,https://www.usda.gov/,curated
2017-08-01,2016/17,Brazil,major_producer_crop_conditions,Major producer crop conditions,crop_condition,57.0,index,recurring_monthly_crop_condition_profile,Curated global maize crop-condition profile,https://www.usda.gov/,curated
2017-08-01,2016/17,Ukraine,major_producer_crop_conditions,Major producer crop conditions,crop_condition,73.0,index,recurring_monthly_crop_condition_profile,Curated global maize crop-condition profile,https://www.usda.gov/,curated
2017-08-01,2016/17,United States,major_producer_crop_conditions,Major producer crop conditions,crop_condition,71.0,index,recurring_monthly_crop_condition_profile,Curated global maize crop-condition profile,https://www.usda.gov/,curated
2017-08-01,2017/18,India,opening_stock,Opening stocks,stock,2.395,million_tonnes,annual_opening_to_closing_stock_interpolation,Local supply-demand analytics store,D:\ncel2\ncel-commodity-pricing\backend\data\supply_demand_analytics.db,mixed
2017-08-01,2017/18,India,total_availability,Total availability,derived,4.987,million_tonnes,opening_stock_plus_domestic_production_plus_imports,Derived inside Maize supply store,D:\ncel2\ncel-commodity-pricing\SnD\supply\maize\maize_supply_factors.db,derived
2017-08-01,2017/18,Argentina,usda_global_production,USDA global production by country,global_production,51.6,million_tonnes,backfilled_from_2023_24_usda_snapshot,USDA WASDE March 2026 local text snapshot,D:\ncel2\ncel-commodity-pricing\backend\data\tmp_wasde0326.txt,partial
2017-08-01,2017/18,Brazil,usda_global_production,USDA global production by country,global_production,119.0,million_tonnes,backfilled_from_2023_24_usda_snapshot,USDA WASDE March 2026 local text snapshot,D:\ncel2\ncel-commodity-pricing\backend\data\tmp_wasde0326.txt,partial
2017-08-01,2017/18,Ukraine,usda_global_production,USDA global production by country,global_production,32.5,million_tonnes,backfilled_from_2023_24_usda_snapshot,USDA WASDE March 2026 local text snapshot,D:\ncel2\ncel-commodity-pricing\backend\data\tmp_wasde0326.txt,partial
2017-08-01,2017/18,United States,usda_global_production,USDA global production by country,global_production,389.67,million_tonnes,backfilled_from_2023_24_usda_snapshot,USDA WASDE March 2026 local text snapshot,D:\ncel2\ncel-commodity-pricing\backend\data\tmp_wasde0326.txt,partial
2017-08-01,2017/18,India,yield_per_hectare,Yield per hectare,yield,3065.0,kg_per_hectare,annual_hold_constant_monthly,Economic Survey Statistical Appendix,https://www.indiabudget.gov.in/economicsurvey/doc/Statistical-Appendix-in-English.pdf,annual_only
2017-09-01,2017/18,India,acreage_sown_area,Acreage (sown area),area,9.4,million_hectare,annual_hold_constant_monthly,Economic Survey Statistical Appendix,https://www.indiabudget.gov.in/economicsurvey/doc/Statistical-Appendix-in-English.pdf,annual_only
2017-09-01,2016/17,Global,brazil_safrinha_harvest_calendar,Brazil safrinha harvest calendar,calendar,44.0,index,recurring_monthly_harvest_calendar,Curated Brazil safrinha harvest calendar,https://www.fao.org/,curated
2017-09-01,2017/18,India,buffer_stock,Buffer stock,stock,2.395,million_tonnes,annual_opening_to_closing_stock_interpolation,Local supply-demand analytics store,D:\ncel2\ncel-commodity-pricing\backend\data\supply_demand_analytics.db,mixed
2017-09-01,2017/18,India,domestic_production,Domestic production,production,4.032,million_tonnes,annual_production_to_monthly_harvest_release_proxy,Economic Survey Statistical Appendix,https://www.indiabudget.gov.in/economicsurvey/doc/Statistical-Appendix-in-English.pdf,annual_only
2017-09-01,2016/17,Global,global_exporter_harvest_calendar,Global exporter harvest calendar,calendar,100.0,index,recurring_monthly_harvest_calendar,Curated global maize exporter harvest calendar,https://www.fao.org/,curated
2017-09-01,2017/18,India,imports,Imports,trade,0.0,million_tonnes,annual_imports_to_monthly_uniform_proxy,Local supply-demand analytics store,D:\ncel2\ncel-commodity-pricing\backend\data\supply_demand_analytics.db,mixed
2017-09-01,2016/17,Argentina,major_producer_crop_conditions,Major producer crop conditions,crop_condition,55.0,index,recurring_monthly_crop_condition_profile,Curated global maize crop-condition profile,https://www.usda.gov/,curated
2017-09-01,2016/17,Brazil,major_producer_crop_conditions,Major producer crop conditions,crop_condition,60.0,index,recurring_monthly_crop_condition_profile,Curated global maize crop-condition profile,https://www.usda.gov/,curated
2017-09-01,2016/17,Ukraine,major_producer_crop_conditions,Major producer crop conditions,crop_condition,64.0,index,recurring_monthly_crop_condition_profile,Curated global maize crop-condition profile,https://www.usda.gov/,curated
2017-09-01,2016/17,United States,major_producer_crop_conditions,Major producer crop conditions,crop_condition,60.0,index,recurring_monthly_crop_condition_profile,Curated global maize crop-condition profile,https://www.usda.gov/,curated
2017-09-01,2017/18,India,opening_stock,Opening stocks,stock,2.395,million_tonnes,annual_opening_to_closing_stock_interpolation,Local supply-demand analytics store,D:\ncel2\ncel-commodity-pricing\backend\data\supply_demand_analytics.db,mixed
2017-09-01,2017/18,India,total_availability,Total availability,derived,6.427,million_tonnes,opening_stock_plus_domestic_production_plus_imports,Derived inside Maize supply store,D:\ncel2\ncel-commodity-pricing\SnD\supply\maize\maize_supply_factors.db,derived
2017-09-01,2017/18,Argentina,usda_global_production,USDA global production by country,global_production,51.6,million_tonnes,backfilled_from_2023_24_usda_snapshot,USDA WASDE March 2026 local text snapshot,D:\ncel2\ncel-commodity-pricing\backend\data\tmp_wasde0326.txt,partial
2017-09-01,2017/18,Brazil,usda_global_production,USDA global production by country,global_production,119.0,million_tonnes,backfilled_from_2023_24_usda_snapshot,USDA WASDE March 2026 local text snapshot,D:\ncel2\ncel-commodity-pricing\backend\data\tmp_wasde0326.txt,partial
2017-09-01,2017/18,Ukraine,usda_global_production,USDA global production by country,global_production,32.5,million_tonnes,backfilled_from_2023_24_usda_snapshot,USDA WASDE March 2026 local text snapshot,D:\ncel2\ncel-commodity-pricing\backend\data\tmp_wasde0326.txt,partial
2017-09-01,2017/18,United States,usda_global_production,USDA global production by country,global_production,389.67,million_tonnes,backfilled_from_2023_24_usda_snapshot,USDA WASDE March 2026 local text snapshot,D:\ncel2\ncel-commodity-pricing\backend\data\tmp_wasde0326.txt,partial
2017-09-01,2017/18,India,yield_per_hectare,Yield per hectare,yield,3065.0,kg_per_hectare,annual_hold_constant_monthly,Economic Survey Statistical Appendix,https://www.indiabudget.gov.in/economicsurvey/doc/Statistical-Appendix-in-English.pdf,annual_only
2017-10-01,2017/18,India,acreage_sown_area,Acreage (sown area),area,9.4,million_hectare,annual_hold_constant_monthly,Economic Survey Statistical Appendix,https://www.indiabudget.gov.in/economicsurvey/doc/Statistical-Appendix-in-English.pdf,annual_only
2017-10-01,2017/18,Global,brazil_safrinha_harvest_calendar,Brazil safrinha harvest calendar,calendar,18.0,index,recurring_monthly_harvest_calendar,Curated Brazil safrinha harvest calendar,https://www.fao.org/,curated
2017-10-01,2017/18,India,buffer_stock,Buffer stock,stock,2.395,million_tonnes,annual_opening_to_closing_stock_interpolation,Local supply-demand analytics store,D:\ncel2\ncel-commodity-pricing\backend\data\supply_demand_analytics.db,mixed
2017-10-01,2017/18,India,domestic_production,Domestic production,production,5.184,million_tonnes,annual_production_to_monthly_harvest_release_proxy,Economic Survey Statistical Appendix,https://www.indiabudget.gov.in/economicsurvey/doc/Statistical-Appendix-in-English.pdf,annual_only
2017-10-01,2017/18,Global,global_exporter_harvest_calendar,Global exporter harvest calendar,calendar,94.0,index,recurring_monthly_harvest_calendar,Curated global maize exporter harvest calendar,https://www.fao.org/,curated
2017-10-01,2017/18,India,imports,Imports,trade,0.0,million_tonnes,annual_imports_to_monthly_uniform_proxy,Local supply-demand analytics store,D:\ncel2\ncel-commodity-pricing\backend\data\supply_demand_analytics.db,mixed
2017-10-01,2017/18,Argentina,major_producer_crop_conditions,Major producer crop conditions,crop_condition,61.0,index,recurring_monthly_crop_condition_profile,Curated global maize crop-condition profile,https://www.usda.gov/,curated
2017-10-01,2017/18,Brazil,major_producer_crop_conditions,Major producer crop conditions,crop_condition,65.0,index,recurring_monthly_crop_condition_profile,Curated global maize crop-condition profile,https://www.usda.gov/,curated
2017-10-01,2017/18,Ukraine,major_producer_crop_conditions,Major producer crop conditions,crop_condition,53.0,index,recurring_monthly_crop_condition_profile,Curated global maize crop-condition profile,https://www.usda.gov/,curated
2017-10-01,2017/18,United States,major_producer_crop_conditions,Major producer crop conditions,crop_condition,48.0,index,recurring_monthly_crop_condition_profile,Curated global maize crop-condition profile,https://www.usda.gov/,curated
2017-10-01,2017/18,India,opening_stock,Opening stocks,stock,2.395,million_tonnes,annual_opening_to_closing_stock_interpolation,Local supply-demand analytics store,D:\ncel2\ncel-commodity-pricing\backend\data\supply_demand_analytics.db,mixed
2017-10-01,2017/18,India,total_availability,Total availability,derived,7.579,million_tonnes,opening_stock_plus_domestic_production_plus_imports,Derived inside Maize supply store,D:\ncel2\ncel-commodity-pricing\SnD\supply\maize\maize_supply_factors.db,derived
2017-10-01,2017/18,Argentina,usda_global_production,USDA global production by country,global_production,51.6,million_tonnes,backfilled_from_2023_24_usda_snapshot,USDA WASDE March 2026 local text snapshot,D:\ncel2\ncel-commodity-pricing\backend\data\tmp_wasde0326.txt,partial
2017-10-01,2017/18,Brazil,usda_global_production,USDA global production by country,global_production,119.0,million_tonnes,backfilled_from_2023_24_usda_snapshot,USDA WASDE March 2026 local text snapshot,D:\ncel2\ncel-commodity-pricing\backend\data\tmp_wasde0326.txt,partial
2017-10-01,2017/18,Ukraine,usda_global_production,USDA global production by country,global_production,32.5,million_tonnes,backfilled_from_2023_24_usda_snapshot,USDA WASDE March 2026 local text snapshot,D:\ncel2\ncel-commodity-pricing\backend\data\tmp_wasde0326.txt,partial
2017-10-01,2017/18,United States,usda_global_production,USDA global production by country,global_production,389.67,million_tonnes,backfilled_from_2023_24_usda_snapshot,USDA WASDE March 2026 local text snapshot,D:\ncel2\ncel-commodity-pricing\backend\data\tmp_wasde0326.txt,partial
2017-10-01,2017/18,India,yield_per_hectare,Yield per hectare,yield,3065.0,kg_per_hectare,annual_hold_constant_monthly,Economic Survey Statistical Appendix,https://www.indiabudget.gov.in/economicsurvey/doc/Statistical-Appendix-in-English.pdf,annual_only
2017-11-01,2017/18,India,acreage_sown_area,Acreage (sown area),area,9.4,million_hectare,annual_hold_constant_monthly,Economic Survey Statistical Appendix,https://www.indiabudget.gov.in/economicsurvey/doc/Statistical-Appendix-in-English.pdf,annual_only
2017-11-01,2017/18,Global,brazil_safrinha_harvest_calendar,Brazil safrinha harvest calendar,calendar,8.0,index,recurring_monthly_harvest_calendar,Curated Brazil safrinha harvest calendar,https://www.fao.org/,curated
2017-11-01,2017/18,India,buffer_stock,Buffer stock,stock,2.395,million_tonnes,annual_opening_to_closing_stock_interpolation,Local supply-demand analytics store,D:\ncel2\ncel-commodity-pricing\backend\data\supply_demand_analytics.db,mixed
2017-11-01,2017/18,India,domestic_production,Domestic production,production,4.608,million_tonnes,annual_production_to_monthly_harvest_release_proxy,Economic Survey Statistical Appendix,https://www.indiabudget.gov.in/economicsurvey/doc/Statistical-Appendix-in-English.pdf,annual_only
2017-11-01,2017/18,Global,global_exporter_harvest_calendar,Global exporter harvest calendar,calendar,76.0,index,recurring_monthly_harvest_calendar,Curated global maize exporter harvest calendar,https://www.fao.org/,curated
2017-11-01,2017/18,India,imports,Imports,trade,0.0,million_tonnes,annual_imports_to_monthly_uniform_proxy,Local supply-demand analytics store,D:\ncel2\ncel-commodity-pricing\backend\data\supply_demand_analytics.db,mixed
2017-11-01,2017/18,Argentina,major_producer_crop_conditions,Major producer crop conditions,crop_condition,66.0,index,recurring_monthly_crop_condition_profile,Curated global maize crop-condition profile,https://www.usda.gov/,curated
2017-11-01,2017/18,Brazil,major_producer_crop_conditions,Major producer crop conditions,crop_condition,69.0,index,recurring_monthly_crop_condition_profile,Curated global maize crop-condition profile,https://www.usda.gov/,curated
2017-11-01,2017/18,Ukraine,major_producer_crop_conditions,Major producer crop conditions,crop_condition,45.0,index,recurring_monthly_crop_condition_profile,Curated global maize crop-condition profile,https://www.usda.gov/,curated
2017-11-01,2017/18,United States,major_producer_crop_conditions,Major producer crop conditions,crop_condition,40.0,index,recurring_monthly_crop_condition_profile,Curated global maize crop-condition profile,https://www.usda.gov/,curated
2017-11-01,2017/18,India,opening_stock,Opening stocks,stock,2.395,million_tonnes,annual_opening_to_closing_stock_interpolation,Local supply-demand analytics store,D:\ncel2\ncel-commodity-pricing\backend\data\supply_demand_analytics.db,mixed
2017-11-01,2017/18,India,total_availability,Total availability,derived,7.003,million_tonnes,opening_stock_plus_domestic_production_plus_imports,Derived inside Maize supply store,D:\ncel2\ncel-commodity-pricing\SnD\supply\maize\maize_supply_factors.db,derived
2017-11-01,2017/18,Argentina,usda_global_production,USDA global production by country,global_production,51.6,million_tonnes,backfilled_from_2023_24_usda_snapshot,USDA WASDE March 2026 local text snapshot,D:\ncel2\ncel-commodity-pricing\backend\data\tmp_wasde0326.txt,partial
2017-11-01,2017/18,Brazil,usda_global_production,USDA global production by country,global_production,119.0,million_tonnes,backfilled_from_2023_24_usda_snapshot,USDA WASDE March 2026 local text snapshot,D:\ncel2\ncel-commodity-pricing\backend\data\tmp_wasde0326.txt,partial
2017-11-01,2017/18,Ukraine,usda_global_production,USDA global production by country,global_production,32.5,million_tonnes,backfilled_from_2023_24_usda_snapshot,USDA WASDE March 2026 local text snapshot,D:\ncel2\ncel-commodity-pricing\backend\data\tmp_wasde0326.txt,partial
2017-11-01,2017/18,United States,usda_global_production,USDA global production by country,global_production,389.67,million_tonnes,backfilled_from_2023_24_usda_snapshot,USDA WASDE March 2026 local text snapshot,D:\ncel2\ncel-commodity-pricing\backend\data\tmp_wasde0326.txt,partial
2017-11-01,2017/18,India,yield_per_hectare,Yield per hectare,yield,3065.0,kg_per_hectare,annual_hold_constant_monthly,Economic Survey Statistical Appendix,https://www.indiabudget.gov.in/economicsurvey/doc/Statistical-Appendix-in-English.pdf,annual_only
2017-12-01,2017/18,India,acreage_sown_area,Acreage (sown area),area,9.4,million_hectare,annual_hold_constant_monthly,Economic Survey Statistical Appendix,https://www.indiabudget.gov.in/economicsurvey/doc/Statistical-Appendix-in-English.pdf,annual_only
2017-12-01,2017/18,Global,brazil_safrinha_harvest_calendar,Brazil safrinha harvest calendar,calendar,5.0,index,recurring_monthly_harvest_calendar,Curated Brazil safrinha harvest calendar,https://www.fao.org/,curated
2017-12-01,2017/18,India,buffer_stock,Buffer stock,stock,2.395,million_tonnes,annual_opening_to_closing_stock_interpolation,Local supply-demand analytics store,D:\ncel2\ncel-commodity-pricing\backend\data\supply_demand_analytics.db,mixed
2017-12-01,2017/18,India,domestic_production,Domestic production,production,2.592,million_tonnes,annual_production_to_monthly_harvest_release_proxy,Economic Survey Statistical Appendix,https://www.indiabudget.gov.in/economicsurvey/doc/Statistical-Appendix-in-English.pdf,annual_only
2017-12-01,2017/18,Global,global_exporter_harvest_calendar,Global exporter harvest calendar,calendar,58.0,index,recurring_monthly_harvest_calendar,Curated global maize exporter harvest calendar,https://www.fao.org/,curated
2017-12-01,2017/18,India,imports,Imports,trade,0.0,million_tonnes,annual_imports_to_monthly_uniform_proxy,Local supply-demand analytics store,D:\ncel2\ncel-commodity-pricing\backend\data\supply_demand_analytics.db,mixed
2017-12-01,2017/18,Argentina,major_producer_crop_conditions,Major producer crop conditions,crop_condition,68.0,index,recurring_monthly_crop_condition_profile,Curated global maize crop-condition profile,https://www.usda.gov/,curated
2017-12-01,2017/18,Brazil,major_producer_crop_conditions,Major producer crop conditions,crop_condition,71.0,index,recurring_monthly_crop_condition_profile,Curated global maize crop-condition profile,https://www.usda.gov/,curated
2017-12-01,2017/18,Ukraine,major_producer_crop_conditions,Major producer crop conditions,crop_condition,42.0,index,recurring_monthly_crop_condition_profile,Curated global maize crop-condition profile,https://www.usda.gov/,curated
2017-12-01,2017/18,United States,major_producer_crop_conditions,Major producer crop conditions,crop_condition,36.0,index,recurring_monthly_crop_condition_profile,Curated global maize crop-condition profile,https://www.usda.gov/,curated
2017-12-01,2017/18,India,opening_stock,Opening stocks,stock,2.395,million_tonnes,annual_opening_to_closing_stock_interpolation,Local supply-demand analytics store,D:\ncel2\ncel-commodity-pricing\backend\data\supply_demand_analytics.db,mixed
2017-12-01,2017/18,India,total_availability,Total availability,derived,4.987,million_tonnes,opening_stock_plus_domestic_production_plus_imports,Derived inside Maize supply store,D:\ncel2\ncel-commodity-pricing\SnD\supply\maize\maize_supply_factors.db,derived
2017-12-01,2017/18,Argentina,usda_global_production,USDA global production by country,global_production,51.6,million_tonnes,backfilled_from_2023_24_usda_snapshot,USDA WASDE March 2026 local text snapshot,D:\ncel2\ncel-commodity-pricing\backend\data\tmp_wasde0326.txt,partial
2017-12-01,2017/18,Brazil,usda_global_production,USDA global production by country,global_production,119.0,million_tonnes,backfilled_from_2023_24_usda_snapshot,USDA WASDE March 2026 local text snapshot,D:\ncel2\ncel-commodity-pricing\backend\data\tmp_wasde0326.txt,partial
2017-12-01,2017/18,Ukraine,usda_global_production,USDA global production by country,global_production,32.5,million_tonnes,backfilled_from_2023_24_usda_snapshot,USDA WASDE March 2026 local text snapshot,D:\ncel2\ncel-commodity-pricing\backend\data\tmp_wasde0326.txt,partial
2017-12-01,2017/18,United States,usda_global_production,USDA global production by country,global_production,389.67,million_tonnes,backfilled_from_2023_24_usda_snapshot,USDA WASDE March 2026 local text snapshot,D:\ncel2\ncel-commodity-pricing\backend\data\tmp_wasde0326.txt,partial
2017-12-01,2017/18,India,yield_per_hectare,Yield per hectare,yield,3065.0,kg_per_hectare,annual_hold_constant_monthly,Economic Survey Statistical Appendix,https://www.indiabudget.gov.in/economicsurvey/doc/Statistical-Appendix-in-English.pdf,annual_only
2018-01-01,2017/18,India,acreage_sown_area,Acreage (sown area),area,9.4,million_hectare,annual_hold_constant_monthly,Economic Survey Statistical Appendix,https://www.indiabudget.gov.in/economicsurvey/doc/Statistical-Appendix-in-English.pdf,annual_only
2018-01-01,2017/18,Global,brazil_safrinha_harvest_calendar,Brazil safrinha harvest calendar,calendar,12.0,index,recurring_monthly_harvest_calendar,Curated Brazil safrinha harvest calendar,https://www.fao.org/,curated
2018-01-01,2017/18,India,buffer_stock,Buffer stock,stock,2.395,million_tonnes,annual_opening_to_closing_stock_interpolation,Local supply-demand analytics store,D:\ncel2\ncel-commodity-pricing\backend\data\supply_demand_analytics.db,mixed
2018-01-01,2017/18,India,domestic_production,Domestic production,production,1.44,million_tonnes,annual_production_to_monthly_harvest_release_proxy,Economic Survey Statistical Appendix,https://www.indiabudget.gov.in/economicsurvey/doc/Statistical-Appendix-in-English.pdf,annual_only
2018-01-01,2017/18,Global,global_exporter_harvest_calendar,Global exporter harvest calendar,calendar,34.0,index,recurring_monthly_harvest_calendar,Curated global maize exporter harvest calendar,https://www.fao.org/,curated
2018-01-01,2017/18,India,imports,Imports,trade,0.0,million_tonnes,annual_imports_to_monthly_uniform_proxy,Local supply-demand analytics store,D:\ncel2\ncel-commodity-pricing\backend\data\supply_demand_analytics.db,mixed
2018-01-01,2017/18,Argentina,major_producer_crop_conditions,Major producer crop conditions,crop_condition,69.0,index,recurring_monthly_crop_condition_profile,Curated global maize crop-condition profile,https://www.usda.gov/,curated
2018-01-01,2017/18,Brazil,major_producer_crop_conditions,Major producer crop conditions,crop_condition,72.0,index,recurring_monthly_crop_condition_profile,Curated global maize crop-condition profile,https://www.usda.gov/,curated
2018-01-01,2017/18,Ukraine,major_producer_crop_conditions,Major producer crop conditions,crop_condition,41.0,index,recurring_monthly_crop_condition_profile,Curated global maize crop-condition profile,https://www.usda.gov/,curated
2018-01-01,2017/18,United States,major_producer_crop_conditions,Major producer crop conditions,crop_condition,38.0,index,recurring_monthly_crop_condition_profile,Curated global maize crop-condition profile,https://www.usda.gov/,curated
2018-01-01,2017/18,India,opening_stock,Opening stocks,stock,2.395,million_tonnes,annual_opening_to_closing_stock_interpolation,Local supply-demand analytics store,D:\ncel2\ncel-commodity-pricing\backend\data\supply_demand_analytics.db,mixed
2018-01-01,2017/18,India,total_availability,Total availability,derived,3.835,million_tonnes,opening_stock_plus_domestic_production_plus_imports,Derived inside Maize supply store,D:\ncel2\ncel-commodity-pricing\SnD\supply\maize\maize_supply_factors.db,derived
2018-01-01,2017/18,Argentina,usda_global_production,USDA global production by country,global_production,51.6,million_tonnes,backfilled_from_2023_24_usda_snapshot,USDA WASDE March 2026 local text snapshot,D:\ncel2\ncel-commodity-pricing\backend\data\tmp_wasde0326.txt,partial
2018-01-01,2017/18,Brazil,usda_global_production,USDA global production by country,global_production,119.0,million_tonnes,backfilled_from_2023_24_usda_snapshot,USDA WASDE March 2026 local text snapshot,D:\ncel2\ncel-commodity-pricing\backend\data\tmp_wasde0326.txt,partial
2018-01-01,2017/18,Ukraine,usda_global_production,USDA global production by country,global_production,32.5,million_tonnes,backfilled_from_2023_24_usda_snapshot,USDA WASDE March 2026 local text snapshot,D:\ncel2\ncel-commodity-pricing\backend\data\tmp_wasde0326.txt,partial
2018-01-01,2017/18,United States,usda_global_production,USDA global production by country,global_production,389.67,million_tonnes,backfilled_from_2023_24_usda_snapshot,USDA WASDE March 2026 local text snapshot,D:\ncel2\ncel-commodity-pricing\backend\data\tmp_wasde0326.txt,partial
2018-01-01,2017/18,India,yield_per_hectare,Yield per hectare,yield,3065.0,kg_per_hectare,annual_hold_constant_monthly,Economic Survey Statistical Appendix,https://www.indiabudget.gov.in/economicsurvey/doc/Statistical-Appendix-in-English.pdf,annual_only
2018-02-01,2017/18,India,acreage_sown_area,Acreage (sown area),area,9.4,million_hectare,annual_hold_constant_monthly,Economic Survey Statistical Appendix,https://www.indiabudget.gov.in/economicsurvey/doc/Statistical-Appendix-in-English.pdf,annual_only
2018-02-01,2017/18,Global,brazil_safrinha_harvest_calendar,Brazil safrinha harvest calendar,calendar,18.0,index,recurring_monthly_harvest_calendar,Curated Brazil safrinha harvest calendar,https://www.fao.org/,curated
2018-02-01,2017/18,India,buffer_stock,Buffer stock,stock,2.395,million_tonnes,annual_opening_to_closing_stock_interpolation,Local supply-demand analytics store,D:\ncel2\ncel-commodity-pricing\backend\data\supply_demand_analytics.db,mixed
2018-02-01,2017/18,India,domestic_production,Domestic production,production,0.864,million_tonnes,annual_production_to_monthly_harvest_release_proxy,Economic Survey Statistical Appendix,https://www.indiabudget.gov.in/economicsurvey/doc/Statistical-Appendix-in-English.pdf,annual_only
2018-02-01,2017/18,Global,global_exporter_harvest_calendar,Global exporter harvest calendar,calendar,28.0,index,recurring_monthly_harvest_calendar,Curated global maize exporter harvest calendar,https://www.fao.org/,curated
2018-02-01,2017/18,India,imports,Imports,trade,0.0,million_tonnes,annual_imports_to_monthly_uniform_proxy,Local supply-demand analytics store,D:\ncel2\ncel-commodity-pricing\backend\data\supply_demand_analytics.db,mixed
2018-02-01,2017/18,Argentina,major_producer_crop_conditions,Major producer crop conditions,crop_condition,67.0,index,recurring_monthly_crop_condition_profile,Curated global maize crop-condition profile,https://www.usda.gov/,curated
2018-02-01,2017/18,Brazil,major_producer_crop_conditions,Major producer crop conditions,crop_condition,70.0,index,recurring_monthly_crop_condition_profile,Curated global maize crop-condition profile,https://www.usda.gov/,curated
2018-02-01,2017/18,Ukraine,major_producer_crop_conditions,Major producer crop conditions,crop_condition,39.0,index,recurring_monthly_crop_condition_profile,Curated global maize crop-condition profile,https://www.usda.gov/,curated
2018-02-01,2017/18,United States,major_producer_crop_conditions,Major producer crop conditions,crop_condition,35.0,index,recurring_monthly_crop_condition_profile,Curated global maize crop-condition profile,https://www.usda.gov/,curated
2018-02-01,2017/18,India,opening_stock,Opening stocks,stock,2.395,million_tonnes,annual_opening_to_closing_stock_interpolation,Local supply-demand analytics store,D:\ncel2\ncel-commodity-pricing\backend\data\supply_demand_analytics.db,mixed
2018-02-01,2017/18,India,total_availability,Total availability,derived,3.259,million_tonnes,opening_stock_plus_domestic_production_plus_imports,Derived inside Maize supply store,D:\ncel2\ncel-commodity-pricing\SnD\supply\maize\maize_supply_factors.db,derived
2018-02-01,2017/18,Argentina,usda_global_production,USDA global production by country,global_production,51.6,million_tonnes,backfilled_from_2023_24_usda_snapshot,USDA WASDE March 2026 local text snapshot,D:\ncel2\ncel-commodity-pricing\backend\data\tmp_wasde0326.txt,partial
2018-02-01,2017/18,Brazil,usda_global_production,USDA global production by country,global_production,119.0,million_tonnes,backfilled_from_2023_24_usda_snapshot,USDA WASDE March 2026 local text snapshot,D:\ncel2\ncel-commodity-pricing\backend\data\tmp_wasde0326.txt,partial
2018-02-01,2017/18,Ukraine,usda_global_production,USDA global production by country,global_production,32.5,million_tonnes,backfilled_from_2023_24_usda_snapshot,USDA WASDE March 2026 local text snapshot,D:\ncel2\ncel-commodity-pricing\backend\data\tmp_wasde0326.txt,partial
2018-02-01,2017/18,United States,usda_global_production,USDA global production by country,global_production,389.67,million_tonnes,backfilled_from_2023_24_usda_snapshot,USDA WASDE March 2026 local text snapshot,D:\ncel2\ncel-commodity-pricing\backend\data\tmp_wasde0326.txt,partial
2018-02-01,2017/18,India,yield_per_hectare,Yield per hectare,yield,3065.0,kg_per_hectare,annual_hold_constant_monthly,Economic Survey Statistical Appendix,https://www.indiabudget.gov.in/economicsurvey/doc/Statistical-Appendix-in-English.pdf,annual_only
2018-03-01,2017/18,India,acreage_sown_area,Acreage (sown area),area,9.4,million_hectare,annual_hold_constant_monthly,Economic Survey Statistical Appendix,https://www.indiabudget.gov.in/economicsurvey/doc/Statistical-Appendix-in-English.pdf,annual_only
2018-03-01,2017/18,Global,brazil_safrinha_harvest_calendar,Brazil safrinha harvest calendar,calendar,26.0,index,recurring_monthly_harvest_calendar,Curated Brazil safrinha harvest calendar,https://www.fao.org/,curated
2018-03-01,2017/18,India,buffer_stock,Buffer stock,stock,2.395,million_tonnes,annual_opening_to_closing_stock_interpolation,Local supply-demand analytics store,D:\ncel2\ncel-commodity-pricing\backend\data\supply_demand_analytics.db,mixed
2018-03-01,2017/18,India,domestic_production,Domestic production,production,0.288,million_tonnes,annual_production_to_monthly_harvest_release_proxy,Economic Survey Statistical Appendix,https://www.indiabudget.gov.in/economicsurvey/doc/Statistical-Appendix-in-English.pdf,annual_only
2018-03-01,2017/18,Global,global_exporter_harvest_calendar,Global exporter harvest calendar,calendar,22.0,index,recurring_monthly_harvest_calendar,Curated global maize exporter harvest calendar,https://www.fao.org/,curated
2018-03-01,2017/18,India,imports,Imports,trade,0.0,million_tonnes,annual_imports_to_monthly_uniform_proxy,Local supply-demand analytics store,D:\ncel2\ncel-commodity-pricing\backend\data\supply_demand_analytics.db,mixed
2018-03-01,2017/18,Argentina,major_producer_crop_conditions,Major producer crop conditions,crop_condition,63.0,index,recurring_monthly_crop_condition_profile,Curated global maize crop-condition profile,https://www.usda.gov/,curated
2018-03-01,2017/18,Brazil,major_producer_crop_conditions,Major producer crop conditions,crop_condition,66.0,index,recurring_monthly_crop_condition_profile,Curated global maize crop-condition profile,https://www.usda.gov/,curated
2018-03-01,2017/18,Ukraine,major_producer_crop_conditions,Major producer crop conditions,crop_condition,43.0,index,recurring_monthly_crop_condition_profile,Curated global maize crop-condition profile,https://www.usda.gov/,curated
2018-03-01,2017/18,United States,major_producer_crop_conditions,Major producer crop conditions,crop_condition,40.0,index,recurring_monthly_crop_condition_profile,Curated global maize crop-condition profile,https://www.usda.gov/,curated
2018-03-01,2017/18,India,opening_stock,Opening stocks,stock,2.395,million_tonnes,annual_opening_to_closing_stock_interpolation,Local supply-demand analytics store,D:\ncel2\ncel-commodity-pricing\backend\data\supply_demand_analytics.db,mixed
2018-03-01,2017/18,India,total_availability,Total availability,derived,2.683,million_tonnes,opening_stock_plus_domestic_production_plus_imports,Derived inside Maize supply store,D:\ncel2\ncel-commodity-pricing\SnD\supply\maize\maize_supply_factors.db,derived
2018-03-01,2017/18,Argentina,usda_global_production,USDA global production by country,global_production,51.6,million_tonnes,backfilled_from_2023_24_usda_snapshot,USDA WASDE March 2026 local text snapshot,D:\ncel2\ncel-commodity-pricing\backend\data\tmp_wasde0326.txt,partial
2018-03-01,2017/18,Brazil,usda_global_production,USDA global production by country,global_production,119.0,million_tonnes,backfilled_from_2023_24_usda_snapshot,USDA WASDE March 2026 local text snapshot,D:\ncel2\ncel-commodity-pricing\backend\data\tmp_wasde0326.txt,partial
2018-03-01,2017/18,Ukraine,usda_global_production,USDA global production by country,global_production,32.5,million_tonnes,backfilled_from_2023_24_usda_snapshot,USDA WASDE March 2026 local text snapshot,D:\ncel2\ncel-commodity-pricing\backend\data\tmp_wasde0326.txt,partial
2018-03-01,2017/18,United States,usda_global_production,USDA global production by country,global_production,389.67,million_tonnes,backfilled_from_2023_24_usda_snapshot,USDA WASDE March 2026 local text snapshot,D:\ncel2\ncel-commodity-pricing\backend\data\tmp_wasde0326.txt,partial
2018-03-01,2017/18,India,yield_per_hectare,Yield per hectare,yield,3065.0,kg_per_hectare,annual_hold_constant_monthly,Economic Survey Statistical Appendix,https://www.indiabudget.gov.in/economicsurvey/doc/Statistical-Appendix-in-English.pdf,annual_only
2018-04-01,2018/19,India,acreage_sown_area,Acreage (sown area),area,9.0,million_hectare,annual_hold_constant_monthly,Economic Survey Statistical Appendix,https://www.indiabudget.gov.in/economicsurvey/doc/Statistical-Appendix-in-English.pdf,annual_only
2018-04-01,2017/18,Global,brazil_safrinha_harvest_calendar,Brazil safrinha harvest calendar,calendar,42.0,index,recurring_monthly_harvest_calendar,Curated Brazil safrinha harvest calendar,https://www.fao.org/,curated
2018-04-01,2018/19,India,buffer_stock,Buffer stock,stock,2.395,million_tonnes,annual_opening_to_closing_stock_interpolation,Local supply-demand analytics store,D:\ncel2\ncel-commodity-pricing\backend\data\supply_demand_analytics.db,mixed
2018-04-01,2018/19,India,domestic_production,Domestic production,production,0.831,million_tonnes,annual_production_to_monthly_harvest_release_proxy,Economic Survey Statistical Appendix,https://www.indiabudget.gov.in/economicsurvey/doc/Statistical-Appendix-in-English.pdf,annual_only
2018-04-01,2017/18,Global,global_exporter_harvest_calendar,Global exporter harvest calendar,calendar,24.0,index,recurring_monthly_harvest_calendar,Curated global maize exporter harvest calendar,https://www.fao.org/,curated
2018-04-01,2018/19,India,imports,Imports,trade,0.0,million_tonnes,annual_imports_to_monthly_uniform_proxy,Local supply-demand analytics store,D:\ncel2\ncel-commodity-pricing\backend\data\supply_demand_analytics.db,mixed
2018-04-01,2017/18,Argentina,major_producer_crop_conditions,Major producer crop conditions,crop_condition,58.0,index,recurring_monthly_crop_condition_profile,Curated global maize crop-condition profile,https://www.usda.gov/,curated
2018-04-01,2017/18,Brazil,major_producer_crop_conditions,Major producer crop conditions,crop_condition,62.0,index,recurring_monthly_crop_condition_profile,Curated global maize crop-condition profile,https://www.usda.gov/,curated
2018-04-01,2017/18,Ukraine,major_producer_crop_conditions,Major producer crop conditions,crop_condition,50.0,index,recurring_monthly_crop_condition_profile,Curated global maize crop-condition profile,https://www.usda.gov/,curated
2018-04-01,2017/18,United States,major_producer_crop_conditions,Major producer crop conditions,crop_condition,52.0,index,recurring_monthly_crop_condition_profile,Curated global maize crop-condition profile,https://www.usda.gov/,curated
2018-04-01,2018/19,India,opening_stock,Opening stocks,stock,2.395,million_tonnes,annual_opening_to_closing_stock_interpolation,Local supply-demand analytics store,D:\ncel2\ncel-commodity-pricing\backend\data\supply_demand_analytics.db,mixed
2018-04-01,2018/19,India,total_availability,Total availability,derived,3.226,million_tonnes,opening_stock_plus_domestic_production_plus_imports,Derived inside Maize supply store,D:\ncel2\ncel-commodity-pricing\SnD\supply\maize\maize_supply_factors.db,derived
2018-04-01,2018/19,Argentina,usda_global_production,USDA global production by country,global_production,51.6,million_tonnes,backfilled_from_2023_24_usda_snapshot,USDA WASDE March 2026 local text snapshot,D:\ncel2\ncel-commodity-pricing\backend\data\tmp_wasde0326.txt,partial
2018-04-01,2018/19,Brazil,usda_global_production,USDA global production by country,global_production,119.0,million_tonnes,backfilled_from_2023_24_usda_snapshot,USDA WASDE March 2026 local text snapshot,D:\ncel2\ncel-commodity-pricing\backend\data\tmp_wasde0326.txt,partial
2018-04-01,2018/19,Ukraine,usda_global_production,USDA global production by country,global_production,32.5,million_tonnes,backfilled_from_2023_24_usda_snapshot,USDA WASDE March 2026 local text snapshot,D:\ncel2\ncel-commodity-pricing\backend\data\tmp_wasde0326.txt,partial
2018-04-01,2018/19,United States,usda_global_production,USDA global production by country,global_production,389.67,million_tonnes,backfilled_from_2023_24_usda_snapshot,USDA WASDE March 2026 local text snapshot,D:\ncel2\ncel-commodity-pricing\backend\data\tmp_wasde0326.txt,partial
2018-04-01,2018/19,India,yield_per_hectare,Yield per hectare,yield,3070.0,kg_per_hectare,annual_hold_constant_monthly,Economic Survey Statistical Appendix,https://www.indiabudget.gov.in/economicsurvey/doc/Statistical-Appendix-in-English.pdf,annual_only
2018-05-01,2018/19,India,acreage_sown_area,Acreage (sown area),area,9.0,million_hectare,annual_hold_constant_monthly,Economic Survey Statistical Appendix,https://www.indiabudget.gov.in/economicsurvey/doc/Statistical-Appendix-in-English.pdf,annual_only
2018-05-01,2017/18,Global,brazil_safrinha_harvest_calendar,Brazil safrinha harvest calendar,calendar,68.0,index,recurring_monthly_harvest_calendar,Curated Brazil safrinha harvest calendar,https://www.fao.org/,curated
2018-05-01,2018/19,India,buffer_stock,Buffer stock,stock,2.395,million_tonnes,annual_opening_to_closing_stock_interpolation,Local supply-demand analytics store,D:\ncel2\ncel-commodity-pricing\backend\data\supply_demand_analytics.db,mixed
2018-05-01,2018/19,India,domestic_production,Domestic production,production,1.385,million_tonnes,annual_production_to_monthly_harvest_release_proxy,Economic Survey Statistical Appendix,https://www.indiabudget.gov.in/economicsurvey/doc/Statistical-Appendix-in-English.pdf,annual_only
2018-05-01,2017/18,Global,global_exporter_harvest_calendar,Global exporter harvest calendar,calendar,39.0,index,recurring_monthly_harvest_calendar,Curated global maize exporter harvest calendar,https://www.fao.org/,curated
2018-05-01,2018/19,India,imports,Imports,trade,0.0,million_tonnes,annual_imports_to_monthly_uniform_proxy,Local supply-demand analytics store,D:\ncel2\ncel-commodity-pricing\backend\data\supply_demand_analytics.db,mixed
2018-05-01,2017/18,Argentina,major_producer_crop_conditions,Major producer crop conditions,crop_condition,54.0,index,recurring_monthly_crop_condition_profile,Curated global maize crop-condition profile,https://www.usda.gov/,curated
2018-05-01,2017/18,Brazil,major_producer_crop_conditions,Major producer crop conditions,crop_condition,58.0,index,recurring_monthly_crop_condition_profile,Curated global maize crop-condition profile,https://www.usda.gov/,curated
2018-05-01,2017/18,Ukraine,major_producer_crop_conditions,Major producer crop conditions,crop_condition,60.0,index,recurring_monthly_crop_condition_profile,Curated global maize crop-condition profile,https://www.usda.gov/,curated
2018-05-01,2017/18,United States,major_producer_crop_conditions,Major producer crop conditions,crop_condition,63.0,index,recurring_monthly_crop_condition_profile,Curated global maize crop-condition profile,https://www.usda.gov/,curated
2018-05-01,2018/19,India,opening_stock,Opening stocks,stock,2.395,million_tonnes,annual_opening_to_closing_stock_interpolation,Local supply-demand analytics store,D:\ncel2\ncel-commodity-pricing\backend\data\supply_demand_analytics.db,mixed
2018-05-01,2018/19,India,total_availability,Total availability,derived,3.78,million_tonnes,opening_stock_plus_domestic_production_plus_imports,Derived inside Maize supply store,D:\ncel2\ncel-commodity-pricing\SnD\supply\maize\maize_supply_factors.db,derived
2018-05-01,2018/19,Argentina,usda_global_production,USDA global production by country,global_production,51.6,million_tonnes,backfilled_from_2023_24_usda_snapshot,USDA WASDE March 2026 local text snapshot,D:\ncel2\ncel-commodity-pricing\backend\data\tmp_wasde0326.txt,partial
2018-05-01,2018/19,Brazil,usda_global_production,USDA global production by country,global_production,119.0,million_tonnes,backfilled_from_2023_24_usda_snapshot,USDA WASDE March 2026 local text snapshot,D:\ncel2\ncel-commodity-pricing\backend\data\tmp_wasde0326.txt,partial
2018-05-01,2018/19,Ukraine,usda_global_production,USDA global production by country,global_production,32.5,million_tonnes,backfilled_from_2023_24_usda_snapshot,USDA WASDE March 2026 local text snapshot,D:\ncel2\ncel-commodity-pricing\backend\data\tmp_wasde0326.txt,partial
2018-05-01,2018/19,United States,usda_global_production,USDA global production by country,global_production,389.67,million_tonnes,backfilled_from_2023_24_usda_snapshot,USDA WASDE March 2026 local text snapshot,D:\ncel2\ncel-commodity-pricing\backend\data\tmp_wasde0326.txt,partial
2018-05-01,2018/19,India,yield_per_hectare,Yield per hectare,yield,3070.0,kg_per_hectare,annual_hold_constant_monthly,Economic Survey Statistical Appendix,https://www.indiabudget.gov.in/economicsurvey/doc/Statistical-Appendix-in-English.pdf,annual_only
2018-06-01,2018/19,India,acreage_sown_area,Acreage (sown area),area,9.0,million_hectare,annual_hold_constant_monthly,Economic Survey Statistical Appendix,https://www.indiabudget.gov.in/economicsurvey/doc/Statistical-Appendix-in-English.pdf,annual_only
2018-06-01,2017/18,Global,brazil_safrinha_harvest_calendar,Brazil safrinha harvest calendar,calendar,92.0,index,recurring_monthly_harvest_calendar,Curated Brazil safrinha harvest calendar,https://www.fao.org/,curated
2018-06-01,2018/19,India,buffer_stock,Buffer stock,stock,2.395,million_tonnes,annual_opening_to_closing_stock_interpolation,Local supply-demand analytics store,D:\ncel2\ncel-commodity-pricing\backend\data\supply_demand_analytics.db,mixed
2018-06-01,2018/19,India,domestic_production,Domestic production,production,2.216,million_tonnes,annual_production_to_monthly_harvest_release_proxy,Economic Survey Statistical Appendix,https://www.indiabudget.gov.in/economicsurvey/doc/Statistical-Appendix-in-English.pdf,annual_only
2018-06-01,2017/18,Global,global_exporter_harvest_calendar,Global exporter harvest calendar,calendar,55.0,index,recurring_monthly_harvest_calendar,Curated global maize exporter harvest calendar,https://www.fao.org/,curated
2018-06-01,2018/19,India,imports,Imports,trade,0.0,million_tonnes,annual_imports_to_monthly_uniform_proxy,Local supply-demand analytics store,D:\ncel2\ncel-commodity-pricing\backend\data\supply_demand_analytics.db,mixed
2018-06-01,2017/18,Argentina,major_producer_crop_conditions,Major producer crop conditions,crop_condition,52.0,index,recurring_monthly_crop_condition_profile,Curated global maize crop-condition profile,https://www.usda.gov/,curated
2018-06-01,2017/18,Brazil,major_producer_crop_conditions,Major producer crop conditions,crop_condition,56.0,index,recurring_monthly_crop_condition_profile,Curated global maize crop-condition profile,https://www.usda.gov/,curated
2018-06-01,2017/18,Ukraine,major_producer_crop_conditions,Major producer crop conditions,crop_condition,70.0,index,recurring_monthly_crop_condition_profile,Curated global maize crop-condition profile,https://www.usda.gov/,curated
2018-06-01,2017/18,United States,major_producer_crop_conditions,Major producer crop conditions,crop_condition,74.0,index,recurring_monthly_crop_condition_profile,Curated global maize crop-condition profile,https://www.usda.gov/,curated
2018-06-01,2018/19,India,opening_stock,Opening stocks,stock,2.395,million_tonnes,annual_opening_to_closing_stock_interpolation,Local supply-demand analytics store,D:\ncel2\ncel-commodity-pricing\backend\data\supply_demand_analytics.db,mixed
2018-06-01,2018/19,India,total_availability,Total availability,derived,4.611,million_tonnes,opening_stock_plus_domestic_production_plus_imports,Derived inside Maize supply store,D:\ncel2\ncel-commodity-pricing\SnD\supply\maize\maize_supply_factors.db,derived
2018-06-01,2018/19,Argentina,usda_global_production,USDA global production by country,global_production,51.6,million_tonnes,backfilled_from_2023_24_usda_snapshot,USDA WASDE March 2026 local text snapshot,D:\ncel2\ncel-commodity-pricing\backend\data\tmp_wasde0326.txt,partial
2018-06-01,2018/19,Brazil,usda_global_production,USDA global production by country,global_production,119.0,million_tonnes,backfilled_from_2023_24_usda_snapshot,USDA WASDE March 2026 local text snapshot,D:\ncel2\ncel-commodity-pricing\backend\data\tmp_wasde0326.txt,partial
2018-06-01,2018/19,Ukraine,usda_global_production,USDA global production by country,global_production,32.5,million_tonnes,backfilled_from_2023_24_usda_snapshot,USDA WASDE March 2026 local text snapshot,D:\ncel2\ncel-commodity-pricing\backend\data\tmp_wasde0326.txt,partial
2018-06-01,2018/19,United States,usda_global_production,USDA global production by country,global_production,389.67,million_tonnes,backfilled_from_2023_24_usda_snapshot,USDA WASDE March 2026 local text snapshot,D:\ncel2\ncel-commodity-pricing\backend\data\tmp_wasde0326.txt,partial
2018-06-01,2018/19,India,yield_per_hectare,Yield per hectare,yield,3070.0,kg_per_hectare,annual_hold_constant_monthly,Economic Survey Statistical Appendix,https://www.indiabudget.gov.in/economicsurvey/doc/Statistical-Appendix-in-English.pdf,annual_only
2018-07-01,2018/19,India,acreage_sown_area,Acreage (sown area),area,9.0,million_hectare,annual_hold_constant_monthly,Economic Survey Statistical Appendix,https://www.indiabudget.gov.in/economicsurvey/doc/Statistical-Appendix-in-English.pdf,annual_only
2018-07-01,2017/18,Global,brazil_safrinha_harvest_calendar,Brazil safrinha harvest calendar,calendar,100.0,index,recurring_monthly_harvest_calendar,Curated Brazil safrinha harvest calendar,https://www.fao.org/,curated
2018-07-01,2018/19,India,buffer_stock,Buffer stock,stock,2.395,million_tonnes,annual_opening_to_closing_stock_interpolation,Local supply-demand analytics store,D:\ncel2\ncel-commodity-pricing\backend\data\supply_demand_analytics.db,mixed
2018-07-01,2018/19,India,domestic_production,Domestic production,production,2.493,million_tonnes,annual_production_to_monthly_harvest_release_proxy,Economic Survey Statistical Appendix,https://www.indiabudget.gov.in/economicsurvey/doc/Statistical-Appendix-in-English.pdf,annual_only
2018-07-01,2017/18,Global,global_exporter_harvest_calendar,Global exporter harvest calendar,calendar,73.0,index,recurring_monthly_harvest_calendar,Curated global maize exporter harvest calendar,https://www.fao.org/,curated
2018-07-01,2018/19,India,imports,Imports,trade,0.0,million_tonnes,annual_imports_to_monthly_uniform_proxy,Local supply-demand analytics store,D:\ncel2\ncel-commodity-pricing\backend\data\supply_demand_analytics.db,mixed
2018-07-01,2017/18,Argentina,major_producer_crop_conditions,Major producer crop conditions,crop_condition,50.0,index,recurring_monthly_crop_condition_profile,Curated global maize crop-condition profile,https://www.usda.gov/,curated
2018-07-01,2017/18,Brazil,major_producer_crop_conditions,Major producer crop conditions,crop_condition,55.0,index,recurring_monthly_crop_condition_profile,Curated global maize crop-condition profile,https://www.usda.gov/,curated
2018-07-01,2017/18,Ukraine,major_producer_crop_conditions,Major producer crop conditions,crop_condition,76.0,index,recurring_monthly_crop_condition_profile,Curated global maize crop-condition profile,https://www.usda.gov/,curated
2018-07-01,2017/18,United States,major_producer_crop_conditions,Major producer crop conditions,crop_condition,78.0,index,recurring_monthly_crop_condition_profile,Curated global maize crop-condition profile,https://www.usda.gov/,curated
2018-07-01,2018/19,India,opening_stock,Opening stocks,stock,2.395,million_tonnes,annual_opening_to_closing_stock_interpolation,Local supply-demand analytics store,D:\ncel2\ncel-commodity-pricing\backend\data\supply_demand_analytics.db,mixed
2018-07-01,2018/19,India,total_availability,Total availability,derived,4.888,million_tonnes,opening_stock_plus_domestic_production_plus_imports,Derived inside Maize supply store,D:\ncel2\ncel-commodity-pricing\SnD\supply\maize\maize_supply_factors.db,derived
2018-07-01,2018/19,Argentina,usda_global_production,USDA global production by country,global_production,51.6,million_tonnes,backfilled_from_2023_24_usda_snapshot,USDA WASDE March 2026 local text snapshot,D:\ncel2\ncel-commodity-pricing\backend\data\tmp_wasde0326.txt,partial
2018-07-01,2018/19,Brazil,usda_global_production,USDA global production by country,global_production,119.0,million_tonnes,backfilled_from_2023_24_usda_snapshot,USDA WASDE March 2026 local text snapshot,D:\ncel2\ncel-commodity-pricing\backend\data\tmp_wasde0326.txt,partial
2018-07-01,2018/19,Ukraine,usda_global_production,USDA global production by country,global_production,32.5,million_tonnes,backfilled_from_2023_24_usda_snapshot,USDA WASDE March 2026 local text snapshot,D:\ncel2\ncel-commodity-pricing\backend\data\tmp_wasde0326.txt,partial
2018-07-01,2018/19,United States,usda_global_production,USDA global production by country,global_production,389.67,million_tonnes,backfilled_from_2023_24_usda_snapshot,USDA WASDE March 2026 local text snapshot,D:\ncel2\ncel-commodity-pricing\backend\data\tmp_wasde0326.txt,partial
2018-07-01,2018/19,India,yield_per_hectare,Yield per hectare,yield,3070.0,kg_per_hectare,annual_hold_constant_monthly,Economic Survey Statistical Appendix,https://www.indiabudget.gov.in/economicsurvey/doc/Statistical-Appendix-in-English.pdf,annual_only
2018-08-01,2018/19,India,acreage_sown_area,Acreage (sown area),area,9.0,million_hectare,annual_hold_constant_monthly,Economic Survey Statistical Appendix,https://www.indiabudget.gov.in/economicsurvey/doc/Statistical-Appendix-in-English.pdf,annual_only
2018-08-01,2017/18,Global,brazil_safrinha_harvest_calendar,Brazil safrinha harvest calendar,calendar,82.0,index,recurring_monthly_harvest_calendar,Curated Brazil safrinha harvest calendar,https://www.fao.org/,curated
2018-08-01,2018/19,India,buffer_stock,Buffer stock,stock,2.395,million_tonnes,annual_opening_to_closing_stock_interpolation,Local supply-demand analytics store,D:\ncel2\ncel-commodity-pricing\backend\data\supply_demand_analytics.db,mixed
2018-08-01,2018/19,India,domestic_production,Domestic production,production,2.493,million_tonnes,annual_production_to_monthly_harvest_release_proxy,Economic Survey Statistical Appendix,https://www.indiabudget.gov.in/economicsurvey/doc/Statistical-Appendix-in-English.pdf,annual_only
2018-08-01,2017/18,Global,global_exporter_harvest_calendar,Global exporter harvest calendar,calendar,88.0,index,recurring_monthly_harvest_calendar,Curated global maize exporter harvest calendar,https://www.fao.org/,curated
2018-08-01,2018/19,India,imports,Imports,trade,0.0,million_tonnes,annual_imports_to_monthly_uniform_proxy,Local supply-demand analytics store,D:\ncel2\ncel-commodity-pricing\backend\data\supply_demand_analytics.db,mixed
2018-08-01,2017/18,Argentina,major_producer_crop_conditions,Major producer crop conditions,crop_condition,51.0,index,recurring_monthly_crop_condition_profile,Curated global maize crop-condition profile,https://www.usda.gov/,curated
2018-08-01,2017/18,Brazil,major_producer_crop_conditions,Major producer crop conditions,crop_condition,57.0,index,recurring_monthly_crop_condition_profile,Curated global maize crop-condition profile,https://www.usda.gov/,curated
2018-08-01,2017/18,Ukraine,major_producer_crop_conditions,Major producer crop conditions,crop_condition,73.0,index,recurring_monthly_crop_condition_profile,Curated global maize crop-condition profile,https://www.usda.gov/,curated
2018-08-01,2017/18,United States,major_producer_crop_conditions,Major producer crop conditions,crop_condition,71.0,index,recurring_monthly_crop_condition_profile,Curated global maize crop-condition profile,https://www.usda.gov/,curated
2018-08-01,2018/19,India,opening_stock,Opening stocks,stock,2.395,million_tonnes,annual_opening_to_closing_stock_interpolation,Local supply-demand analytics store,D:\ncel2\ncel-commodity-pricing\backend\data\supply_demand_analytics.db,mixed
2018-08-01,2018/19,India,total_availability,Total availability,derived,4.888,million_tonnes,opening_stock_plus_domestic_production_plus_imports,Derived inside Maize supply store,D:\ncel2\ncel-commodity-pricing\SnD\supply\maize\maize_supply_factors.db,derived
2018-08-01,2018/19,Argentina,usda_global_production,USDA global production by country,global_production,51.6,million_tonnes,backfilled_from_2023_24_usda_snapshot,USDA WASDE March 2026 local text snapshot,D:\ncel2\ncel-commodity-pricing\backend\data\tmp_wasde0326.txt,partial
2018-08-01,2018/19,Brazil,usda_global_production,USDA global production by country,global_production,119.0,million_tonnes,backfilled_from_2023_24_usda_snapshot,USDA WASDE March 2026 local text snapshot,D:\ncel2\ncel-commodity-pricing\backend\data\tmp_wasde0326.txt,partial
2018-08-01,2018/19,Ukraine,usda_global_production,USDA global production by country,global_production,32.5,million_tonnes,backfilled_from_2023_24_usda_snapshot,USDA WASDE March 2026 local text snapshot,D:\ncel2\ncel-commodity-pricing\backend\data\tmp_wasde0326.txt,partial
2018-08-01,2018/19,United States,usda_global_production,USDA global production by country,global_production,389.67,million_tonnes,backfilled_from_2023_24_usda_snapshot,USDA WASDE March 2026 local text snapshot,D:\ncel2\ncel-commodity-pricing\backend\data\tmp_wasde0326.txt,partial
2018-08-01,2018/19,India,yield_per_hectare,Yield per hectare,yield,3070.0,kg_per_hectare,annual_hold_constant_monthly,Economic Survey Statistical Appendix,https://www.indiabudget.gov.in/economicsurvey/doc/Statistical-Appendix-in-English.pdf,annual_only
2018-09-01,2018/19,India,acreage_sown_area,Acreage (sown area),area,9.0,million_hectare,annual_hold_constant_monthly,Economic Survey Statistical Appendix,https://www.indiabudget.gov.in/economicsurvey/doc/Statistical-Appendix-in-English.pdf,annual_only
2018-09-01,2017/18,Global,brazil_safrinha_harvest_calendar,Brazil safrinha harvest calendar,calendar,44.0,index,recurring_monthly_harvest_calendar,Curated Brazil safrinha harvest calendar,https://www.fao.org/,curated
2018-09-01,2018/19,India,buffer_stock,Buffer stock,stock,2.395,million_tonnes,annual_opening_to_closing_stock_interpolation,Local supply-demand analytics store,D:\ncel2\ncel-commodity-pricing\backend\data\supply_demand_analytics.db,mixed
2018-09-01,2018/19,India,domestic_production,Domestic production,production,3.878,million_tonnes,annual_production_to_monthly_harvest_release_proxy,Economic Survey Statistical Appendix,https://www.indiabudget.gov.in/economicsurvey/doc/Statistical-Appendix-in-English.pdf,annual_only
2018-09-01,2017/18,Global,global_exporter_harvest_calendar,Global exporter harvest calendar,calendar,100.0,index,recurring_monthly_harvest_calendar,Curated global maize exporter harvest calendar,https://www.fao.org/,curated
2018-09-01,2018/19,India,imports,Imports,trade,0.0,million_tonnes,annual_imports_to_monthly_uniform_proxy,Local supply-demand analytics store,D:\ncel2\ncel-commodity-pricing\backend\data\supply_demand_analytics.db,mixed
2018-09-01,2017/18,Argentina,major_producer_crop_conditions,Major producer crop conditions,crop_condition,55.0,index,recurring_monthly_crop_condition_profile,Curated global maize crop-condition profile,https://www.usda.gov/,curated
2018-09-01,2017/18,Brazil,major_producer_crop_conditions,Major producer crop conditions,crop_condition,60.0,index,recurring_monthly_crop_condition_profile,Curated global maize crop-condition profile,https://www.usda.gov/,curated
2018-09-01,2017/18,Ukraine,major_producer_crop_conditions,Major producer crop conditions,crop_condition,64.0,index,recurring_monthly_crop_condition_profile,Curated global maize crop-condition profile,https://www.usda.gov/,curated
2018-09-01,2017/18,United States,major_producer_crop_conditions,Major producer crop conditions,crop_condition,60.0,index,recurring_monthly_crop_condition_profile,Curated global maize crop-condition profile,https://www.usda.gov/,curated
2018-09-01,2018/19,India,opening_stock,Opening stocks,stock,2.395,million_tonnes,annual_opening_to_closing_stock_interpolation,Local supply-demand analytics store,D:\ncel2\ncel-commodity-pricing\backend\data\supply_demand_analytics.db,mixed
2018-09-01,2018/19,India,total_availability,Total availability,derived,6.273,million_tonnes,opening_stock_plus_domestic_production_plus_imports,Derived inside Maize supply store,D:\ncel2\ncel-commodity-pricing\SnD\supply\maize\maize_supply_factors.db,derived
2018-09-01,2018/19,Argentina,usda_global_production,USDA global production by country,global_production,51.6,million_tonnes,backfilled_from_2023_24_usda_snapshot,USDA WASDE March 2026 local text snapshot,D:\ncel2\ncel-commodity-pricing\backend\data\tmp_wasde0326.txt,partial
2018-09-01,2018/19,Brazil,usda_global_production,USDA global production by country,global_production,119.0,million_tonnes,backfilled_from_2023_24_usda_snapshot,USDA WASDE March 2026 local text snapshot,D:\ncel2\ncel-commodity-pricing\backend\data\tmp_wasde0326.txt,partial
2018-09-01,2018/19,Ukraine,usda_global_production,USDA global production by country,global_production,32.5,million_tonnes,backfilled_from_2023_24_usda_snapshot,USDA WASDE March 2026 local text snapshot,D:\ncel2\ncel-commodity-pricing\backend\data\tmp_wasde0326.txt,partial
2018-09-01,2018/19,United States,usda_global_production,USDA global production by country,global_production,389.67,million_tonnes,backfilled_from_2023_24_usda_snapshot,USDA WASDE March 2026 local text snapshot,D:\ncel2\ncel-commodity-pricing\backend\data\tmp_wasde0326.txt,partial
2018-09-01,2018/19,India,yield_per_hectare,Yield per hectare,yield,3070.0,kg_per_hectare,annual_hold_constant_monthly,Economic Survey Statistical Appendix,https://www.indiabudget.gov.in/economicsurvey/doc/Statistical-Appendix-in-English.pdf,annual_only
2018-10-01,2018/19,India,acreage_sown_area,Acreage (sown area),area,9.0,million_hectare,annual_hold_constant_monthly,Economic Survey Statistical Appendix,https://www.indiabudget.gov.in/economicsurvey/doc/Statistical-Appendix-in-English.pdf,annual_only
2018-10-01,2018/19,Global,brazil_safrinha_harvest_calendar,Brazil safrinha harvest calendar,calendar,18.0,index,recurring_monthly_harvest_calendar,Curated Brazil safrinha harvest calendar,https://www.fao.org/,curated
2018-10-01,2018/19,India,buffer_stock,Buffer stock,stock,2.395,million_tonnes,annual_opening_to_closing_stock_interpolation,Local supply-demand analytics store,D:\ncel2\ncel-commodity-pricing\backend\data\supply_demand_analytics.db,mixed
2018-10-01,2018/19,India,domestic_production,Domestic production,production,4.986,million_tonnes,annual_production_to_monthly_harvest_release_proxy,Economic Survey Statistical Appendix,https://www.indiabudget.gov.in/economicsurvey/doc/Statistical-Appendix-in-English.pdf,annual_only
2018-10-01,2018/19,Global,global_exporter_harvest_calendar,Global exporter harvest calendar,calendar,94.0,index,recurring_monthly_harvest_calendar,Curated global maize exporter harvest calendar,https://www.fao.org/,curated
2018-10-01,2018/19,India,imports,Imports,trade,0.0,million_tonnes,annual_imports_to_monthly_uniform_proxy,Local supply-demand analytics store,D:\ncel2\ncel-commodity-pricing\backend\data\supply_demand_analytics.db,mixed
2018-10-01,2018/19,Argentina,major_producer_crop_conditions,Major producer crop conditions,crop_condition,61.0,index,recurring_monthly_crop_condition_profile,Curated global maize crop-condition profile,https://www.usda.gov/,curated
2018-10-01,2018/19,Brazil,major_producer_crop_conditions,Major producer crop conditions,crop_condition,65.0,index,recurring_monthly_crop_condition_profile,Curated global maize crop-condition profile,https://www.usda.gov/,curated
2018-10-01,2018/19,Ukraine,major_producer_crop_conditions,Major producer crop conditions,crop_condition,53.0,index,recurring_monthly_crop_condition_profile,Curated global maize crop-condition profile,https://www.usda.gov/,curated
2018-10-01,2018/19,United States,major_producer_crop_conditions,Major producer crop conditions,crop_condition,48.0,index,recurring_monthly_crop_condition_profile,Curated global maize crop-condition profile,https://www.usda.gov/,curated
2018-10-01,2018/19,India,opening_stock,Opening stocks,stock,2.395,million_tonnes,annual_opening_to_closing_stock_interpolation,Local supply-demand analytics store,D:\ncel2\ncel-commodity-pricing\backend\data\supply_demand_analytics.db,mixed
2018-10-01,2018/19,India,total_availability,Total availability,derived,7.381,million_tonnes,opening_stock_plus_domestic_production_plus_imports,Derived inside Maize supply store,D:\ncel2\ncel-commodity-pricing\SnD\supply\maize\maize_supply_factors.db,derived
2018-10-01,2018/19,Argentina,usda_global_production,USDA global production by country,global_production,51.6,million_tonnes,backfilled_from_2023_24_usda_snapshot,USDA WASDE March 2026 local text snapshot,D:\ncel2\ncel-commodity-pricing\backend\data\tmp_wasde0326.txt,partial
2018-10-01,2018/19,Brazil,usda_global_production,USDA global production by country,global_production,119.0,million_tonnes,backfilled_from_2023_24_usda_snapshot,USDA WASDE March 2026 local text snapshot,D:\ncel2\ncel-commodity-pricing\backend\data\tmp_wasde0326.txt,partial
2018-10-01,2018/19,Ukraine,usda_global_production,USDA global production by country,global_production,32.5,million_tonnes,backfilled_from_2023_24_usda_snapshot,USDA WASDE March 2026 local text snapshot,D:\ncel2\ncel-commodity-pricing\backend\data\tmp_wasde0326.txt,partial
2018-10-01,2018/19,United States,usda_global_production,USDA global production by country,global_production,389.67,million_tonnes,backfilled_from_2023_24_usda_snapshot,USDA WASDE March 2026 local text snapshot,D:\ncel2\ncel-commodity-pricing\backend\data\tmp_wasde0326.txt,partial
2018-10-01,2018/19,India,yield_per_hectare,Yield per hectare,yield,3070.0,kg_per_hectare,annual_hold_constant_monthly,Economic Survey Statistical Appendix,https://www.indiabudget.gov.in/economicsurvey/doc/Statistical-Appendix-in-English.pdf,annual_only
2018-11-01,2018/19,India,acreage_sown_area,Acreage (sown area),area,9.0,million_hectare,annual_hold_constant_monthly,Economic Survey Statistical Appendix,https://www.indiabudget.gov.in/economicsurvey/doc/Statistical-Appendix-in-English.pdf,annual_only
2018-11-01,2018/19,Global,brazil_safrinha_harvest_calendar,Brazil safrinha harvest calendar,calendar,8.0,index,recurring_monthly_harvest_calendar,Curated Brazil safrinha harvest calendar,https://www.fao.org/,curated
2018-11-01,2018/19,India,buffer_stock,Buffer stock,stock,2.395,million_tonnes,annual_opening_to_closing_stock_interpolation,Local supply-demand analytics store,D:\ncel2\ncel-commodity-pricing\backend\data\supply_demand_analytics.db,mixed
2018-11-01,2018/19,India,domestic_production,Domestic production,production,4.432,million_tonnes,annual_production_to_monthly_harvest_release_proxy,Economic Survey Statistical Appendix,https://www.indiabudget.gov.in/economicsurvey/doc/Statistical-Appendix-in-English.pdf,annual_only
2018-11-01,2018/19,Global,global_exporter_harvest_calendar,Global exporter harvest calendar,calendar,76.0,index,recurring_monthly_harvest_calendar,Curated global maize exporter harvest calendar,https://www.fao.org/,curated
2018-11-01,2018/19,India,imports,Imports,trade,0.0,million_tonnes,annual_imports_to_monthly_uniform_proxy,Local supply-demand analytics store,D:\ncel2\ncel-commodity-pricing\backend\data\supply_demand_analytics.db,mixed
2018-11-01,2018/19,Argentina,major_producer_crop_conditions,Major producer crop conditions,crop_condition,66.0,index,recurring_monthly_crop_condition_profile,Curated global maize crop-condition profile,https://www.usda.gov/,curated
2018-11-01,2018/19,Brazil,major_producer_crop_conditions,Major producer crop conditions,crop_condition,69.0,index,recurring_monthly_crop_condition_profile,Curated global maize crop-condition profile,https://www.usda.gov/,curated
2018-11-01,2018/19,Ukraine,major_producer_crop_conditions,Major producer crop conditions,crop_condition,45.0,index,recurring_monthly_crop_condition_profile,Curated global maize crop-condition profile,https://www.usda.gov/,curated
2018-11-01,2018/19,United States,major_producer_crop_conditions,Major producer crop conditions,crop_condition,40.0,index,recurring_monthly_crop_condition_profile,Curated global maize crop-condition profile,https://www.usda.gov/,curated
2018-11-01,2018/19,India,opening_stock,Opening stocks,stock,2.395,million_tonnes,annual_opening_to_closing_stock_interpolation,Local supply-demand analytics store,D:\ncel2\ncel-commodity-pricing\backend\data\supply_demand_analytics.db,mixed
2018-11-01,2018/19,India,total_availability,Total availability,derived,6.827,million_tonnes,opening_stock_plus_domestic_production_plus_imports,Derived inside Maize supply store,D:\ncel2\ncel-commodity-pricing\SnD\supply\maize\maize_supply_factors.db,derived
2018-11-01,2018/19,Argentina,usda_global_production,USDA global production by country,global_production,51.6,million_tonnes,backfilled_from_2023_24_usda_snapshot,USDA WASDE March 2026 local text snapshot,D:\ncel2\ncel-commodity-pricing\backend\data\tmp_wasde0326.txt,partial
2018-11-01,2018/19,Brazil,usda_global_production,USDA global production by country,global_production,119.0,million_tonnes,backfilled_from_2023_24_usda_snapshot,USDA WASDE March 2026 local text snapshot,D:\ncel2\ncel-commodity-pricing\backend\data\tmp_wasde0326.txt,partial
2018-11-01,2018/19,Ukraine,usda_global_production,USDA global production by country,global_production,32.5,million_tonnes,backfilled_from_2023_24_usda_snapshot,USDA WASDE March 2026 local text snapshot,D:\ncel2\ncel-commodity-pricing\backend\data\tmp_wasde0326.txt,partial
2018-11-01,2018/19,United States,usda_global_production,USDA global production by country,global_production,389.67,million_tonnes,backfilled_from_2023_24_usda_snapshot,USDA WASDE March 2026 local text snapshot,D:\ncel2\ncel-commodity-pricing\backend\data\tmp_wasde0326.txt,partial
2018-11-01,2018/19,India,yield_per_hectare,Yield per hectare,yield,3070.0,kg_per_hectare,annual_hold_constant_monthly,Economic Survey Statistical Appendix,https://www.indiabudget.gov.in/economicsurvey/doc/Statistical-Appendix-in-English.pdf,annual_only
2018-12-01,2018/19,India,acreage_sown_area,Acreage (sown area),area,9.0,million_hectare,annual_hold_constant_monthly,Economic Survey Statistical Appendix,https://www.indiabudget.gov.in/economicsurvey/doc/Statistical-Appendix-in-English.pdf,annual_only
2018-12-01,2018/19,Global,brazil_safrinha_harvest_calendar,Brazil safrinha harvest calendar,calendar,5.0,index,recurring_monthly_harvest_calendar,Curated Brazil safrinha harvest calendar,https://www.fao.org/,curated
2018-12-01,2018/19,India,buffer_stock,Buffer stock,stock,2.395,million_tonnes,annual_opening_to_closing_stock_interpolation,Local supply-demand analytics store,D:\ncel2\ncel-commodity-pricing\backend\data\supply_demand_analytics.db,mixed
2018-12-01,2018/19,India,domestic_production,Domestic production,production,2.493,million_tonnes,annual_production_to_monthly_harvest_release_proxy,Economic Survey Statistical Appendix,https://www.indiabudget.gov.in/economicsurvey/doc/Statistical-Appendix-in-English.pdf,annual_only
2018-12-01,2018/19,Global,global_exporter_harvest_calendar,Global exporter harvest calendar,calendar,58.0,index,recurring_monthly_harvest_calendar,Curated global maize exporter harvest calendar,https://www.fao.org/,curated
2018-12-01,2018/19,India,imports,Imports,trade,0.0,million_tonnes,annual_imports_to_monthly_uniform_proxy,Local supply-demand analytics store,D:\ncel2\ncel-commodity-pricing\backend\data\supply_demand_analytics.db,mixed
2018-12-01,2018/19,Argentina,major_producer_crop_conditions,Major producer crop conditions,crop_condition,68.0,index,recurring_monthly_crop_condition_profile,Curated global maize crop-condition profile,https://www.usda.gov/,curated
2018-12-01,2018/19,Brazil,major_producer_crop_conditions,Major producer crop conditions,crop_condition,71.0,index,recurring_monthly_crop_condition_profile,Curated global maize crop-condition profile,https://www.usda.gov/,curated
2018-12-01,2018/19,Ukraine,major_producer_crop_conditions,Major producer crop conditions,crop_condition,42.0,index,recurring_monthly_crop_condition_profile,Curated global maize crop-condition profile,https://www.usda.gov/,curated
2018-12-01,2018/19,United States,major_producer_crop_conditions,Major producer crop conditions,crop_condition,36.0,index,recurring_monthly_crop_condition_profile,Curated global maize crop-condition profile,https://www.usda.gov/,curated
2018-12-01,2018/19,India,opening_stock,Opening stocks,stock,2.395,million_tonnes,annual_opening_to_closing_stock_interpolation,Local supply-demand analytics store,D:\ncel2\ncel-commodity-pricing\backend\data\supply_demand_analytics.db,mixed
2018-12-01,2018/19,India,total_availability,Total availability,derived,4.888,million_tonnes,opening_stock_plus_domestic_production_plus_imports,Derived inside Maize supply store,D:\ncel2\ncel-commodity-pricing\SnD\supply\maize\maize_supply_factors.db,derived
2018-12-01,2018/19,Argentina,usda_global_production,USDA global production by country,global_production,51.6,million_tonnes,backfilled_from_2023_24_usda_snapshot,USDA WASDE March 2026 local text snapshot,D:\ncel2\ncel-commodity-pricing\backend\data\tmp_wasde0326.txt,partial
2018-12-01,2018/19,Brazil,usda_global_production,USDA global production by country,global_production,119.0,million_tonnes,backfilled_from_2023_24_usda_snapshot,USDA WASDE March 2026 local text snapshot,D:\ncel2\ncel-commodity-pricing\backend\data\tmp_wasde0326.txt,partial
2018-12-01,2018/19,Ukraine,usda_global_production,USDA global production by country,global_production,32.5,million_tonnes,backfilled_from_2023_24_usda_snapshot,USDA WASDE March 2026 local text snapshot,D:\ncel2\ncel-commodity-pricing\backend\data\tmp_wasde0326.txt,partial
2018-12-01,2018/19,United States,usda_global_production,USDA global production by country,global_production,389.67,million_tonnes,backfilled_from_2023_24_usda_snapshot,USDA WASDE March 2026 local text snapshot,D:\ncel2\ncel-commodity-pricing\backend\data\tmp_wasde0326.txt,partial
2018-12-01,2018/19,India,yield_per_hectare,Yield per hectare,yield,3070.0,kg_per_hectare,annual_hold_constant_monthly,Economic Survey Statistical Appendix,https://www.indiabudget.gov.in/economicsurvey/doc/Statistical-Appendix-in-English.pdf,annual_only
2019-01-01,2018/19,India,acreage_sown_area,Acreage (sown area),area,9.0,million_hectare,annual_hold_constant_monthly,Economic Survey Statistical Appendix,https://www.indiabudget.gov.in/economicsurvey/doc/Statistical-Appendix-in-English.pdf,annual_only
2019-01-01,2018/19,Global,brazil_safrinha_harvest_calendar,Brazil safrinha harvest calendar,calendar,12.0,index,recurring_monthly_harvest_calendar,Curated Brazil safrinha harvest calendar,https://www.fao.org/,curated
2019-01-01,2018/19,India,buffer_stock,Buffer stock,stock,2.395,million_tonnes,annual_opening_to_closing_stock_interpolation,Local supply-demand analytics store,D:\ncel2\ncel-commodity-pricing\backend\data\supply_demand_analytics.db,mixed
2019-01-01,2018/19,India,domestic_production,Domestic production,production,1.385,million_tonnes,annual_production_to_monthly_harvest_release_proxy,Economic Survey Statistical Appendix,https://www.indiabudget.gov.in/economicsurvey/doc/Statistical-Appendix-in-English.pdf,annual_only
2019-01-01,2018/19,Global,global_exporter_harvest_calendar,Global exporter harvest calendar,calendar,34.0,index,recurring_monthly_harvest_calendar,Curated global maize exporter harvest calendar,https://www.fao.org/,curated
2019-01-01,2018/19,India,imports,Imports,trade,0.0,million_tonnes,annual_imports_to_monthly_uniform_proxy,Local supply-demand analytics store,D:\ncel2\ncel-commodity-pricing\backend\data\supply_demand_analytics.db,mixed
2019-01-01,2018/19,Argentina,major_producer_crop_conditions,Major producer crop conditions,crop_condition,69.0,index,recurring_monthly_crop_condition_profile,Curated global maize crop-condition profile,https://www.usda.gov/,curated
2019-01-01,2018/19,Brazil,major_producer_crop_conditions,Major producer crop conditions,crop_condition,72.0,index,recurring_monthly_crop_condition_profile,Curated global maize crop-condition profile,https://www.usda.gov/,curated
2019-01-01,2018/19,Ukraine,major_producer_crop_conditions,Major producer crop conditions,crop_condition,41.0,index,recurring_monthly_crop_condition_profile,Curated global maize crop-condition profile,https://www.usda.gov/,curated
2019-01-01,2018/19,United States,major_producer_crop_conditions,Major producer crop conditions,crop_condition,38.0,index,recurring_monthly_crop_condition_profile,Curated global maize crop-condition profile,https://www.usda.gov/,curated
2019-01-01,2018/19,India,opening_stock,Opening stocks,stock,2.395,million_tonnes,annual_opening_to_closing_stock_interpolation,Local supply-demand analytics store,D:\ncel2\ncel-commodity-pricing\backend\data\supply_demand_analytics.db,mixed
2019-01-01,2018/19,India,total_availability,Total availability,derived,3.78,million_tonnes,opening_stock_plus_domestic_production_plus_imports,Derived inside Maize supply store,D:\ncel2\ncel-commodity-pricing\SnD\supply\maize\maize_supply_factors.db,derived
2019-01-01,2018/19,Argentina,usda_global_production,USDA global production by country,global_production,51.6,million_tonnes,backfilled_from_2023_24_usda_snapshot,USDA WASDE March 2026 local text snapshot,D:\ncel2\ncel-commodity-pricing\backend\data\tmp_wasde0326.txt,partial
2019-01-01,2018/19,Brazil,usda_global_production,USDA global production by country,global_production,119.0,million_tonnes,backfilled_from_2023_24_usda_snapshot,USDA WASDE March 2026 local text snapshot,D:\ncel2\ncel-commodity-pricing\backend\data\tmp_wasde0326.txt,partial
2019-01-01,2018/19,Ukraine,usda_global_production,USDA global production by country,global_production,32.5,million_tonnes,backfilled_from_2023_24_usda_snapshot,USDA WASDE March 2026 local text snapshot,D:\ncel2\ncel-commodity-pricing\backend\data\tmp_wasde0326.txt,partial
2019-01-01,2018/19,United States,usda_global_production,USDA global production by country,global_production,389.67,million_tonnes,backfilled_from_2023_24_usda_snapshot,USDA WASDE March 2026 local text snapshot,D:\ncel2\ncel-commodity-pricing\backend\data\tmp_wasde0326.txt,partial
2019-01-01,2018/19,India,yield_per_hectare,Yield per hectare,yield,3070.0,kg_per_hectare,annual_hold_constant_monthly,Economic Survey Statistical Appendix,https://www.indiabudget.gov.in/economicsurvey/doc/Statistical-Appendix-in-English.pdf,annual_only
2019-02-01,2018/19,India,acreage_sown_area,Acreage (sown area),area,9.0,million_hectare,annual_hold_constant_monthly,Economic Survey Statistical Appendix,https://www.indiabudget.gov.in/economicsurvey/doc/Statistical-Appendix-in-English.pdf,annual_only
2019-02-01,2018/19,Global,brazil_safrinha_harvest_calendar,Brazil safrinha harvest calendar,calendar,18.0,index,recurring_monthly_harvest_calendar,Curated Brazil safrinha harvest calendar,https://www.fao.org/,curated
2019-02-01,2018/19,India,buffer_stock,Buffer stock,stock,2.395,million_tonnes,annual_opening_to_closing_stock_interpolation,Local supply-demand analytics store,D:\ncel2\ncel-commodity-pricing\backend\data\supply_demand_analytics.db,mixed
2019-02-01,2018/19,India,domestic_production,Domestic production,production,0.831,million_tonnes,annual_production_to_monthly_harvest_release_proxy,Economic Survey Statistical Appendix,https://www.indiabudget.gov.in/economicsurvey/doc/Statistical-Appendix-in-English.pdf,annual_only
2019-02-01,2018/19,Global,global_exporter_harvest_calendar,Global exporter harvest calendar,calendar,28.0,index,recurring_monthly_harvest_calendar,Curated global maize exporter harvest calendar,https://www.fao.org/,curated
2019-02-01,2018/19,India,imports,Imports,trade,0.0,million_tonnes,annual_imports_to_monthly_uniform_proxy,Local supply-demand analytics store,D:\ncel2\ncel-commodity-pricing\backend\data\supply_demand_analytics.db,mixed
2019-02-01,2018/19,Argentina,major_producer_crop_conditions,Major producer crop conditions,crop_condition,67.0,index,recurring_monthly_crop_condition_profile,Curated global maize crop-condition profile,https://www.usda.gov/,curated
2019-02-01,2018/19,Brazil,major_producer_crop_conditions,Major producer crop conditions,crop_condition,70.0,index,recurring_monthly_crop_condition_profile,Curated global maize crop-condition profile,https://www.usda.gov/,curated
2019-02-01,2018/19,Ukraine,major_producer_crop_conditions,Major producer crop conditions,crop_condition,39.0,index,recurring_monthly_crop_condition_profile,Curated global maize crop-condition profile,https://www.usda.gov/,curated
2019-02-01,2018/19,United States,major_producer_crop_conditions,Major producer crop conditions,crop_condition,35.0,index,recurring_monthly_crop_condition_profile,Curated global maize crop-condition profile,https://www.usda.gov/,curated
2019-02-01,2018/19,India,opening_stock,Opening stocks,stock,2.395,million_tonnes,annual_opening_to_closing_stock_interpolation,Local supply-demand analytics store,D:\ncel2\ncel-commodity-pricing\backend\data\supply_demand_analytics.db,mixed
2019-02-01,2018/19,India,total_availability,Total availability,derived,3.226,million_tonnes,opening_stock_plus_domestic_production_plus_imports,Derived inside Maize supply store,D:\ncel2\ncel-commodity-pricing\SnD\supply\maize\maize_supply_factors.db,derived
2019-02-01,2018/19,Argentina,usda_global_production,USDA global production by country,global_production,51.6,million_tonnes,backfilled_from_2023_24_usda_snapshot,USDA WASDE March 2026 local text snapshot,D:\ncel2\ncel-commodity-pricing\backend\data\tmp_wasde0326.txt,partial
2019-02-01,2018/19,Brazil,usda_global_production,USDA global production by country,global_production,119.0,million_tonnes,backfilled_from_2023_24_usda_snapshot,USDA WASDE March 2026 local text snapshot,D:\ncel2\ncel-commodity-pricing\backend\data\tmp_wasde0326.txt,partial
2019-02-01,2018/19,Ukraine,usda_global_production,USDA global production by country,global_production,32.5,million_tonnes,backfilled_from_2023_24_usda_snapshot,USDA WASDE March 2026 local text snapshot,D:\ncel2\ncel-commodity-pricing\backend\data\tmp_wasde0326.txt,partial
2019-02-01,2018/19,United States,usda_global_production,USDA global production by country,global_production,389.67,million_tonnes,backfilled_from_2023_24_usda_snapshot,USDA WASDE March 2026 local text snapshot,D:\ncel2\ncel-commodity-pricing\backend\data\tmp_wasde0326.txt,partial
2019-02-01,2018/19,India,yield_per_hectare,Yield per hectare,yield,3070.0,kg_per_hectare,annual_hold_constant_monthly,Economic Survey Statistical Appendix,https://www.indiabudget.gov.in/economicsurvey/doc/Statistical-Appendix-in-English.pdf,annual_only
2019-03-01,2018/19,India,acreage_sown_area,Acreage (sown area),area,9.0,million_hectare,annual_hold_constant_monthly,Economic Survey Statistical Appendix,https://www.indiabudget.gov.in/economicsurvey/doc/Statistical-Appendix-in-English.pdf,annual_only
2019-03-01,2018/19,Global,brazil_safrinha_harvest_calendar,Brazil safrinha harvest calendar,calendar,26.0,index,recurring_monthly_harvest_calendar,Curated Brazil safrinha harvest calendar,https://www.fao.org/,curated
2019-03-01,2018/19,India,buffer_stock,Buffer stock,stock,2.395,million_tonnes,annual_opening_to_closing_stock_interpolation,Local supply-demand analytics store,D:\ncel2\ncel-commodity-pricing\backend\data\supply_demand_analytics.db,mixed
2019-03-01,2018/19,India,domestic_production,Domestic production,production,0.277,million_tonnes,annual_production_to_monthly_harvest_release_proxy,Economic Survey Statistical Appendix,https://www.indiabudget.gov.in/economicsurvey/doc/Statistical-Appendix-in-English.pdf,annual_only
2019-03-01,2018/19,Global,global_exporter_harvest_calendar,Global exporter harvest calendar,calendar,22.0,index,recurring_monthly_harvest_calendar,Curated global maize exporter harvest calendar,https://www.fao.org/,curated
2019-03-01,2018/19,India,imports,Imports,trade,0.0,million_tonnes,annual_imports_to_monthly_uniform_proxy,Local supply-demand analytics store,D:\ncel2\ncel-commodity-pricing\backend\data\supply_demand_analytics.db,mixed
2019-03-01,2018/19,Argentina,major_producer_crop_conditions,Major producer crop conditions,crop_condition,63.0,index,recurring_monthly_crop_condition_profile,Curated global maize crop-condition profile,https://www.usda.gov/,curated
2019-03-01,2018/19,Brazil,major_producer_crop_conditions,Major producer crop conditions,crop_condition,66.0,index,recurring_monthly_crop_condition_profile,Curated global maize crop-condition profile,https://www.usda.gov/,curated
2019-03-01,2018/19,Ukraine,major_producer_crop_conditions,Major producer crop conditions,crop_condition,43.0,index,recurring_monthly_crop_condition_profile,Curated global maize crop-condition profile,https://www.usda.gov/,curated
2019-03-01,2018/19,United States,major_producer_crop_conditions,Major producer crop conditions,crop_condition,40.0,index,recurring_monthly_crop_condition_profile,Curated global maize crop-condition profile,https://www.usda.gov/,curated
2019-03-01,2018/19,India,opening_stock,Opening stocks,stock,2.395,million_tonnes,annual_opening_to_closing_stock_interpolation,Local supply-demand analytics store,D:\ncel2\ncel-commodity-pricing\backend\data\supply_demand_analytics.db,mixed
2019-03-01,2018/19,India,total_availability,Total availability,derived,2.672,million_tonnes,opening_stock_plus_domestic_production_plus_imports,Derived inside Maize supply store,D:\ncel2\ncel-commodity-pricing\SnD\supply\maize\maize_supply_factors.db,derived
2019-03-01,2018/19,Argentina,usda_global_production,USDA global production by country,global_production,51.6,million_tonnes,backfilled_from_2023_24_usda_snapshot,USDA WASDE March 2026 local text snapshot,D:\ncel2\ncel-commodity-pricing\backend\data\tmp_wasde0326.txt,partial
2019-03-01,2018/19,Brazil,usda_global_production,USDA global production by country,global_production,119.0,million_tonnes,backfilled_from_2023_24_usda_snapshot,USDA WASDE March 2026 local text snapshot,D:\ncel2\ncel-commodity-pricing\backend\data\tmp_wasde0326.txt,partial
2019-03-01,2018/19,Ukraine,usda_global_production,USDA global production by country,global_production,32.5,million_tonnes,backfilled_from_2023_24_usda_snapshot,USDA WASDE March 2026 local text snapshot,D:\ncel2\ncel-commodity-pricing\backend\data\tmp_wasde0326.txt,partial
2019-03-01,2018/19,United States,usda_global_production,USDA global production by country,global_production,389.67,million_tonnes,backfilled_from_2023_24_usda_snapshot,USDA WASDE March 2026 local text snapshot,D:\ncel2\ncel-commodity-pricing\backend\data\tmp_wasde0326.txt,partial
2019-03-01,2018/19,India,yield_per_hectare,Yield per hectare,yield,3070.0,kg_per_hectare,annual_hold_constant_monthly,Economic Survey Statistical Appendix,https://www.indiabudget.gov.in/economicsurvey/doc/Statistical-Appendix-in-English.pdf,annual_only
2019-04-01,2019/20,India,acreage_sown_area,Acreage (sown area),area,9.6,million_hectare,annual_hold_constant_monthly,Economic Survey Statistical Appendix,https://www.indiabudget.gov.in/economicsurvey/doc/Statistical-Appendix-in-English.pdf,annual_only
2019-04-01,2018/19,Global,brazil_safrinha_harvest_calendar,Brazil safrinha harvest calendar,calendar,42.0,index,recurring_monthly_harvest_calendar,Curated Brazil safrinha harvest calendar,https://www.fao.org/,curated
2019-04-01,2019/20,India,buffer_stock,Buffer stock,stock,2.395,million_tonnes,annual_opening_to_closing_stock_interpolation,Local supply-demand analytics store,D:\ncel2\ncel-commodity-pricing\backend\data\supply_demand_analytics.db,mixed
2019-04-01,2019/20,India,domestic_production,Domestic production,production,0.864,million_tonnes,annual_production_to_monthly_harvest_release_proxy,Economic Survey Statistical Appendix,https://www.indiabudget.gov.in/economicsurvey/doc/Statistical-Appendix-in-English.pdf,annual_only
2019-04-01,2018/19,Global,global_exporter_harvest_calendar,Global exporter harvest calendar,calendar,24.0,index,recurring_monthly_harvest_calendar,Curated global maize exporter harvest calendar,https://www.fao.org/,curated
2019-04-01,2019/20,India,imports,Imports,trade,0.0,million_tonnes,annual_imports_to_monthly_uniform_proxy,Local supply-demand analytics store,D:\ncel2\ncel-commodity-pricing\backend\data\supply_demand_analytics.db,mixed
2019-04-01,2018/19,Argentina,major_producer_crop_conditions,Major producer crop conditions,crop_condition,58.0,index,recurring_monthly_crop_condition_profile,Curated global maize crop-condition profile,https://www.usda.gov/,curated
2019-04-01,2018/19,Brazil,major_producer_crop_conditions,Major producer crop conditions,crop_condition,62.0,index,recurring_monthly_crop_condition_profile,Curated global maize crop-condition profile,https://www.usda.gov/,curated
2019-04-01,2018/19,Ukraine,major_producer_crop_conditions,Major producer crop conditions,crop_condition,50.0,index,recurring_monthly_crop_condition_profile,Curated global maize crop-condition profile,https://www.usda.gov/,curated
2019-04-01,2018/19,United States,major_producer_crop_conditions,Major producer crop conditions,crop_condition,52.0,index,recurring_monthly_crop_condition_profile,Curated global maize crop-condition profile,https://www.usda.gov/,curated
2019-04-01,2019/20,India,opening_stock,Opening stocks,stock,2.395,million_tonnes,annual_opening_to_closing_stock_interpolation,Local supply-demand analytics store,D:\ncel2\ncel-commodity-pricing\backend\data\supply_demand_analytics.db,mixed
2019-04-01,2019/20,India,total_availability,Total availability,derived,3.259,million_tonnes,opening_stock_plus_domestic_production_plus_imports,Derived inside Maize supply store,D:\ncel2\ncel-commodity-pricing\SnD\supply\maize\maize_supply_factors.db,derived
2019-04-01,2019/20,Argentina,usda_global_production,USDA global production by country,global_production,51.6,million_tonnes,backfilled_from_2023_24_usda_snapshot,USDA WASDE March 2026 local text snapshot,D:\ncel2\ncel-commodity-pricing\backend\data\tmp_wasde0326.txt,partial
2019-04-01,2019/20,Brazil,usda_global_production,USDA global production by country,global_production,119.0,million_tonnes,backfilled_from_2023_24_usda_snapshot,USDA WASDE March 2026 local text snapshot,D:\ncel2\ncel-commodity-pricing\backend\data\tmp_wasde0326.txt,partial
2019-04-01,2019/20,Ukraine,usda_global_production,USDA global production by country,global_production,32.5,million_tonnes,backfilled_from_2023_24_usda_snapshot,USDA WASDE March 2026 local text snapshot,D:\ncel2\ncel-commodity-pricing\backend\data\tmp_wasde0326.txt,partial
2019-04-01,2019/20,United States,usda_global_production,USDA global production by country,global_production,389.67,million_tonnes,backfilled_from_2023_24_usda_snapshot,USDA WASDE March 2026 local text snapshot,D:\ncel2\ncel-commodity-pricing\backend\data\tmp_wasde0326.txt,partial
2019-04-01,2019/20,India,yield_per_hectare,Yield per hectare,yield,3006.0,kg_per_hectare,annual_hold_constant_monthly,Economic Survey Statistical Appendix,https://www.indiabudget.gov.in/economicsurvey/doc/Statistical-Appendix-in-English.pdf,annual_only
2019-05-01,2019/20,India,acreage_sown_area,Acreage (sown area),area,9.6,million_hectare,annual_hold_constant_monthly,Economic Survey Statistical Appendix,https://www.indiabudget.gov.in/economicsurvey/doc/Statistical-Appendix-in-English.pdf,annual_only
2019-05-01,2018/19,Global,brazil_safrinha_harvest_calendar,Brazil safrinha harvest calendar,calendar,68.0,index,recurring_monthly_harvest_calendar,Curated Brazil safrinha harvest calendar,https://www.fao.org/,curated
2019-05-01,2019/20,India,buffer_stock,Buffer stock,stock,2.395,million_tonnes,annual_opening_to_closing_stock_interpolation,Local supply-demand analytics store,D:\ncel2\ncel-commodity-pricing\backend\data\supply_demand_analytics.db,mixed
2019-05-01,2019/20,India,domestic_production,Domestic production,production,1.44,million_tonnes,annual_production_to_monthly_harvest_release_proxy,Economic Survey Statistical Appendix,https://www.indiabudget.gov.in/economicsurvey/doc/Statistical-Appendix-in-English.pdf,annual_only
2019-05-01,2018/19,Global,global_exporter_harvest_calendar,Global exporter harvest calendar,calendar,39.0,index,recurring_monthly_harvest_calendar,Curated global maize exporter harvest calendar,https://www.fao.org/,curated
2019-05-01,2019/20,India,imports,Imports,trade,0.0,million_tonnes,annual_imports_to_monthly_uniform_proxy,Local supply-demand analytics store,D:\ncel2\ncel-commodity-pricing\backend\data\supply_demand_analytics.db,mixed
2019-05-01,2018/19,Argentina,major_producer_crop_conditions,Major producer crop conditions,crop_condition,54.0,index,recurring_monthly_crop_condition_profile,Curated global maize crop-condition profile,https://www.usda.gov/,curated
2019-05-01,2018/19,Brazil,major_producer_crop_conditions,Major producer crop conditions,crop_condition,58.0,index,recurring_monthly_crop_condition_profile,Curated global maize crop-condition profile,https://www.usda.gov/,curated
2019-05-01,2018/19,Ukraine,major_producer_crop_conditions,Major producer crop conditions,crop_condition,60.0,index,recurring_monthly_crop_condition_profile,Curated global maize crop-condition profile,https://www.usda.gov/,curated
2019-05-01,2018/19,United States,major_producer_crop_conditions,Major producer crop conditions,crop_condition,63.0,index,recurring_monthly_crop_condition_profile,Curated global maize crop-condition profile,https://www.usda.gov/,curated
2019-05-01,2019/20,India,opening_stock,Opening stocks,stock,2.395,million_tonnes,annual_opening_to_closing_stock_interpolation,Local supply-demand analytics store,D:\ncel2\ncel-commodity-pricing\backend\data\supply_demand_analytics.db,mixed
2019-05-01,2019/20,India,total_availability,Total availability,derived,3.835,million_tonnes,opening_stock_plus_domestic_production_plus_imports,Derived inside Maize supply store,D:\ncel2\ncel-commodity-pricing\SnD\supply\maize\maize_supply_factors.db,derived
2019-05-01,2019/20,Argentina,usda_global_production,USDA global production by country,global_production,51.6,million_tonnes,backfilled_from_2023_24_usda_snapshot,USDA WASDE March 2026 local text snapshot,D:\ncel2\ncel-commodity-pricing\backend\data\tmp_wasde0326.txt,partial
2019-05-01,2019/20,Brazil,usda_global_production,USDA global production by country,global_production,119.0,million_tonnes,backfilled_from_2023_24_usda_snapshot,USDA WASDE March 2026 local text snapshot,D:\ncel2\ncel-commodity-pricing\backend\data\tmp_wasde0326.txt,partial
2019-05-01,2019/20,Ukraine,usda_global_production,USDA global production by country,global_production,32.5,million_tonnes,backfilled_from_2023_24_usda_snapshot,USDA WASDE March 2026 local text snapshot,D:\ncel2\ncel-commodity-pricing\backend\data\tmp_wasde0326.txt,partial
2019-05-01,2019/20,United States,usda_global_production,USDA global production by country,global_production,389.67,million_tonnes,backfilled_from_2023_24_usda_snapshot,USDA WASDE March 2026 local text snapshot,D:\ncel2\ncel-commodity-pricing\backend\data\tmp_wasde0326.txt,partial
2019-05-01,2019/20,India,yield_per_hectare,Yield per hectare,yield,3006.0,kg_per_hectare,annual_hold_constant_monthly,Economic Survey Statistical Appendix,https://www.indiabudget.gov.in/economicsurvey/doc/Statistical-Appendix-in-English.pdf,annual_only
2019-06-01,2019/20,India,acreage_sown_area,Acreage (sown area),area,9.6,million_hectare,annual_hold_constant_monthly,Economic Survey Statistical Appendix,https://www.indiabudget.gov.in/economicsurvey/doc/Statistical-Appendix-in-English.pdf,annual_only
2019-06-01,2018/19,Global,brazil_safrinha_harvest_calendar,Brazil safrinha harvest calendar,calendar,92.0,index,recurring_monthly_harvest_calendar,Curated Brazil safrinha harvest calendar,https://www.fao.org/,curated
2019-06-01,2019/20,India,buffer_stock,Buffer stock,stock,2.395,million_tonnes,annual_opening_to_closing_stock_interpolation,Local supply-demand analytics store,D:\ncel2\ncel-commodity-pricing\backend\data\supply_demand_analytics.db,mixed
2019-06-01,2019/20,India,domestic_production,Domestic production,production,2.304,million_tonnes,annual_production_to_monthly_harvest_release_proxy,Economic Survey Statistical Appendix,https://www.indiabudget.gov.in/economicsurvey/doc/Statistical-Appendix-in-English.pdf,annual_only
2019-06-01,2018/19,Global,global_exporter_harvest_calendar,Global exporter harvest calendar,calendar,55.0,index,recurring_monthly_harvest_calendar,Curated global maize exporter harvest calendar,https://www.fao.org/,curated
2019-06-01,2019/20,India,imports,Imports,trade,0.0,million_tonnes,annual_imports_to_monthly_uniform_proxy,Local supply-demand analytics store,D:\ncel2\ncel-commodity-pricing\backend\data\supply_demand_analytics.db,mixed
2019-06-01,2018/19,Argentina,major_producer_crop_conditions,Major producer crop conditions,crop_condition,52.0,index,recurring_monthly_crop_condition_profile,Curated global maize crop-condition profile,https://www.usda.gov/,curated
2019-06-01,2018/19,Brazil,major_producer_crop_conditions,Major producer crop conditions,crop_condition,56.0,index,recurring_monthly_crop_condition_profile,Curated global maize crop-condition profile,https://www.usda.gov/,curated
2019-06-01,2018/19,Ukraine,major_producer_crop_conditions,Major producer crop conditions,crop_condition,70.0,index,recurring_monthly_crop_condition_profile,Curated global maize crop-condition profile,https://www.usda.gov/,curated
2019-06-01,2018/19,United States,major_producer_crop_conditions,Major producer crop conditions,crop_condition,74.0,index,recurring_monthly_crop_condition_profile,Curated global maize crop-condition profile,https://www.usda.gov/,curated
2019-06-01,2019/20,India,opening_stock,Opening stocks,stock,2.395,million_tonnes,annual_opening_to_closing_stock_interpolation,Local supply-demand analytics store,D:\ncel2\ncel-commodity-pricing\backend\data\supply_demand_analytics.db,mixed
2019-06-01,2019/20,India,total_availability,Total availability,derived,4.699,million_tonnes,opening_stock_plus_domestic_production_plus_imports,Derived inside Maize supply store,D:\ncel2\ncel-commodity-pricing\SnD\supply\maize\maize_supply_factors.db,derived
2019-06-01,2019/20,Argentina,usda_global_production,USDA global production by country,global_production,51.6,million_tonnes,backfilled_from_2023_24_usda_snapshot,USDA WASDE March 2026 local text snapshot,D:\ncel2\ncel-commodity-pricing\backend\data\tmp_wasde0326.txt,partial
2019-06-01,2019/20,Brazil,usda_global_production,USDA global production by country,global_production,119.0,million_tonnes,backfilled_from_2023_24_usda_snapshot,USDA WASDE March 2026 local text snapshot,D:\ncel2\ncel-commodity-pricing\backend\data\tmp_wasde0326.txt,partial
2019-06-01,2019/20,Ukraine,usda_global_production,USDA global production by country,global_production,32.5,million_tonnes,backfilled_from_2023_24_usda_snapshot,USDA WASDE March 2026 local text snapshot,D:\ncel2\ncel-commodity-pricing\backend\data\tmp_wasde0326.txt,partial
2019-06-01,2019/20,United States,usda_global_production,USDA global production by country,global_production,389.67,million_tonnes,backfilled_from_2023_24_usda_snapshot,USDA WASDE March 2026 local text snapshot,D:\ncel2\ncel-commodity-pricing\backend\data\tmp_wasde0326.txt,partial
2019-06-01,2019/20,India,yield_per_hectare,Yield per hectare,yield,3006.0,kg_per_hectare,annual_hold_constant_monthly,Economic Survey Statistical Appendix,https://www.indiabudget.gov.in/economicsurvey/doc/Statistical-Appendix-in-English.pdf,annual_only
2019-07-01,2019/20,India,acreage_sown_area,Acreage (sown area),area,9.6,million_hectare,annual_hold_constant_monthly,Economic Survey Statistical Appendix,https://www.indiabudget.gov.in/economicsurvey/doc/Statistical-Appendix-in-English.pdf,annual_only
2019-07-01,2018/19,Global,brazil_safrinha_harvest_calendar,Brazil safrinha harvest calendar,calendar,100.0,index,recurring_monthly_harvest_calendar,Curated Brazil safrinha harvest calendar,https://www.fao.org/,curated
2019-07-01,2019/20,India,buffer_stock,Buffer stock,stock,2.395,million_tonnes,annual_opening_to_closing_stock_interpolation,Local supply-demand analytics store,D:\ncel2\ncel-commodity-pricing\backend\data\supply_demand_analytics.db,mixed
2019-07-01,2019/20,India,domestic_production,Domestic production,production,2.592,million_tonnes,annual_production_to_monthly_harvest_release_proxy,Economic Survey Statistical Appendix,https://www.indiabudget.gov.in/economicsurvey/doc/Statistical-Appendix-in-English.pdf,annual_only
2019-07-01,2018/19,Global,global_exporter_harvest_calendar,Global exporter harvest calendar,calendar,73.0,index,recurring_monthly_harvest_calendar,Curated global maize exporter harvest calendar,https://www.fao.org/,curated
2019-07-01,2019/20,India,imports,Imports,trade,0.0,million_tonnes,annual_imports_to_monthly_uniform_proxy,Local supply-demand analytics store,D:\ncel2\ncel-commodity-pricing\backend\data\supply_demand_analytics.db,mixed
2019-07-01,2018/19,Argentina,major_producer_crop_conditions,Major producer crop conditions,crop_condition,50.0,index,recurring_monthly_crop_condition_profile,Curated global maize crop-condition profile,https://www.usda.gov/,curated
2019-07-01,2018/19,Brazil,major_producer_crop_conditions,Major producer crop conditions,crop_condition,55.0,index,recurring_monthly_crop_condition_profile,Curated global maize crop-condition profile,https://www.usda.gov/,curated
2019-07-01,2018/19,Ukraine,major_producer_crop_conditions,Major producer crop conditions,crop_condition,76.0,index,recurring_monthly_crop_condition_profile,Curated global maize crop-condition profile,https://www.usda.gov/,curated
2019-07-01,2018/19,United States,major_producer_crop_conditions,Major producer crop conditions,crop_condition,78.0,index,recurring_monthly_crop_condition_profile,Curated global maize crop-condition profile,https://www.usda.gov/,curated
2019-07-01,2019/20,India,opening_stock,Opening stocks,stock,2.395,million_tonnes,annual_opening_to_closing_stock_interpolation,Local supply-demand analytics store,D:\ncel2\ncel-commodity-pricing\backend\data\supply_demand_analytics.db,mixed
2019-07-01,2019/20,India,total_availability,Total availability,derived,4.987,million_tonnes,opening_stock_plus_domestic_production_plus_imports,Derived inside Maize supply store,D:\ncel2\ncel-commodity-pricing\SnD\supply\maize\maize_supply_factors.db,derived
2019-07-01,2019/20,Argentina,usda_global_production,USDA global production by country,global_production,51.6,million_tonnes,backfilled_from_2023_24_usda_snapshot,USDA WASDE March 2026 local text snapshot,D:\ncel2\ncel-commodity-pricing\backend\data\tmp_wasde0326.txt,partial
2019-07-01,2019/20,Brazil,usda_global_production,USDA global production by country,global_production,119.0,million_tonnes,backfilled_from_2023_24_usda_snapshot,USDA WASDE March 2026 local text snapshot,D:\ncel2\ncel-commodity-pricing\backend\data\tmp_wasde0326.txt,partial
2019-07-01,2019/20,Ukraine,usda_global_production,USDA global production by country,global_production,32.5,million_tonnes,backfilled_from_2023_24_usda_snapshot,USDA WASDE March 2026 local text snapshot,D:\ncel2\ncel-commodity-pricing\backend\data\tmp_wasde0326.txt,partial
2019-07-01,2019/20,United States,usda_global_production,USDA global production by country,global_production,389.67,million_tonnes,backfilled_from_2023_24_usda_snapshot,USDA WASDE March 2026 local text snapshot,D:\ncel2\ncel-commodity-pricing\backend\data\tmp_wasde0326.txt,partial
2019-07-01,2019/20,India,yield_per_hectare,Yield per hectare,yield,3006.0,kg_per_hectare,annual_hold_constant_monthly,Economic Survey Statistical Appendix,https://www.indiabudget.gov.in/economicsurvey/doc/Statistical-Appendix-in-English.pdf,annual_only
2019-08-01,2019/20,India,acreage_sown_area,Acreage (sown area),area,9.6,million_hectare,annual_hold_constant_monthly,Economic Survey Statistical Appendix,https://www.indiabudget.gov.in/economicsurvey/doc/Statistical-Appendix-in-English.pdf,annual_only
2019-08-01,2018/19,Global,brazil_safrinha_harvest_calendar,Brazil safrinha harvest calendar,calendar,82.0,index,recurring_monthly_harvest_calendar,Curated Brazil safrinha harvest calendar,https://www.fao.org/,curated
2019-08-01,2019/20,India,buffer_stock,Buffer stock,stock,2.395,million_tonnes,annual_opening_to_closing_stock_interpolation,Local supply-demand analytics store,D:\ncel2\ncel-commodity-pricing\backend\data\supply_demand_analytics.db,mixed
2019-08-01,2019/20,India,domestic_production,Domestic production,production,2.592,million_tonnes,annual_production_to_monthly_harvest_release_proxy,Economic Survey Statistical Appendix,https://www.indiabudget.gov.in/economicsurvey/doc/Statistical-Appendix-in-English.pdf,annual_only
2019-08-01,2018/19,Global,global_exporter_harvest_calendar,Global exporter harvest calendar,calendar,88.0,index,recurring_monthly_harvest_calendar,Curated global maize exporter harvest calendar,https://www.fao.org/,curated
2019-08-01,2019/20,India,imports,Imports,trade,0.0,million_tonnes,annual_imports_to_monthly_uniform_proxy,Local supply-demand analytics store,D:\ncel2\ncel-commodity-pricing\backend\data\supply_demand_analytics.db,mixed
2019-08-01,2018/19,Argentina,major_producer_crop_conditions,Major producer crop conditions,crop_condition,51.0,index,recurring_monthly_crop_condition_profile,Curated global maize crop-condition profile,https://www.usda.gov/,curated
2019-08-01,2018/19,Brazil,major_producer_crop_conditions,Major producer crop conditions,crop_condition,57.0,index,recurring_monthly_crop_condition_profile,Curated global maize crop-condition profile,https://www.usda.gov/,curated
2019-08-01,2018/19,Ukraine,major_producer_crop_conditions,Major producer crop conditions,crop_condition,73.0,index,recurring_monthly_crop_condition_profile,Curated global maize crop-condition profile,https://www.usda.gov/,curated
2019-08-01,2018/19,United States,major_producer_crop_conditions,Major producer crop conditions,crop_condition,71.0,index,recurring_monthly_crop_condition_profile,Curated global maize crop-condition profile,https://www.usda.gov/,curated
2019-08-01,2019/20,India,opening_stock,Opening stocks,stock,2.395,million_tonnes,annual_opening_to_closing_stock_interpolation,Local supply-demand analytics store,D:\ncel2\ncel-commodity-pricing\backend\data\supply_demand_analytics.db,mixed
2019-08-01,2019/20,India,total_availability,Total availability,derived,4.987,million_tonnes,opening_stock_plus_domestic_production_plus_imports,Derived inside Maize supply store,D:\ncel2\ncel-commodity-pricing\SnD\supply\maize\maize_supply_factors.db,derived
2019-08-01,2019/20,Argentina,usda_global_production,USDA global production by country,global_production,51.6,million_tonnes,backfilled_from_2023_24_usda_snapshot,USDA WASDE March 2026 local text snapshot,D:\ncel2\ncel-commodity-pricing\backend\data\tmp_wasde0326.txt,partial
2019-08-01,2019/20,Brazil,usda_global_production,USDA global production by country,global_production,119.0,million_tonnes,backfilled_from_2023_24_usda_snapshot,USDA WASDE March 2026 local text snapshot,D:\ncel2\ncel-commodity-pricing\backend\data\tmp_wasde0326.txt,partial
2019-08-01,2019/20,Ukraine,usda_global_production,USDA global production by country,global_production,32.5,million_tonnes,backfilled_from_2023_24_usda_snapshot,USDA WASDE March 2026 local text snapshot,D:\ncel2\ncel-commodity-pricing\backend\data\tmp_wasde0326.txt,partial
2019-08-01,2019/20,United States,usda_global_production,USDA global production by country,global_production,389.67,million_tonnes,backfilled_from_2023_24_usda_snapshot,USDA WASDE March 2026 local text snapshot,D:\ncel2\ncel-commodity-pricing\backend\data\tmp_wasde0326.txt,partial
2019-08-01,2019/20,India,yield_per_hectare,Yield per hectare,yield,3006.0,kg_per_hectare,annual_hold_constant_monthly,Economic Survey Statistical Appendix,https://www.indiabudget.gov.in/economicsurvey/doc/Statistical-Appendix-in-English.pdf,annual_only
2019-09-01,2019/20,India,acreage_sown_area,Acreage (sown area),area,9.6,million_hectare,annual_hold_constant_monthly,Economic Survey Statistical Appendix,https://www.indiabudget.gov.in/economicsurvey/doc/Statistical-Appendix-in-English.pdf,annual_only
2019-09-01,2018/19,Global,brazil_safrinha_harvest_calendar,Brazil safrinha harvest calendar,calendar,44.0,index,recurring_monthly_harvest_calendar,Curated Brazil safrinha harvest calendar,https://www.fao.org/,curated
2019-09-01,2019/20,India,buffer_stock,Buffer stock,stock,2.395,million_tonnes,annual_opening_to_closing_stock_interpolation,Local supply-demand analytics store,D:\ncel2\ncel-commodity-pricing\backend\data\supply_demand_analytics.db,mixed
2019-09-01,2019/20,India,domestic_production,Domestic production,production,4.032,million_tonnes,annual_production_to_monthly_harvest_release_proxy,Economic Survey Statistical Appendix,https://www.indiabudget.gov.in/economicsurvey/doc/Statistical-Appendix-in-English.pdf,annual_only
2019-09-01,2018/19,Global,global_exporter_harvest_calendar,Global exporter harvest calendar,calendar,100.0,index,recurring_monthly_harvest_calendar,Curated global maize exporter harvest calendar,https://www.fao.org/,curated
2019-09-01,2019/20,India,imports,Imports,trade,0.0,million_tonnes,annual_imports_to_monthly_uniform_proxy,Local supply-demand analytics store,D:\ncel2\ncel-commodity-pricing\backend\data\supply_demand_analytics.db,mixed
2019-09-01,2018/19,Argentina,major_producer_crop_conditions,Major producer crop conditions,crop_condition,55.0,index,recurring_monthly_crop_condition_profile,Curated global maize crop-condition profile,https://www.usda.gov/,curated
2019-09-01,2018/19,Brazil,major_producer_crop_conditions,Major producer crop conditions,crop_condition,60.0,index,recurring_monthly_crop_condition_profile,Curated global maize crop-condition profile,https://www.usda.gov/,curated
2019-09-01,2018/19,Ukraine,major_producer_crop_conditions,Major producer crop conditions,crop_condition,64.0,index,recurring_monthly_crop_condition_profile,Curated global maize crop-condition profile,https://www.usda.gov/,curated
2019-09-01,2018/19,United States,major_producer_crop_conditions,Major producer crop conditions,crop_condition,60.0,index,recurring_monthly_crop_condition_profile,Curated global maize crop-condition profile,https://www.usda.gov/,curated
2019-09-01,2019/20,India,opening_stock,Opening stocks,stock,2.395,million_tonnes,annual_opening_to_closing_stock_interpolation,Local supply-demand analytics store,D:\ncel2\ncel-commodity-pricing\backend\data\supply_demand_analytics.db,mixed
2019-09-01,2019/20,India,total_availability,Total availability,derived,6.427,million_tonnes,opening_stock_plus_domestic_production_plus_imports,Derived inside Maize supply store,D:\ncel2\ncel-commodity-pricing\SnD\supply\maize\maize_supply_factors.db,derived
2019-09-01,2019/20,Argentina,usda_global_production,USDA global production by country,global_production,51.6,million_tonnes,backfilled_from_2023_24_usda_snapshot,USDA WASDE March 2026 local text snapshot,D:\ncel2\ncel-commodity-pricing\backend\data\tmp_wasde0326.txt,partial
2019-09-01,2019/20,Brazil,usda_global_production,USDA global production by country,global_production,119.0,million_tonnes,backfilled_from_2023_24_usda_snapshot,USDA WASDE March 2026 local text snapshot,D:\ncel2\ncel-commodity-pricing\backend\data\tmp_wasde0326.txt,partial
2019-09-01,2019/20,Ukraine,usda_global_production,USDA global production by country,global_production,32.5,million_tonnes,backfilled_from_2023_24_usda_snapshot,USDA WASDE March 2026 local text snapshot,D:\ncel2\ncel-commodity-pricing\backend\data\tmp_wasde0326.txt,partial
2019-09-01,2019/20,United States,usda_global_production,USDA global production by country,global_production,389.67,million_tonnes,backfilled_from_2023_24_usda_snapshot,USDA WASDE March 2026 local text snapshot,D:\ncel2\ncel-commodity-pricing\backend\data\tmp_wasde0326.txt,partial
2019-09-01,2019/20,India,yield_per_hectare,Yield per hectare,yield,3006.0,kg_per_hectare,annual_hold_constant_monthly,Economic Survey Statistical Appendix,https://www.indiabudget.gov.in/economicsurvey/doc/Statistical-Appendix-in-English.pdf,annual_only
2019-10-01,2019/20,India,acreage_sown_area,Acreage (sown area),area,9.6,million_hectare,annual_hold_constant_monthly,Economic Survey Statistical Appendix,https://www.indiabudget.gov.in/economicsurvey/doc/Statistical-Appendix-in-English.pdf,annual_only
2019-10-01,2019/20,Global,brazil_safrinha_harvest_calendar,Brazil safrinha harvest calendar,calendar,18.0,index,recurring_monthly_harvest_calendar,Curated Brazil safrinha harvest calendar,https://www.fao.org/,curated
2019-10-01,2019/20,India,buffer_stock,Buffer stock,stock,2.395,million_tonnes,annual_opening_to_closing_stock_interpolation,Local supply-demand analytics store,D:\ncel2\ncel-commodity-pricing\backend\data\supply_demand_analytics.db,mixed
2019-10-01,2019/20,India,domestic_production,Domestic production,production,5.184,million_tonnes,annual_production_to_monthly_harvest_release_proxy,Economic Survey Statistical Appendix,https://www.indiabudget.gov.in/economicsurvey/doc/Statistical-Appendix-in-English.pdf,annual_only
2019-10-01,2019/20,Global,global_exporter_harvest_calendar,Global exporter harvest calendar,calendar,94.0,index,recurring_monthly_harvest_calendar,Curated global maize exporter harvest calendar,https://www.fao.org/,curated
2019-10-01,2019/20,India,imports,Imports,trade,0.0,million_tonnes,annual_imports_to_monthly_uniform_proxy,Local supply-demand analytics store,D:\ncel2\ncel-commodity-pricing\backend\data\supply_demand_analytics.db,mixed
2019-10-01,2019/20,Argentina,major_producer_crop_conditions,Major producer crop conditions,crop_condition,61.0,index,recurring_monthly_crop_condition_profile,Curated global maize crop-condition profile,https://www.usda.gov/,curated
2019-10-01,2019/20,Brazil,major_producer_crop_conditions,Major producer crop conditions,crop_condition,65.0,index,recurring_monthly_crop_condition_profile,Curated global maize crop-condition profile,https://www.usda.gov/,curated
2019-10-01,2019/20,Ukraine,major_producer_crop_conditions,Major producer crop conditions,crop_condition,53.0,index,recurring_monthly_crop_condition_profile,Curated global maize crop-condition profile,https://www.usda.gov/,curated
2019-10-01,2019/20,United States,major_producer_crop_conditions,Major producer crop conditions,crop_condition,48.0,index,recurring_monthly_crop_condition_profile,Curated global maize crop-condition profile,https://www.usda.gov/,curated
2019-10-01,2019/20,India,opening_stock,Opening stocks,stock,2.395,million_tonnes,annual_opening_to_closing_stock_interpolation,Local supply-demand analytics store,D:\ncel2\ncel-commodity-pricing\backend\data\supply_demand_analytics.db,mixed
2019-10-01,2019/20,India,total_availability,Total availability,derived,7.579,million_tonnes,opening_stock_plus_domestic_production_plus_imports,Derived inside Maize supply store,D:\ncel2\ncel-commodity-pricing\SnD\supply\maize\maize_supply_factors.db,derived
2019-10-01,2019/20,Argentina,usda_global_production,USDA global production by country,global_production,51.6,million_tonnes,backfilled_from_2023_24_usda_snapshot,USDA WASDE March 2026 local text snapshot,D:\ncel2\ncel-commodity-pricing\backend\data\tmp_wasde0326.txt,partial
2019-10-01,2019/20,Brazil,usda_global_production,USDA global production by country,global_production,119.0,million_tonnes,backfilled_from_2023_24_usda_snapshot,USDA WASDE March 2026 local text snapshot,D:\ncel2\ncel-commodity-pricing\backend\data\tmp_wasde0326.txt,partial
2019-10-01,2019/20,Ukraine,usda_global_production,USDA global production by country,global_production,32.5,million_tonnes,backfilled_from_2023_24_usda_snapshot,USDA WASDE March 2026 local text snapshot,D:\ncel2\ncel-commodity-pricing\backend\data\tmp_wasde0326.txt,partial
2019-10-01,2019/20,United States,usda_global_production,USDA global production by country,global_production,389.67,million_tonnes,backfilled_from_2023_24_usda_snapshot,USDA WASDE March 2026 local text snapshot,D:\ncel2\ncel-commodity-pricing\backend\data\tmp_wasde0326.txt,partial
2019-10-01,2019/20,India,yield_per_hectare,Yield per hectare,yield,3006.0,kg_per_hectare,annual_hold_constant_monthly,Economic Survey Statistical Appendix,https://www.indiabudget.gov.in/economicsurvey/doc/Statistical-Appendix-in-English.pdf,annual_only
2019-11-01,2019/20,India,acreage_sown_area,Acreage (sown area),area,9.6,million_hectare,annual_hold_constant_monthly,Economic Survey Statistical Appendix,https://www.indiabudget.gov.in/economicsurvey/doc/Statistical-Appendix-in-English.pdf,annual_only
2019-11-01,2019/20,Global,brazil_safrinha_harvest_calendar,Brazil safrinha harvest calendar,calendar,8.0,index,recurring_monthly_harvest_calendar,Curated Brazil safrinha harvest calendar,https://www.fao.org/,curated
2019-11-01,2019/20,India,buffer_stock,Buffer stock,stock,2.395,million_tonnes,annual_opening_to_closing_stock_interpolation,Local supply-demand analytics store,D:\ncel2\ncel-commodity-pricing\backend\data\supply_demand_analytics.db,mixed
2019-11-01,2019/20,India,domestic_production,Domestic production,production,4.608,million_tonnes,annual_production_to_monthly_harvest_release_proxy,Economic Survey Statistical Appendix,https://www.indiabudget.gov.in/economicsurvey/doc/Statistical-Appendix-in-English.pdf,annual_only
2019-11-01,2019/20,Global,global_exporter_harvest_calendar,Global exporter harvest calendar,calendar,76.0,index,recurring_monthly_harvest_calendar,Curated global maize exporter harvest calendar,https://www.fao.org/,curated
2019-11-01,2019/20,India,imports,Imports,trade,0.0,million_tonnes,annual_imports_to_monthly_uniform_proxy,Local supply-demand analytics store,D:\ncel2\ncel-commodity-pricing\backend\data\supply_demand_analytics.db,mixed
2019-11-01,2019/20,Argentina,major_producer_crop_conditions,Major producer crop conditions,crop_condition,66.0,index,recurring_monthly_crop_condition_profile,Curated global maize crop-condition profile,https://www.usda.gov/,curated
2019-11-01,2019/20,Brazil,major_producer_crop_conditions,Major producer crop conditions,crop_condition,69.0,index,recurring_monthly_crop_condition_profile,Curated global maize crop-condition profile,https://www.usda.gov/,curated
2019-11-01,2019/20,Ukraine,major_producer_crop_conditions,Major producer crop conditions,crop_condition,45.0,index,recurring_monthly_crop_condition_profile,Curated global maize crop-condition profile,https://www.usda.gov/,curated
2019-11-01,2019/20,United States,major_producer_crop_conditions,Major producer crop conditions,crop_condition,40.0,index,recurring_monthly_crop_condition_profile,Curated global maize crop-condition profile,https://www.usda.gov/,curated
2019-11-01,2019/20,India,opening_stock,Opening stocks,stock,2.395,million_tonnes,annual_opening_to_closing_stock_interpolation,Local supply-demand analytics store,D:\ncel2\ncel-commodity-pricing\backend\data\supply_demand_analytics.db,mixed
2019-11-01,2019/20,India,total_availability,Total availability,derived,7.003,million_tonnes,opening_stock_plus_domestic_production_plus_imports,Derived inside Maize supply store,D:\ncel2\ncel-commodity-pricing\SnD\supply\maize\maize_supply_factors.db,derived
2019-11-01,2019/20,Argentina,usda_global_production,USDA global production by country,global_production,51.6,million_tonnes,backfilled_from_2023_24_usda_snapshot,USDA WASDE March 2026 local text snapshot,D:\ncel2\ncel-commodity-pricing\backend\data\tmp_wasde0326.txt,partial
2019-11-01,2019/20,Brazil,usda_global_production,USDA global production by country,global_production,119.0,million_tonnes,backfilled_from_2023_24_usda_snapshot,USDA WASDE March 2026 local text snapshot,D:\ncel2\ncel-commodity-pricing\backend\data\tmp_wasde0326.txt,partial
2019-11-01,2019/20,Ukraine,usda_global_production,USDA global production by country,global_production,32.5,million_tonnes,backfilled_from_2023_24_usda_snapshot,USDA WASDE March 2026 local text snapshot,D:\ncel2\ncel-commodity-pricing\backend\data\tmp_wasde0326.txt,partial
2019-11-01,2019/20,United States,usda_global_production,USDA global production by country,global_production,389.67,million_tonnes,backfilled_from_2023_24_usda_snapshot,USDA WASDE March 2026 local text snapshot,D:\ncel2\ncel-commodity-pricing\backend\data\tmp_wasde0326.txt,partial
2019-11-01,2019/20,India,yield_per_hectare,Yield per hectare,yield,3006.0,kg_per_hectare,annual_hold_constant_monthly,Economic Survey Statistical Appendix,https://www.indiabudget.gov.in/economicsurvey/doc/Statistical-Appendix-in-English.pdf,annual_only
2019-12-01,2019/20,India,acreage_sown_area,Acreage (sown area),area,9.6,million_hectare,annual_hold_constant_monthly,Economic Survey Statistical Appendix,https://www.indiabudget.gov.in/economicsurvey/doc/Statistical-Appendix-in-English.pdf,annual_only
2019-12-01,2019/20,Global,brazil_safrinha_harvest_calendar,Brazil safrinha harvest calendar,calendar,5.0,index,recurring_monthly_harvest_calendar,Curated Brazil safrinha harvest calendar,https://www.fao.org/,curated
2019-12-01,2019/20,India,buffer_stock,Buffer stock,stock,2.395,million_tonnes,annual_opening_to_closing_stock_interpolation,Local supply-demand analytics store,D:\ncel2\ncel-commodity-pricing\backend\data\supply_demand_analytics.db,mixed
2019-12-01,2019/20,India,domestic_production,Domestic production,production,2.592,million_tonnes,annual_production_to_monthly_harvest_release_proxy,Economic Survey Statistical Appendix,https://www.indiabudget.gov.in/economicsurvey/doc/Statistical-Appendix-in-English.pdf,annual_only
2019-12-01,2019/20,Global,global_exporter_harvest_calendar,Global exporter harvest calendar,calendar,58.0,index,recurring_monthly_harvest_calendar,Curated global maize exporter harvest calendar,https://www.fao.org/,curated
2019-12-01,2019/20,India,imports,Imports,trade,0.0,million_tonnes,annual_imports_to_monthly_uniform_proxy,Local supply-demand analytics store,D:\ncel2\ncel-commodity-pricing\backend\data\supply_demand_analytics.db,mixed
2019-12-01,2019/20,Argentina,major_producer_crop_conditions,Major producer crop conditions,crop_condition,68.0,index,recurring_monthly_crop_condition_profile,Curated global maize crop-condition profile,https://www.usda.gov/,curated
2019-12-01,2019/20,Brazil,major_producer_crop_conditions,Major producer crop conditions,crop_condition,71.0,index,recurring_monthly_crop_condition_profile,Curated global maize crop-condition profile,https://www.usda.gov/,curated
2019-12-01,2019/20,Ukraine,major_producer_crop_conditions,Major producer crop conditions,crop_condition,42.0,index,recurring_monthly_crop_condition_profile,Curated global maize crop-condition profile,https://www.usda.gov/,curated
2019-12-01,2019/20,United States,major_producer_crop_conditions,Major producer crop conditions,crop_condition,36.0,index,recurring_monthly_crop_condition_profile,Curated global maize crop-condition profile,https://www.usda.gov/,curated
2019-12-01,2019/20,India,opening_stock,Opening stocks,stock,2.395,million_tonnes,annual_opening_to_closing_stock_interpolation,Local supply-demand analytics store,D:\ncel2\ncel-commodity-pricing\backend\data\supply_demand_analytics.db,mixed
2019-12-01,2019/20,India,total_availability,Total availability,derived,4.987,million_tonnes,opening_stock_plus_domestic_production_plus_imports,Derived inside Maize supply store,D:\ncel2\ncel-commodity-pricing\SnD\supply\maize\maize_supply_factors.db,derived
2019-12-01,2019/20,Argentina,usda_global_production,USDA global production by country,global_production,51.6,million_tonnes,backfilled_from_2023_24_usda_snapshot,USDA WASDE March 2026 local text snapshot,D:\ncel2\ncel-commodity-pricing\backend\data\tmp_wasde0326.txt,partial
2019-12-01,2019/20,Brazil,usda_global_production,USDA global production by country,global_production,119.0,million_tonnes,backfilled_from_2023_24_usda_snapshot,USDA WASDE March 2026 local text snapshot,D:\ncel2\ncel-commodity-pricing\backend\data\tmp_wasde0326.txt,partial
2019-12-01,2019/20,Ukraine,usda_global_production,USDA global production by country,global_production,32.5,million_tonnes,backfilled_from_2023_24_usda_snapshot,USDA WASDE March 2026 local text snapshot,D:\ncel2\ncel-commodity-pricing\backend\data\tmp_wasde0326.txt,partial
2019-12-01,2019/20,United States,usda_global_production,USDA global production by country,global_production,389.67,million_tonnes,backfilled_from_2023_24_usda_snapshot,USDA WASDE March 2026 local text snapshot,D:\ncel2\ncel-commodity-pricing\backend\data\tmp_wasde0326.txt,partial
2019-12-01,2019/20,India,yield_per_hectare,Yield per hectare,yield,3006.0,kg_per_hectare,annual_hold_constant_monthly,Economic Survey Statistical Appendix,https://www.indiabudget.gov.in/economicsurvey/doc/Statistical-Appendix-in-English.pdf,annual_only
2020-01-01,2019/20,India,acreage_sown_area,Acreage (sown area),area,9.6,million_hectare,annual_hold_constant_monthly,Economic Survey Statistical Appendix,https://www.indiabudget.gov.in/economicsurvey/doc/Statistical-Appendix-in-English.pdf,annual_only
2020-01-01,2019/20,Global,brazil_safrinha_harvest_calendar,Brazil safrinha harvest calendar,calendar,12.0,index,recurring_monthly_harvest_calendar,Curated Brazil safrinha harvest calendar,https://www.fao.org/,curated
2020-01-01,2019/20,India,buffer_stock,Buffer stock,stock,2.395,million_tonnes,annual_opening_to_closing_stock_interpolation,Local supply-demand analytics store,D:\ncel2\ncel-commodity-pricing\backend\data\supply_demand_analytics.db,mixed
2020-01-01,2019/20,India,domestic_production,Domestic production,production,1.44,million_tonnes,annual_production_to_monthly_harvest_release_proxy,Economic Survey Statistical Appendix,https://www.indiabudget.gov.in/economicsurvey/doc/Statistical-Appendix-in-English.pdf,annual_only
2020-01-01,2019/20,Global,global_exporter_harvest_calendar,Global exporter harvest calendar,calendar,34.0,index,recurring_monthly_harvest_calendar,Curated global maize exporter harvest calendar,https://www.fao.org/,curated
2020-01-01,2019/20,India,imports,Imports,trade,0.0,million_tonnes,annual_imports_to_monthly_uniform_proxy,Local supply-demand analytics store,D:\ncel2\ncel-commodity-pricing\backend\data\supply_demand_analytics.db,mixed
2020-01-01,2019/20,Argentina,major_producer_crop_conditions,Major producer crop conditions,crop_condition,69.0,index,recurring_monthly_crop_condition_profile,Curated global maize crop-condition profile,https://www.usda.gov/,curated
2020-01-01,2019/20,Brazil,major_producer_crop_conditions,Major producer crop conditions,crop_condition,72.0,index,recurring_monthly_crop_condition_profile,Curated global maize crop-condition profile,https://www.usda.gov/,curated
2020-01-01,2019/20,Ukraine,major_producer_crop_conditions,Major producer crop conditions,crop_condition,41.0,index,recurring_monthly_crop_condition_profile,Curated global maize crop-condition profile,https://www.usda.gov/,curated
2020-01-01,2019/20,United States,major_producer_crop_conditions,Major producer crop conditions,crop_condition,38.0,index,recurring_monthly_crop_condition_profile,Curated global maize crop-condition profile,https://www.usda.gov/,curated
2020-01-01,2019/20,India,opening_stock,Opening stocks,stock,2.395,million_tonnes,annual_opening_to_closing_stock_interpolation,Local supply-demand analytics store,D:\ncel2\ncel-commodity-pricing\backend\data\supply_demand_analytics.db,mixed
2020-01-01,2019/20,India,total_availability,Total availability,derived,3.835,million_tonnes,opening_stock_plus_domestic_production_plus_imports,Derived inside Maize supply store,D:\ncel2\ncel-commodity-pricing\SnD\supply\maize\maize_supply_factors.db,derived
2020-01-01,2019/20,Argentina,usda_global_production,USDA global production by country,global_production,51.6,million_tonnes,backfilled_from_2023_24_usda_snapshot,USDA WASDE March 2026 local text snapshot,D:\ncel2\ncel-commodity-pricing\backend\data\tmp_wasde0326.txt,partial
2020-01-01,2019/20,Brazil,usda_global_production,USDA global production by country,global_production,119.0,million_tonnes,backfilled_from_2023_24_usda_snapshot,USDA WASDE March 2026 local text snapshot,D:\ncel2\ncel-commodity-pricing\backend\data\tmp_wasde0326.txt,partial
2020-01-01,2019/20,Ukraine,usda_global_production,USDA global production by country,global_production,32.5,million_tonnes,backfilled_from_2023_24_usda_snapshot,USDA WASDE March 2026 local text snapshot,D:\ncel2\ncel-commodity-pricing\backend\data\tmp_wasde0326.txt,partial
2020-01-01,2019/20,United States,usda_global_production,USDA global production by country,global_production,389.67,million_tonnes,backfilled_from_2023_24_usda_snapshot,USDA WASDE March 2026 local text snapshot,D:\ncel2\ncel-commodity-pricing\backend\data\tmp_wasde0326.txt,partial
2020-01-01,2019/20,India,yield_per_hectare,Yield per hectare,yield,3006.0,kg_per_hectare,annual_hold_constant_monthly,Economic Survey Statistical Appendix,https://www.indiabudget.gov.in/economicsurvey/doc/Statistical-Appendix-in-English.pdf,annual_only
2020-02-01,2019/20,India,acreage_sown_area,Acreage (sown area),area,9.6,million_hectare,annual_hold_constant_monthly,Economic Survey Statistical Appendix,https://www.indiabudget.gov.in/economicsurvey/doc/Statistical-Appendix-in-English.pdf,annual_only
2020-02-01,2019/20,Global,brazil_safrinha_harvest_calendar,Brazil safrinha harvest calendar,calendar,18.0,index,recurring_monthly_harvest_calendar,Curated Brazil safrinha harvest calendar,https://www.fao.org/,curated
2020-02-01,2019/20,India,buffer_stock,Buffer stock,stock,2.395,million_tonnes,annual_opening_to_closing_stock_interpolation,Local supply-demand analytics store,D:\ncel2\ncel-commodity-pricing\backend\data\supply_demand_analytics.db,mixed
2020-02-01,2019/20,India,domestic_production,Domestic production,production,0.864,million_tonnes,annual_production_to_monthly_harvest_release_proxy,Economic Survey Statistical Appendix,https://www.indiabudget.gov.in/economicsurvey/doc/Statistical-Appendix-in-English.pdf,annual_only
2020-02-01,2019/20,Global,global_exporter_harvest_calendar,Global exporter harvest calendar,calendar,28.0,index,recurring_monthly_harvest_calendar,Curated global maize exporter harvest calendar,https://www.fao.org/,curated
2020-02-01,2019/20,India,imports,Imports,trade,0.0,million_tonnes,annual_imports_to_monthly_uniform_proxy,Local supply-demand analytics store,D:\ncel2\ncel-commodity-pricing\backend\data\supply_demand_analytics.db,mixed
2020-02-01,2019/20,Argentina,major_producer_crop_conditions,Major producer crop conditions,crop_condition,67.0,index,recurring_monthly_crop_condition_profile,Curated global maize crop-condition profile,https://www.usda.gov/,curated
2020-02-01,2019/20,Brazil,major_producer_crop_conditions,Major producer crop conditions,crop_condition,70.0,index,recurring_monthly_crop_condition_profile,Curated global maize crop-condition profile,https://www.usda.gov/,curated
2020-02-01,2019/20,Ukraine,major_producer_crop_conditions,Major producer crop conditions,crop_condition,39.0,index,recurring_monthly_crop_condition_profile,Curated global maize crop-condition profile,https://www.usda.gov/,curated
2020-02-01,2019/20,United States,major_producer_crop_conditions,Major producer crop conditions,crop_condition,35.0,index,recurring_monthly_crop_condition_profile,Curated global maize crop-condition profile,https://www.usda.gov/,curated
2020-02-01,2019/20,India,opening_stock,Opening stocks,stock,2.395,million_tonnes,annual_opening_to_closing_stock_interpolation,Local supply-demand analytics store,D:\ncel2\ncel-commodity-pricing\backend\data\supply_demand_analytics.db,mixed
2020-02-01,2019/20,India,total_availability,Total availability,derived,3.259,million_tonnes,opening_stock_plus_domestic_production_plus_imports,Derived inside Maize supply store,D:\ncel2\ncel-commodity-pricing\SnD\supply\maize\maize_supply_factors.db,derived
2020-02-01,2019/20,Argentina,usda_global_production,USDA global production by country,global_production,51.6,million_tonnes,backfilled_from_2023_24_usda_snapshot,USDA WASDE March 2026 local text snapshot,D:\ncel2\ncel-commodity-pricing\backend\data\tmp_wasde0326.txt,partial
2020-02-01,2019/20,Brazil,usda_global_production,USDA global production by country,global_production,119.0,million_tonnes,backfilled_from_2023_24_usda_snapshot,USDA WASDE March 2026 local text snapshot,D:\ncel2\ncel-commodity-pricing\backend\data\tmp_wasde0326.txt,partial
2020-02-01,2019/20,Ukraine,usda_global_production,USDA global production by country,global_production,32.5,million_tonnes,backfilled_from_2023_24_usda_snapshot,USDA WASDE March 2026 local text snapshot,D:\ncel2\ncel-commodity-pricing\backend\data\tmp_wasde0326.txt,partial
2020-02-01,2019/20,United States,usda_global_production,USDA global production by country,global_production,389.67,million_tonnes,backfilled_from_2023_24_usda_snapshot,USDA WASDE March 2026 local text snapshot,D:\ncel2\ncel-commodity-pricing\backend\data\tmp_wasde0326.txt,partial
2020-02-01,2019/20,India,yield_per_hectare,Yield per hectare,yield,3006.0,kg_per_hectare,annual_hold_constant_monthly,Economic Survey Statistical Appendix,https://www.indiabudget.gov.in/economicsurvey/doc/Statistical-Appendix-in-English.pdf,annual_only
2020-03-01,2019/20,India,acreage_sown_area,Acreage (sown area),area,9.6,million_hectare,annual_hold_constant_monthly,Economic Survey Statistical Appendix,https://www.indiabudget.gov.in/economicsurvey/doc/Statistical-Appendix-in-English.pdf,annual_only
2020-03-01,2019/20,Global,brazil_safrinha_harvest_calendar,Brazil safrinha harvest calendar,calendar,26.0,index,recurring_monthly_harvest_calendar,Curated Brazil safrinha harvest calendar,https://www.fao.org/,curated
2020-03-01,2019/20,India,buffer_stock,Buffer stock,stock,2.395,million_tonnes,annual_opening_to_closing_stock_interpolation,Local supply-demand analytics store,D:\ncel2\ncel-commodity-pricing\backend\data\supply_demand_analytics.db,mixed
2020-03-01,2019/20,India,domestic_production,Domestic production,production,0.288,million_tonnes,annual_production_to_monthly_harvest_release_proxy,Economic Survey Statistical Appendix,https://www.indiabudget.gov.in/economicsurvey/doc/Statistical-Appendix-in-English.pdf,annual_only
2020-03-01,2019/20,Global,global_exporter_harvest_calendar,Global exporter harvest calendar,calendar,22.0,index,recurring_monthly_harvest_calendar,Curated global maize exporter harvest calendar,https://www.fao.org/,curated
2020-03-01,2019/20,India,imports,Imports,trade,0.0,million_tonnes,annual_imports_to_monthly_uniform_proxy,Local supply-demand analytics store,D:\ncel2\ncel-commodity-pricing\backend\data\supply_demand_analytics.db,mixed
2020-03-01,2019/20,Argentina,major_producer_crop_conditions,Major producer crop conditions,crop_condition,63.0,index,recurring_monthly_crop_condition_profile,Curated global maize crop-condition profile,https://www.usda.gov/,curated
2020-03-01,2019/20,Brazil,major_producer_crop_conditions,Major producer crop conditions,crop_condition,66.0,index,recurring_monthly_crop_condition_profile,Curated global maize crop-condition profile,https://www.usda.gov/,curated
2020-03-01,2019/20,Ukraine,major_producer_crop_conditions,Major producer crop conditions,crop_condition,43.0,index,recurring_monthly_crop_condition_profile,Curated global maize crop-condition profile,https://www.usda.gov/,curated
2020-03-01,2019/20,United States,major_producer_crop_conditions,Major producer crop conditions,crop_condition,40.0,index,recurring_monthly_crop_condition_profile,Curated global maize crop-condition profile,https://www.usda.gov/,curated
2020-03-01,2019/20,India,opening_stock,Opening stocks,stock,2.395,million_tonnes,annual_opening_to_closing_stock_interpolation,Local supply-demand analytics store,D:\ncel2\ncel-commodity-pricing\backend\data\supply_demand_analytics.db,mixed
2020-03-01,2019/20,India,total_availability,Total availability,derived,2.683,million_tonnes,opening_stock_plus_domestic_production_plus_imports,Derived inside Maize supply store,D:\ncel2\ncel-commodity-pricing\SnD\supply\maize\maize_supply_factors.db,derived
2020-03-01,2019/20,Argentina,usda_global_production,USDA global production by country,global_production,51.6,million_tonnes,backfilled_from_2023_24_usda_snapshot,USDA WASDE March 2026 local text snapshot,D:\ncel2\ncel-commodity-pricing\backend\data\tmp_wasde0326.txt,partial
2020-03-01,2019/20,Brazil,usda_global_production,USDA global production by country,global_production,119.0,million_tonnes,backfilled_from_2023_24_usda_snapshot,USDA WASDE March 2026 local text snapshot,D:\ncel2\ncel-commodity-pricing\backend\data\tmp_wasde0326.txt,partial
2020-03-01,2019/20,Ukraine,usda_global_production,USDA global production by country,global_production,32.5,million_tonnes,backfilled_from_2023_24_usda_snapshot,USDA WASDE March 2026 local text snapshot,D:\ncel2\ncel-commodity-pricing\backend\data\tmp_wasde0326.txt,partial
2020-03-01,2019/20,United States,usda_global_production,USDA global production by country,global_production,389.67,million_tonnes,backfilled_from_2023_24_usda_snapshot,USDA WASDE March 2026 local text snapshot,D:\ncel2\ncel-commodity-pricing\backend\data\tmp_wasde0326.txt,partial
2020-03-01,2019/20,India,yield_per_hectare,Yield per hectare,yield,3006.0,kg_per_hectare,annual_hold_constant_monthly,Economic Survey Statistical Appendix,https://www.indiabudget.gov.in/economicsurvey/doc/Statistical-Appendix-in-English.pdf,annual_only
2020-04-01,2020/21,India,acreage_sown_area,Acreage (sown area),area,9.9,million_hectare,annual_hold_constant_monthly,Economic Survey Statistical Appendix,https://www.indiabudget.gov.in/economicsurvey/doc/Statistical-Appendix-in-English.pdf,annual_only
2020-04-01,2019/20,Global,brazil_safrinha_harvest_calendar,Brazil safrinha harvest calendar,calendar,42.0,index,recurring_monthly_harvest_calendar,Curated Brazil safrinha harvest calendar,https://www.fao.org/,curated
2020-04-01,2020/21,India,buffer_stock,Buffer stock,stock,2.395,million_tonnes,annual_opening_to_closing_stock_interpolation,Local supply-demand analytics store,D:\ncel2\ncel-commodity-pricing\backend\data\supply_demand_analytics.db,mixed
2020-04-01,2020/21,India,domestic_production,Domestic production,production,0.948,million_tonnes,annual_production_to_monthly_harvest_release_proxy,Economic Survey Statistical Appendix,https://www.indiabudget.gov.in/economicsurvey/doc/Statistical-Appendix-in-English.pdf,annual_only
2020-04-01,2019/20,Global,global_exporter_harvest_calendar,Global exporter harvest calendar,calendar,24.0,index,recurring_monthly_harvest_calendar,Curated global maize exporter harvest calendar,https://www.fao.org/,curated
2020-04-01,2020/21,India,imports,Imports,trade,0.0,million_tonnes,annual_imports_to_monthly_uniform_proxy,Local supply-demand analytics store,D:\ncel2\ncel-commodity-pricing\backend\data\supply_demand_analytics.db,mixed
2020-04-01,2019/20,Argentina,major_producer_crop_conditions,Major producer crop conditions,crop_condition,58.0,index,recurring_monthly_crop_condition_profile,Curated global maize crop-condition profile,https://www.usda.gov/,curated
2020-04-01,2019/20,Brazil,major_producer_crop_conditions,Major producer crop conditions,crop_condition,62.0,index,recurring_monthly_crop_condition_profile,Curated global maize crop-condition profile,https://www.usda.gov/,curated
2020-04-01,2019/20,Ukraine,major_producer_crop_conditions,Major producer crop conditions,crop_condition,50.0,index,recurring_monthly_crop_condition_profile,Curated global maize crop-condition profile,https://www.usda.gov/,curated
2020-04-01,2019/20,United States,major_producer_crop_conditions,Major producer crop conditions,crop_condition,52.0,index,recurring_monthly_crop_condition_profile,Curated global maize crop-condition profile,https://www.usda.gov/,curated
2020-04-01,2020/21,India,opening_stock,Opening stocks,stock,2.395,million_tonnes,annual_opening_to_closing_stock_interpolation,Local supply-demand analytics store,D:\ncel2\ncel-commodity-pricing\backend\data\supply_demand_analytics.db,mixed
2020-04-01,2020/21,India,total_availability,Total availability,derived,3.343,million_tonnes,opening_stock_plus_domestic_production_plus_imports,Derived inside Maize supply store,D:\ncel2\ncel-commodity-pricing\SnD\supply\maize\maize_supply_factors.db,derived
2020-04-01,2020/21,Argentina,usda_global_production,USDA global production by country,global_production,51.6,million_tonnes,backfilled_from_2023_24_usda_snapshot,USDA WASDE March 2026 local text snapshot,D:\ncel2\ncel-commodity-pricing\backend\data\tmp_wasde0326.txt,partial
2020-04-01,2020/21,Brazil,usda_global_production,USDA global production by country,global_production,119.0,million_tonnes,backfilled_from_2023_24_usda_snapshot,USDA WASDE March 2026 local text snapshot,D:\ncel2\ncel-commodity-pricing\backend\data\tmp_wasde0326.txt,partial
2020-04-01,2020/21,Ukraine,usda_global_production,USDA global production by country,global_production,32.5,million_tonnes,backfilled_from_2023_24_usda_snapshot,USDA WASDE March 2026 local text snapshot,D:\ncel2\ncel-commodity-pricing\backend\data\tmp_wasde0326.txt,partial
2020-04-01,2020/21,United States,usda_global_production,USDA global production by country,global_production,389.67,million_tonnes,backfilled_from_2023_24_usda_snapshot,USDA WASDE March 2026 local text snapshot,D:\ncel2\ncel-commodity-pricing\backend\data\tmp_wasde0326.txt,partial
2020-04-01,2020/21,India,yield_per_hectare,Yield per hectare,yield,3199.0,kg_per_hectare,annual_hold_constant_monthly,Economic Survey Statistical Appendix,https://www.indiabudget.gov.in/economicsurvey/doc/Statistical-Appendix-in-English.pdf,annual_only
2020-05-01,2020/21,India,acreage_sown_area,Acreage (sown area),area,9.9,million_hectare,annual_hold_constant_monthly,Economic Survey Statistical Appendix,https://www.indiabudget.gov.in/economicsurvey/doc/Statistical-Appendix-in-English.pdf,annual_only
2020-05-01,2019/20,Global,brazil_safrinha_harvest_calendar,Brazil safrinha harvest calendar,calendar,68.0,index,recurring_monthly_harvest_calendar,Curated Brazil safrinha harvest calendar,https://www.fao.org/,curated
2020-05-01,2020/21,India,buffer_stock,Buffer stock,stock,2.395,million_tonnes,annual_opening_to_closing_stock_interpolation,Local supply-demand analytics store,D:\ncel2\ncel-commodity-pricing\backend\data\supply_demand_analytics.db,mixed
2020-05-01,2020/21,India,domestic_production,Domestic production,production,1.58,million_tonnes,annual_production_to_monthly_harvest_release_proxy,Economic Survey Statistical Appendix,https://www.indiabudget.gov.in/economicsurvey/doc/Statistical-Appendix-in-English.pdf,annual_only
2020-05-01,2019/20,Global,global_exporter_harvest_calendar,Global exporter harvest calendar,calendar,39.0,index,recurring_monthly_harvest_calendar,Curated global maize exporter harvest calendar,https://www.fao.org/,curated
2020-05-01,2020/21,India,imports,Imports,trade,0.0,million_tonnes,annual_imports_to_monthly_uniform_proxy,Local supply-demand analytics store,D:\ncel2\ncel-commodity-pricing\backend\data\supply_demand_analytics.db,mixed
2020-05-01,2019/20,Argentina,major_producer_crop_conditions,Major producer crop conditions,crop_condition,54.0,index,recurring_monthly_crop_condition_profile,Curated global maize crop-condition profile,https://www.usda.gov/,curated
2020-05-01,2019/20,Brazil,major_producer_crop_conditions,Major producer crop conditions,crop_condition,58.0,index,recurring_monthly_crop_condition_profile,Curated global maize crop-condition profile,https://www.usda.gov/,curated
2020-05-01,2019/20,Ukraine,major_producer_crop_conditions,Major producer crop conditions,crop_condition,60.0,index,recurring_monthly_crop_condition_profile,Curated global maize crop-condition profile,https://www.usda.gov/,curated
2020-05-01,2019/20,United States,major_producer_crop_conditions,Major producer crop conditions,crop_condition,63.0,index,recurring_monthly_crop_condition_profile,Curated global maize crop-condition profile,https://www.usda.gov/,curated
2020-05-01,2020/21,India,opening_stock,Opening stocks,stock,2.395,million_tonnes,annual_opening_to_closing_stock_interpolation,Local supply-demand analytics store,D:\ncel2\ncel-commodity-pricing\backend\data\supply_demand_analytics.db,mixed
2020-05-01,2020/21,India,total_availability,Total availability,derived,3.975,million_tonnes,opening_stock_plus_domestic_production_plus_imports,Derived inside Maize supply store,D:\ncel2\ncel-commodity-pricing\SnD\supply\maize\maize_supply_factors.db,derived
2020-05-01,2020/21,Argentina,usda_global_production,USDA global production by country,global_production,51.6,million_tonnes,backfilled_from_2023_24_usda_snapshot,USDA WASDE March 2026 local text snapshot,D:\ncel2\ncel-commodity-pricing\backend\data\tmp_wasde0326.txt,partial
2020-05-01,2020/21,Brazil,usda_global_production,USDA global production by country,global_production,119.0,million_tonnes,backfilled_from_2023_24_usda_snapshot,USDA WASDE March 2026 local text snapshot,D:\ncel2\ncel-commodity-pricing\backend\data\tmp_wasde0326.txt,partial
2020-05-01,2020/21,Ukraine,usda_global_production,USDA global production by country,global_production,32.5,million_tonnes,backfilled_from_2023_24_usda_snapshot,USDA WASDE March 2026 local text snapshot,D:\ncel2\ncel-commodity-pricing\backend\data\tmp_wasde0326.txt,partial
2020-05-01,2020/21,United States,usda_global_production,USDA global production by country,global_production,389.67,million_tonnes,backfilled_from_2023_24_usda_snapshot,USDA WASDE March 2026 local text snapshot,D:\ncel2\ncel-commodity-pricing\backend\data\tmp_wasde0326.txt,partial
2020-05-01,2020/21,India,yield_per_hectare,Yield per hectare,yield,3199.0,kg_per_hectare,annual_hold_constant_monthly,Economic Survey Statistical Appendix,https://www.indiabudget.gov.in/economicsurvey/doc/Statistical-Appendix-in-English.pdf,annual_only
2020-06-01,2020/21,India,acreage_sown_area,Acreage (sown area),area,9.9,million_hectare,annual_hold_constant_monthly,Economic Survey Statistical Appendix,https://www.indiabudget.gov.in/economicsurvey/doc/Statistical-Appendix-in-English.pdf,annual_only
2020-06-01,2019/20,Global,brazil_safrinha_harvest_calendar,Brazil safrinha harvest calendar,calendar,92.0,index,recurring_monthly_harvest_calendar,Curated Brazil safrinha harvest calendar,https://www.fao.org/,curated
2020-06-01,2020/21,India,buffer_stock,Buffer stock,stock,2.395,million_tonnes,annual_opening_to_closing_stock_interpolation,Local supply-demand analytics store,D:\ncel2\ncel-commodity-pricing\backend\data\supply_demand_analytics.db,mixed
2020-06-01,2020/21,India,domestic_production,Domestic production,production,2.528,million_tonnes,annual_production_to_monthly_harvest_release_proxy,Economic Survey Statistical Appendix,https://www.indiabudget.gov.in/economicsurvey/doc/Statistical-Appendix-in-English.pdf,annual_only
2020-06-01,2019/20,Global,global_exporter_harvest_calendar,Global exporter harvest calendar,calendar,55.0,index,recurring_monthly_harvest_calendar,Curated global maize exporter harvest calendar,https://www.fao.org/,curated
2020-06-01,2020/21,India,imports,Imports,trade,0.0,million_tonnes,annual_imports_to_monthly_uniform_proxy,Local supply-demand analytics store,D:\ncel2\ncel-commodity-pricing\backend\data\supply_demand_analytics.db,mixed
2020-06-01,2019/20,Argentina,major_producer_crop_conditions,Major producer crop conditions,crop_condition,52.0,index,recurring_monthly_crop_condition_profile,Curated global maize crop-condition profile,https://www.usda.gov/,curated
2020-06-01,2019/20,Brazil,major_producer_crop_conditions,Major producer crop conditions,crop_condition,56.0,index,recurring_monthly_crop_condition_profile,Curated global maize crop-condition profile,https://www.usda.gov/,curated
2020-06-01,2019/20,Ukraine,major_producer_crop_conditions,Major producer crop conditions,crop_condition,70.0,index,recurring_monthly_crop_condition_profile,Curated global maize crop-condition profile,https://www.usda.gov/,curated
2020-06-01,2019/20,United States,major_producer_crop_conditions,Major producer crop conditions,crop_condition,74.0,index,recurring_monthly_crop_condition_profile,Curated global maize crop-condition profile,https://www.usda.gov/,curated
2020-06-01,2020/21,India,opening_stock,Opening stocks,stock,2.395,million_tonnes,annual_opening_to_closing_stock_interpolation,Local supply-demand analytics store,D:\ncel2\ncel-commodity-pricing\backend\data\supply_demand_analytics.db,mixed
2020-06-01,2020/21,India,total_availability,Total availability,derived,4.923,million_tonnes,opening_stock_plus_domestic_production_plus_imports,Derived inside Maize supply store,D:\ncel2\ncel-commodity-pricing\SnD\supply\maize\maize_supply_factors.db,derived
2020-06-01,2020/21,Argentina,usda_global_production,USDA global production by country,global_production,51.6,million_tonnes,backfilled_from_2023_24_usda_snapshot,USDA WASDE March 2026 local text snapshot,D:\ncel2\ncel-commodity-pricing\backend\data\tmp_wasde0326.txt,partial
2020-06-01,2020/21,Brazil,usda_global_production,USDA global production by country,global_production,119.0,million_tonnes,backfilled_from_2023_24_usda_snapshot,USDA WASDE March 2026 local text snapshot,D:\ncel2\ncel-commodity-pricing\backend\data\tmp_wasde0326.txt,partial
2020-06-01,2020/21,Ukraine,usda_global_production,USDA global production by country,global_production,32.5,million_tonnes,backfilled_from_2023_24_usda_snapshot,USDA WASDE March 2026 local text snapshot,D:\ncel2\ncel-commodity-pricing\backend\data\tmp_wasde0326.txt,partial
2020-06-01,2020/21,United States,usda_global_production,USDA global production by country,global_production,389.67,million_tonnes,backfilled_from_2023_24_usda_snapshot,USDA WASDE March 2026 local text snapshot,D:\ncel2\ncel-commodity-pricing\backend\data\tmp_wasde0326.txt,partial
2020-06-01,2020/21,India,yield_per_hectare,Yield per hectare,yield,3199.0,kg_per_hectare,annual_hold_constant_monthly,Economic Survey Statistical Appendix,https://www.indiabudget.gov.in/economicsurvey/doc/Statistical-Appendix-in-English.pdf,annual_only
2020-07-01,2020/21,India,acreage_sown_area,Acreage (sown area),area,9.9,million_hectare,annual_hold_constant_monthly,Economic Survey Statistical Appendix,https://www.indiabudget.gov.in/economicsurvey/doc/Statistical-Appendix-in-English.pdf,annual_only
2020-07-01,2019/20,Global,brazil_safrinha_harvest_calendar,Brazil safrinha harvest calendar,calendar,100.0,index,recurring_monthly_harvest_calendar,Curated Brazil safrinha harvest calendar,https://www.fao.org/,curated
2020-07-01,2020/21,India,buffer_stock,Buffer stock,stock,2.395,million_tonnes,annual_opening_to_closing_stock_interpolation,Local supply-demand analytics store,D:\ncel2\ncel-commodity-pricing\backend\data\supply_demand_analytics.db,mixed
2020-07-01,2020/21,India,domestic_production,Domestic production,production,2.844,million_tonnes,annual_production_to_monthly_harvest_release_proxy,Economic Survey Statistical Appendix,https://www.indiabudget.gov.in/economicsurvey/doc/Statistical-Appendix-in-English.pdf,annual_only
2020-07-01,2019/20,Global,global_exporter_harvest_calendar,Global exporter harvest calendar,calendar,73.0,index,recurring_monthly_harvest_calendar,Curated global maize exporter harvest calendar,https://www.fao.org/,curated
2020-07-01,2020/21,India,imports,Imports,trade,0.0,million_tonnes,annual_imports_to_monthly_uniform_proxy,Local supply-demand analytics store,D:\ncel2\ncel-commodity-pricing\backend\data\supply_demand_analytics.db,mixed
2020-07-01,2019/20,Argentina,major_producer_crop_conditions,Major producer crop conditions,crop_condition,50.0,index,recurring_monthly_crop_condition_profile,Curated global maize crop-condition profile,https://www.usda.gov/,curated
2020-07-01,2019/20,Brazil,major_producer_crop_conditions,Major producer crop conditions,crop_condition,55.0,index,recurring_monthly_crop_condition_profile,Curated global maize crop-condition profile,https://www.usda.gov/,curated
2020-07-01,2019/20,Ukraine,major_producer_crop_conditions,Major producer crop conditions,crop_condition,76.0,index,recurring_monthly_crop_condition_profile,Curated global maize crop-condition profile,https://www.usda.gov/,curated
2020-07-01,2019/20,United States,major_producer_crop_conditions,Major producer crop conditions,crop_condition,78.0,index,recurring_monthly_crop_condition_profile,Curated global maize crop-condition profile,https://www.usda.gov/,curated
2020-07-01,2020/21,India,opening_stock,Opening stocks,stock,2.395,million_tonnes,annual_opening_to_closing_stock_interpolation,Local supply-demand analytics store,D:\ncel2\ncel-commodity-pricing\backend\data\supply_demand_analytics.db,mixed
2020-07-01,2020/21,India,total_availability,Total availability,derived,5.239,million_tonnes,opening_stock_plus_domestic_production_plus_imports,Derived inside Maize supply store,D:\ncel2\ncel-commodity-pricing\SnD\supply\maize\maize_supply_factors.db,derived
2020-07-01,2020/21,Argentina,usda_global_production,USDA global production by country,global_production,51.6,million_tonnes,backfilled_from_2023_24_usda_snapshot,USDA WASDE March 2026 local text snapshot,D:\ncel2\ncel-commodity-pricing\backend\data\tmp_wasde0326.txt,partial
2020-07-01,2020/21,Brazil,usda_global_production,USDA global production by country,global_production,119.0,million_tonnes,backfilled_from_2023_24_usda_snapshot,USDA WASDE March 2026 local text snapshot,D:\ncel2\ncel-commodity-pricing\backend\data\tmp_wasde0326.txt,partial
2020-07-01,2020/21,Ukraine,usda_global_production,USDA global production by country,global_production,32.5,million_tonnes,backfilled_from_2023_24_usda_snapshot,USDA WASDE March 2026 local text snapshot,D:\ncel2\ncel-commodity-pricing\backend\data\tmp_wasde0326.txt,partial
2020-07-01,2020/21,United States,usda_global_production,USDA global production by country,global_production,389.67,million_tonnes,backfilled_from_2023_24_usda_snapshot,USDA WASDE March 2026 local text snapshot,D:\ncel2\ncel-commodity-pricing\backend\data\tmp_wasde0326.txt,partial
2020-07-01,2020/21,India,yield_per_hectare,Yield per hectare,yield,3199.0,kg_per_hectare,annual_hold_constant_monthly,Economic Survey Statistical Appendix,https://www.indiabudget.gov.in/economicsurvey/doc/Statistical-Appendix-in-English.pdf,annual_only
2020-08-01,2020/21,India,acreage_sown_area,Acreage (sown area),area,9.9,million_hectare,annual_hold_constant_monthly,Economic Survey Statistical Appendix,https://www.indiabudget.gov.in/economicsurvey/doc/Statistical-Appendix-in-English.pdf,annual_only
2020-08-01,2019/20,Global,brazil_safrinha_harvest_calendar,Brazil safrinha harvest calendar,calendar,82.0,index,recurring_monthly_harvest_calendar,Curated Brazil safrinha harvest calendar,https://www.fao.org/,curated
2020-08-01,2020/21,India,buffer_stock,Buffer stock,stock,2.395,million_tonnes,annual_opening_to_closing_stock_interpolation,Local supply-demand analytics store,D:\ncel2\ncel-commodity-pricing\backend\data\supply_demand_analytics.db,mixed
2020-08-01,2020/21,India,domestic_production,Domestic production,production,2.844,million_tonnes,annual_production_to_monthly_harvest_release_proxy,Economic Survey Statistical Appendix,https://www.indiabudget.gov.in/economicsurvey/doc/Statistical-Appendix-in-English.pdf,annual_only
2020-08-01,2019/20,Global,global_exporter_harvest_calendar,Global exporter harvest calendar,calendar,88.0,index,recurring_monthly_harvest_calendar,Curated global maize exporter harvest calendar,https://www.fao.org/,curated
2020-08-01,2020/21,India,imports,Imports,trade,0.0,million_tonnes,annual_imports_to_monthly_uniform_proxy,Local supply-demand analytics store,D:\ncel2\ncel-commodity-pricing\backend\data\supply_demand_analytics.db,mixed
2020-08-01,2019/20,Argentina,major_producer_crop_conditions,Major producer crop conditions,crop_condition,51.0,index,recurring_monthly_crop_condition_profile,Curated global maize crop-condition profile,https://www.usda.gov/,curated
2020-08-01,2019/20,Brazil,major_producer_crop_conditions,Major producer crop conditions,crop_condition,57.0,index,recurring_monthly_crop_condition_profile,Curated global maize crop-condition profile,https://www.usda.gov/,curated
2020-08-01,2019/20,Ukraine,major_producer_crop_conditions,Major producer crop conditions,crop_condition,73.0,index,recurring_monthly_crop_condition_profile,Curated global maize crop-condition profile,https://www.usda.gov/,curated
2020-08-01,2019/20,United States,major_producer_crop_conditions,Major producer crop conditions,crop_condition,71.0,index,recurring_monthly_crop_condition_profile,Curated global maize crop-condition profile,https://www.usda.gov/,curated
2020-08-01,2020/21,India,opening_stock,Opening stocks,stock,2.395,million_tonnes,annual_opening_to_closing_stock_interpolation,Local supply-demand analytics store,D:\ncel2\ncel-commodity-pricing\backend\data\supply_demand_analytics.db,mixed
2020-08-01,2020/21,India,total_availability,Total availability,derived,5.239,million_tonnes,opening_stock_plus_domestic_production_plus_imports,Derived inside Maize supply store,D:\ncel2\ncel-commodity-pricing\SnD\supply\maize\maize_supply_factors.db,derived
2020-08-01,2020/21,Argentina,usda_global_production,USDA global production by country,global_production,51.6,million_tonnes,backfilled_from_2023_24_usda_snapshot,USDA WASDE March 2026 local text snapshot,D:\ncel2\ncel-commodity-pricing\backend\data\tmp_wasde0326.txt,partial
2020-08-01,2020/21,Brazil,usda_global_production,USDA global production by country,global_production,119.0,million_tonnes,backfilled_from_2023_24_usda_snapshot,USDA WASDE March 2026 local text snapshot,D:\ncel2\ncel-commodity-pricing\backend\data\tmp_wasde0326.txt,partial
2020-08-01,2020/21,Ukraine,usda_global_production,USDA global production by country,global_production,32.5,million_tonnes,backfilled_from_2023_24_usda_snapshot,USDA WASDE March 2026 local text snapshot,D:\ncel2\ncel-commodity-pricing\backend\data\tmp_wasde0326.txt,partial
2020-08-01,2020/21,United States,usda_global_production,USDA global production by country,global_production,389.67,million_tonnes,backfilled_from_2023_24_usda_snapshot,USDA WASDE March 2026 local text snapshot,D:\ncel2\ncel-commodity-pricing\backend\data\tmp_wasde0326.txt,partial
2020-08-01,2020/21,India,yield_per_hectare,Yield per hectare,yield,3199.0,kg_per_hectare,annual_hold_constant_monthly,Economic Survey Statistical Appendix,https://www.indiabudget.gov.in/economicsurvey/doc/Statistical-Appendix-in-English.pdf,annual_only
2020-09-01,2020/21,India,acreage_sown_area,Acreage (sown area),area,9.9,million_hectare,annual_hold_constant_monthly,Economic Survey Statistical Appendix,https://www.indiabudget.gov.in/economicsurvey/doc/Statistical-Appendix-in-English.pdf,annual_only
2020-09-01,2019/20,Global,brazil_safrinha_harvest_calendar,Brazil safrinha harvest calendar,calendar,44.0,index,recurring_monthly_harvest_calendar,Curated Brazil safrinha harvest calendar,https://www.fao.org/,curated
2020-09-01,2020/21,India,buffer_stock,Buffer stock,stock,2.395,million_tonnes,annual_opening_to_closing_stock_interpolation,Local supply-demand analytics store,D:\ncel2\ncel-commodity-pricing\backend\data\supply_demand_analytics.db,mixed
2020-09-01,2020/21,India,domestic_production,Domestic production,production,4.424,million_tonnes,annual_production_to_monthly_harvest_release_proxy,Economic Survey Statistical Appendix,https://www.indiabudget.gov.in/economicsurvey/doc/Statistical-Appendix-in-English.pdf,annual_only
2020-09-01,2019/20,Global,global_exporter_harvest_calendar,Global exporter harvest calendar,calendar,100.0,index,recurring_monthly_harvest_calendar,Curated global maize exporter harvest calendar,https://www.fao.org/,curated
2020-09-01,2020/21,India,imports,Imports,trade,0.0,million_tonnes,annual_imports_to_monthly_uniform_proxy,Local supply-demand analytics store,D:\ncel2\ncel-commodity-pricing\backend\data\supply_demand_analytics.db,mixed
2020-09-01,2019/20,Argentina,major_producer_crop_conditions,Major producer crop conditions,crop_condition,55.0,index,recurring_monthly_crop_condition_profile,Curated global maize crop-condition profile,https://www.usda.gov/,curated
2020-09-01,2019/20,Brazil,major_producer_crop_conditions,Major producer crop conditions,crop_condition,60.0,index,recurring_monthly_crop_condition_profile,Curated global maize crop-condition profile,https://www.usda.gov/,curated
2020-09-01,2019/20,Ukraine,major_producer_crop_conditions,Major producer crop conditions,crop_condition,64.0,index,recurring_monthly_crop_condition_profile,Curated global maize crop-condition profile,https://www.usda.gov/,curated
2020-09-01,2019/20,United States,major_producer_crop_conditions,Major producer crop conditions,crop_condition,60.0,index,recurring_monthly_crop_condition_profile,Curated global maize crop-condition profile,https://www.usda.gov/,curated
2020-09-01,2020/21,India,opening_stock,Opening stocks,stock,2.395,million_tonnes,annual_opening_to_closing_stock_interpolation,Local supply-demand analytics store,D:\ncel2\ncel-commodity-pricing\backend\data\supply_demand_analytics.db,mixed
2020-09-01,2020/21,India,total_availability,Total availability,derived,6.819,million_tonnes,opening_stock_plus_domestic_production_plus_imports,Derived inside Maize supply store,D:\ncel2\ncel-commodity-pricing\SnD\supply\maize\maize_supply_factors.db,derived
2020-09-01,2020/21,Argentina,usda_global_production,USDA global production by country,global_production,51.6,million_tonnes,backfilled_from_2023_24_usda_snapshot,USDA WASDE March 2026 local text snapshot,D:\ncel2\ncel-commodity-pricing\backend\data\tmp_wasde0326.txt,partial
2020-09-01,2020/21,Brazil,usda_global_production,USDA global production by country,global_production,119.0,million_tonnes,backfilled_from_2023_24_usda_snapshot,USDA WASDE March 2026 local text snapshot,D:\ncel2\ncel-commodity-pricing\backend\data\tmp_wasde0326.txt,partial
2020-09-01,2020/21,Ukraine,usda_global_production,USDA global production by country,global_production,32.5,million_tonnes,backfilled_from_2023_24_usda_snapshot,USDA WASDE March 2026 local text snapshot,D:\ncel2\ncel-commodity-pricing\backend\data\tmp_wasde0326.txt,partial
2020-09-01,2020/21,United States,usda_global_production,USDA global production by country,global_production,389.67,million_tonnes,backfilled_from_2023_24_usda_snapshot,USDA WASDE March 2026 local text snapshot,D:\ncel2\ncel-commodity-pricing\backend\data\tmp_wasde0326.txt,partial
2020-09-01,2020/21,India,yield_per_hectare,Yield per hectare,yield,3199.0,kg_per_hectare,annual_hold_constant_monthly,Economic Survey Statistical Appendix,https://www.indiabudget.gov.in/economicsurvey/doc/Statistical-Appendix-in-English.pdf,annual_only
2020-10-01,2020/21,India,acreage_sown_area,Acreage (sown area),area,9.9,million_hectare,annual_hold_constant_monthly,Economic Survey Statistical Appendix,https://www.indiabudget.gov.in/economicsurvey/doc/Statistical-Appendix-in-English.pdf,annual_only
2020-10-01,2020/21,Global,brazil_safrinha_harvest_calendar,Brazil safrinha harvest calendar,calendar,18.0,index,recurring_monthly_harvest_calendar,Curated Brazil safrinha harvest calendar,https://www.fao.org/,curated
2020-10-01,2020/21,India,buffer_stock,Buffer stock,stock,2.395,million_tonnes,annual_opening_to_closing_stock_interpolation,Local supply-demand analytics store,D:\ncel2\ncel-commodity-pricing\backend\data\supply_demand_analytics.db,mixed
2020-10-01,2020/21,India,domestic_production,Domestic production,production,5.688,million_tonnes,annual_production_to_monthly_harvest_release_proxy,Economic Survey Statistical Appendix,https://www.indiabudget.gov.in/economicsurvey/doc/Statistical-Appendix-in-English.pdf,annual_only
2020-10-01,2020/21,Global,global_exporter_harvest_calendar,Global exporter harvest calendar,calendar,94.0,index,recurring_monthly_harvest_calendar,Curated global maize exporter harvest calendar,https://www.fao.org/,curated
2020-10-01,2020/21,India,imports,Imports,trade,0.0,million_tonnes,annual_imports_to_monthly_uniform_proxy,Local supply-demand analytics store,D:\ncel2\ncel-commodity-pricing\backend\data\supply_demand_analytics.db,mixed
2020-10-01,2020/21,Argentina,major_producer_crop_conditions,Major producer crop conditions,crop_condition,61.0,index,recurring_monthly_crop_condition_profile,Curated global maize crop-condition profile,https://www.usda.gov/,curated
2020-10-01,2020/21,Brazil,major_producer_crop_conditions,Major producer crop conditions,crop_condition,65.0,index,recurring_monthly_crop_condition_profile,Curated global maize crop-condition profile,https://www.usda.gov/,curated
2020-10-01,2020/21,Ukraine,major_producer_crop_conditions,Major producer crop conditions,crop_condition,53.0,index,recurring_monthly_crop_condition_profile,Curated global maize crop-condition profile,https://www.usda.gov/,curated
2020-10-01,2020/21,United States,major_producer_crop_conditions,Major producer crop conditions,crop_condition,48.0,index,recurring_monthly_crop_condition_profile,Curated global maize crop-condition profile,https://www.usda.gov/,curated
2020-10-01,2020/21,India,opening_stock,Opening stocks,stock,2.395,million_tonnes,annual_opening_to_closing_stock_interpolation,Local supply-demand analytics store,D:\ncel2\ncel-commodity-pricing\backend\data\supply_demand_analytics.db,mixed
2020-10-01,2020/21,India,total_availability,Total availability,derived,8.083,million_tonnes,opening_stock_plus_domestic_production_plus_imports,Derived inside Maize supply store,D:\ncel2\ncel-commodity-pricing\SnD\supply\maize\maize_supply_factors.db,derived
2020-10-01,2020/21,Argentina,usda_global_production,USDA global production by country,global_production,51.6,million_tonnes,backfilled_from_2023_24_usda_snapshot,USDA WASDE March 2026 local text snapshot,D:\ncel2\ncel-commodity-pricing\backend\data\tmp_wasde0326.txt,partial
2020-10-01,2020/21,Brazil,usda_global_production,USDA global production by country,global_production,119.0,million_tonnes,backfilled_from_2023_24_usda_snapshot,USDA WASDE March 2026 local text snapshot,D:\ncel2\ncel-commodity-pricing\backend\data\tmp_wasde0326.txt,partial
2020-10-01,2020/21,Ukraine,usda_global_production,USDA global production by country,global_production,32.5,million_tonnes,backfilled_from_2023_24_usda_snapshot,USDA WASDE March 2026 local text snapshot,D:\ncel2\ncel-commodity-pricing\backend\data\tmp_wasde0326.txt,partial
2020-10-01,2020/21,United States,usda_global_production,USDA global production by country,global_production,389.67,million_tonnes,backfilled_from_2023_24_usda_snapshot,USDA WASDE March 2026 local text snapshot,D:\ncel2\ncel-commodity-pricing\backend\data\tmp_wasde0326.txt,partial
2020-10-01,2020/21,India,yield_per_hectare,Yield per hectare,yield,3199.0,kg_per_hectare,annual_hold_constant_monthly,Economic Survey Statistical Appendix,https://www.indiabudget.gov.in/economicsurvey/doc/Statistical-Appendix-in-English.pdf,annual_only
2020-11-01,2020/21,India,acreage_sown_area,Acreage (sown area),area,9.9,million_hectare,annual_hold_constant_monthly,Economic Survey Statistical Appendix,https://www.indiabudget.gov.in/economicsurvey/doc/Statistical-Appendix-in-English.pdf,annual_only
2020-11-01,2020/21,Global,brazil_safrinha_harvest_calendar,Brazil safrinha harvest calendar,calendar,8.0,index,recurring_monthly_harvest_calendar,Curated Brazil safrinha harvest calendar,https://www.fao.org/,curated
2020-11-01,2020/21,India,buffer_stock,Buffer stock,stock,2.395,million_tonnes,annual_opening_to_closing_stock_interpolation,Local supply-demand analytics store,D:\ncel2\ncel-commodity-pricing\backend\data\supply_demand_analytics.db,mixed
2020-11-01,2020/21,India,domestic_production,Domestic production,production,5.056,million_tonnes,annual_production_to_monthly_harvest_release_proxy,Economic Survey Statistical Appendix,https://www.indiabudget.gov.in/economicsurvey/doc/Statistical-Appendix-in-English.pdf,annual_only
2020-11-01,2020/21,Global,global_exporter_harvest_calendar,Global exporter harvest calendar,calendar,76.0,index,recurring_monthly_harvest_calendar,Curated global maize exporter harvest calendar,https://www.fao.org/,curated
2020-11-01,2020/21,India,imports,Imports,trade,0.0,million_tonnes,annual_imports_to_monthly_uniform_proxy,Local supply-demand analytics store,D:\ncel2\ncel-commodity-pricing\backend\data\supply_demand_analytics.db,mixed
2020-11-01,2020/21,Argentina,major_producer_crop_conditions,Major producer crop conditions,crop_condition,66.0,index,recurring_monthly_crop_condition_profile,Curated global maize crop-condition profile,https://www.usda.gov/,curated
2020-11-01,2020/21,Brazil,major_producer_crop_conditions,Major producer crop conditions,crop_condition,69.0,index,recurring_monthly_crop_condition_profile,Curated global maize crop-condition profile,https://www.usda.gov/,curated
2020-11-01,2020/21,Ukraine,major_producer_crop_conditions,Major producer crop conditions,crop_condition,45.0,index,recurring_monthly_crop_condition_profile,Curated global maize crop-condition profile,https://www.usda.gov/,curated
2020-11-01,2020/21,United States,major_producer_crop_conditions,Major producer crop conditions,crop_condition,40.0,index,recurring_monthly_crop_condition_profile,Curated global maize crop-condition profile,https://www.usda.gov/,curated
2020-11-01,2020/21,India,opening_stock,Opening stocks,stock,2.395,million_tonnes,annual_opening_to_closing_stock_interpolation,Local supply-demand analytics store,D:\ncel2\ncel-commodity-pricing\backend\data\supply_demand_analytics.db,mixed
2020-11-01,2020/21,India,total_availability,Total availability,derived,7.451,million_tonnes,opening_stock_plus_domestic_production_plus_imports,Derived inside Maize supply store,D:\ncel2\ncel-commodity-pricing\SnD\supply\maize\maize_supply_factors.db,derived
2020-11-01,2020/21,Argentina,usda_global_production,USDA global production by country,global_production,51.6,million_tonnes,backfilled_from_2023_24_usda_snapshot,USDA WASDE March 2026 local text snapshot,D:\ncel2\ncel-commodity-pricing\backend\data\tmp_wasde0326.txt,partial
2020-11-01,2020/21,Brazil,usda_global_production,USDA global production by country,global_production,119.0,million_tonnes,backfilled_from_2023_24_usda_snapshot,USDA WASDE March 2026 local text snapshot,D:\ncel2\ncel-commodity-pricing\backend\data\tmp_wasde0326.txt,partial
2020-11-01,2020/21,Ukraine,usda_global_production,USDA global production by country,global_production,32.5,million_tonnes,backfilled_from_2023_24_usda_snapshot,USDA WASDE March 2026 local text snapshot,D:\ncel2\ncel-commodity-pricing\backend\data\tmp_wasde0326.txt,partial
2020-11-01,2020/21,United States,usda_global_production,USDA global production by country,global_production,389.67,million_tonnes,backfilled_from_2023_24_usda_snapshot,USDA WASDE March 2026 local text snapshot,D:\ncel2\ncel-commodity-pricing\backend\data\tmp_wasde0326.txt,partial
2020-11-01,2020/21,India,yield_per_hectare,Yield per hectare,yield,3199.0,kg_per_hectare,annual_hold_constant_monthly,Economic Survey Statistical Appendix,https://www.indiabudget.gov.in/economicsurvey/doc/Statistical-Appendix-in-English.pdf,annual_only
2020-12-01,2020/21,India,acreage_sown_area,Acreage (sown area),area,9.9,million_hectare,annual_hold_constant_monthly,Economic Survey Statistical Appendix,https://www.indiabudget.gov.in/economicsurvey/doc/Statistical-Appendix-in-English.pdf,annual_only
2020-12-01,2020/21,Global,brazil_safrinha_harvest_calendar,Brazil safrinha harvest calendar,calendar,5.0,index,recurring_monthly_harvest_calendar,Curated Brazil safrinha harvest calendar,https://www.fao.org/,curated
2020-12-01,2020/21,India,buffer_stock,Buffer stock,stock,2.395,million_tonnes,annual_opening_to_closing_stock_interpolation,Local supply-demand analytics store,D:\ncel2\ncel-commodity-pricing\backend\data\supply_demand_analytics.db,mixed
2020-12-01,2020/21,India,domestic_production,Domestic production,production,2.844,million_tonnes,annual_production_to_monthly_harvest_release_proxy,Economic Survey Statistical Appendix,https://www.indiabudget.gov.in/economicsurvey/doc/Statistical-Appendix-in-English.pdf,annual_only
2020-12-01,2020/21,Global,global_exporter_harvest_calendar,Global exporter harvest calendar,calendar,58.0,index,recurring_monthly_harvest_calendar,Curated global maize exporter harvest calendar,https://www.fao.org/,curated
2020-12-01,2020/21,India,imports,Imports,trade,0.0,million_tonnes,annual_imports_to_monthly_uniform_proxy,Local supply-demand analytics store,D:\ncel2\ncel-commodity-pricing\backend\data\supply_demand_analytics.db,mixed
2020-12-01,2020/21,Argentina,major_producer_crop_conditions,Major producer crop conditions,crop_condition,68.0,index,recurring_monthly_crop_condition_profile,Curated global maize crop-condition profile,https://www.usda.gov/,curated
2020-12-01,2020/21,Brazil,major_producer_crop_conditions,Major producer crop conditions,crop_condition,71.0,index,recurring_monthly_crop_condition_profile,Curated global maize crop-condition profile,https://www.usda.gov/,curated
2020-12-01,2020/21,Ukraine,major_producer_crop_conditions,Major producer crop conditions,crop_condition,42.0,index,recurring_monthly_crop_condition_profile,Curated global maize crop-condition profile,https://www.usda.gov/,curated
2020-12-01,2020/21,United States,major_producer_crop_conditions,Major producer crop conditions,crop_condition,36.0,index,recurring_monthly_crop_condition_profile,Curated global maize crop-condition profile,https://www.usda.gov/,curated
2020-12-01,2020/21,India,opening_stock,Opening stocks,stock,2.395,million_tonnes,annual_opening_to_closing_stock_interpolation,Local supply-demand analytics store,D:\ncel2\ncel-commodity-pricing\backend\data\supply_demand_analytics.db,mixed
2020-12-01,2020/21,India,total_availability,Total availability,derived,5.239,million_tonnes,opening_stock_plus_domestic_production_plus_imports,Derived inside Maize supply store,D:\ncel2\ncel-commodity-pricing\SnD\supply\maize\maize_supply_factors.db,derived
2020-12-01,2020/21,Argentina,usda_global_production,USDA global production by country,global_production,51.6,million_tonnes,backfilled_from_2023_24_usda_snapshot,USDA WASDE March 2026 local text snapshot,D:\ncel2\ncel-commodity-pricing\backend\data\tmp_wasde0326.txt,partial
2020-12-01,2020/21,Brazil,usda_global_production,USDA global production by country,global_production,119.0,million_tonnes,backfilled_from_2023_24_usda_snapshot,USDA WASDE March 2026 local text snapshot,D:\ncel2\ncel-commodity-pricing\backend\data\tmp_wasde0326.txt,partial
2020-12-01,2020/21,Ukraine,usda_global_production,USDA global production by country,global_production,32.5,million_tonnes,backfilled_from_2023_24_usda_snapshot,USDA WASDE March 2026 local text snapshot,D:\ncel2\ncel-commodity-pricing\backend\data\tmp_wasde0326.txt,partial
2020-12-01,2020/21,United States,usda_global_production,USDA global production by country,global_production,389.67,million_tonnes,backfilled_from_2023_24_usda_snapshot,USDA WASDE March 2026 local text snapshot,D:\ncel2\ncel-commodity-pricing\backend\data\tmp_wasde0326.txt,partial
2020-12-01,2020/21,India,yield_per_hectare,Yield per hectare,yield,3199.0,kg_per_hectare,annual_hold_constant_monthly,Economic Survey Statistical Appendix,https://www.indiabudget.gov.in/economicsurvey/doc/Statistical-Appendix-in-English.pdf,annual_only
2021-01-01,2020/21,India,acreage_sown_area,Acreage (sown area),area,9.9,million_hectare,annual_hold_constant_monthly,Economic Survey Statistical Appendix,https://www.indiabudget.gov.in/economicsurvey/doc/Statistical-Appendix-in-English.pdf,annual_only
2021-01-01,2020/21,Global,brazil_safrinha_harvest_calendar,Brazil safrinha harvest calendar,calendar,12.0,index,recurring_monthly_harvest_calendar,Curated Brazil safrinha harvest calendar,https://www.fao.org/,curated
2021-01-01,2020/21,India,buffer_stock,Buffer stock,stock,2.395,million_tonnes,annual_opening_to_closing_stock_interpolation,Local supply-demand analytics store,D:\ncel2\ncel-commodity-pricing\backend\data\supply_demand_analytics.db,mixed
2021-01-01,2020/21,India,domestic_production,Domestic production,production,1.58,million_tonnes,annual_production_to_monthly_harvest_release_proxy,Economic Survey Statistical Appendix,https://www.indiabudget.gov.in/economicsurvey/doc/Statistical-Appendix-in-English.pdf,annual_only
2021-01-01,2020/21,Global,global_exporter_harvest_calendar,Global exporter harvest calendar,calendar,34.0,index,recurring_monthly_harvest_calendar,Curated global maize exporter harvest calendar,https://www.fao.org/,curated
2021-01-01,2020/21,India,imports,Imports,trade,0.0,million_tonnes,annual_imports_to_monthly_uniform_proxy,Local supply-demand analytics store,D:\ncel2\ncel-commodity-pricing\backend\data\supply_demand_analytics.db,mixed
2021-01-01,2020/21,Argentina,major_producer_crop_conditions,Major producer crop conditions,crop_condition,69.0,index,recurring_monthly_crop_condition_profile,Curated global maize crop-condition profile,https://www.usda.gov/,curated
2021-01-01,2020/21,Brazil,major_producer_crop_conditions,Major producer crop conditions,crop_condition,72.0,index,recurring_monthly_crop_condition_profile,Curated global maize crop-condition profile,https://www.usda.gov/,curated
2021-01-01,2020/21,Ukraine,major_producer_crop_conditions,Major producer crop conditions,crop_condition,41.0,index,recurring_monthly_crop_condition_profile,Curated global maize crop-condition profile,https://www.usda.gov/,curated
2021-01-01,2020/21,United States,major_producer_crop_conditions,Major producer crop conditions,crop_condition,38.0,index,recurring_monthly_crop_condition_profile,Curated global maize crop-condition profile,https://www.usda.gov/,curated
2021-01-01,2020/21,India,opening_stock,Opening stocks,stock,2.395,million_tonnes,annual_opening_to_closing_stock_interpolation,Local supply-demand analytics store,D:\ncel2\ncel-commodity-pricing\backend\data\supply_demand_analytics.db,mixed
2021-01-01,2020/21,India,total_availability,Total availability,derived,3.975,million_tonnes,opening_stock_plus_domestic_production_plus_imports,Derived inside Maize supply store,D:\ncel2\ncel-commodity-pricing\SnD\supply\maize\maize_supply_factors.db,derived
2021-01-01,2020/21,Argentina,usda_global_production,USDA global production by country,global_production,51.6,million_tonnes,backfilled_from_2023_24_usda_snapshot,USDA WASDE March 2026 local text snapshot,D:\ncel2\ncel-commodity-pricing\backend\data\tmp_wasde0326.txt,partial
2021-01-01,2020/21,Brazil,usda_global_production,USDA global production by country,global_production,119.0,million_tonnes,backfilled_from_2023_24_usda_snapshot,USDA WASDE March 2026 local text snapshot,D:\ncel2\ncel-commodity-pricing\backend\data\tmp_wasde0326.txt,partial
2021-01-01,2020/21,Ukraine,usda_global_production,USDA global production by country,global_production,32.5,million_tonnes,backfilled_from_2023_24_usda_snapshot,USDA WASDE March 2026 local text snapshot,D:\ncel2\ncel-commodity-pricing\backend\data\tmp_wasde0326.txt,partial
2021-01-01,2020/21,United States,usda_global_production,USDA global production by country,global_production,389.67,million_tonnes,backfilled_from_2023_24_usda_snapshot,USDA WASDE March 2026 local text snapshot,D:\ncel2\ncel-commodity-pricing\backend\data\tmp_wasde0326.txt,partial
2021-01-01,2020/21,India,yield_per_hectare,Yield per hectare,yield,3199.0,kg_per_hectare,annual_hold_constant_monthly,Economic Survey Statistical Appendix,https://www.indiabudget.gov.in/economicsurvey/doc/Statistical-Appendix-in-English.pdf,annual_only
2021-02-01,2020/21,India,acreage_sown_area,Acreage (sown area),area,9.9,million_hectare,annual_hold_constant_monthly,Economic Survey Statistical Appendix,https://www.indiabudget.gov.in/economicsurvey/doc/Statistical-Appendix-in-English.pdf,annual_only
2021-02-01,2020/21,Global,brazil_safrinha_harvest_calendar,Brazil safrinha harvest calendar,calendar,18.0,index,recurring_monthly_harvest_calendar,Curated Brazil safrinha harvest calendar,https://www.fao.org/,curated
2021-02-01,2020/21,India,buffer_stock,Buffer stock,stock,2.395,million_tonnes,annual_opening_to_closing_stock_interpolation,Local supply-demand analytics store,D:\ncel2\ncel-commodity-pricing\backend\data\supply_demand_analytics.db,mixed
2021-02-01,2020/21,India,domestic_production,Domestic production,production,0.948,million_tonnes,annual_production_to_monthly_harvest_release_proxy,Economic Survey Statistical Appendix,https://www.indiabudget.gov.in/economicsurvey/doc/Statistical-Appendix-in-English.pdf,annual_only
2021-02-01,2020/21,Global,global_exporter_harvest_calendar,Global exporter harvest calendar,calendar,28.0,index,recurring_monthly_harvest_calendar,Curated global maize exporter harvest calendar,https://www.fao.org/,curated
2021-02-01,2020/21,India,imports,Imports,trade,0.0,million_tonnes,annual_imports_to_monthly_uniform_proxy,Local supply-demand analytics store,D:\ncel2\ncel-commodity-pricing\backend\data\supply_demand_analytics.db,mixed
2021-02-01,2020/21,Argentina,major_producer_crop_conditions,Major producer crop conditions,crop_condition,67.0,index,recurring_monthly_crop_condition_profile,Curated global maize crop-condition profile,https://www.usda.gov/,curated
2021-02-01,2020/21,Brazil,major_producer_crop_conditions,Major producer crop conditions,crop_condition,70.0,index,recurring_monthly_crop_condition_profile,Curated global maize crop-condition profile,https://www.usda.gov/,curated
2021-02-01,2020/21,Ukraine,major_producer_crop_conditions,Major producer crop conditions,crop_condition,39.0,index,recurring_monthly_crop_condition_profile,Curated global maize crop-condition profile,https://www.usda.gov/,curated
2021-02-01,2020/21,United States,major_producer_crop_conditions,Major producer crop conditions,crop_condition,35.0,index,recurring_monthly_crop_condition_profile,Curated global maize crop-condition profile,https://www.usda.gov/,curated
2021-02-01,2020/21,India,opening_stock,Opening stocks,stock,2.395,million_tonnes,annual_opening_to_closing_stock_interpolation,Local supply-demand analytics store,D:\ncel2\ncel-commodity-pricing\backend\data\supply_demand_analytics.db,mixed
2021-02-01,2020/21,India,total_availability,Total availability,derived,3.343,million_tonnes,opening_stock_plus_domestic_production_plus_imports,Derived inside Maize supply store,D:\ncel2\ncel-commodity-pricing\SnD\supply\maize\maize_supply_factors.db,derived
2021-02-01,2020/21,Argentina,usda_global_production,USDA global production by country,global_production,51.6,million_tonnes,backfilled_from_2023_24_usda_snapshot,USDA WASDE March 2026 local text snapshot,D:\ncel2\ncel-commodity-pricing\backend\data\tmp_wasde0326.txt,partial
2021-02-01,2020/21,Brazil,usda_global_production,USDA global production by country,global_production,119.0,million_tonnes,backfilled_from_2023_24_usda_snapshot,USDA WASDE March 2026 local text snapshot,D:\ncel2\ncel-commodity-pricing\backend\data\tmp_wasde0326.txt,partial
2021-02-01,2020/21,Ukraine,usda_global_production,USDA global production by country,global_production,32.5,million_tonnes,backfilled_from_2023_24_usda_snapshot,USDA WASDE March 2026 local text snapshot,D:\ncel2\ncel-commodity-pricing\backend\data\tmp_wasde0326.txt,partial
2021-02-01,2020/21,United States,usda_global_production,USDA global production by country,global_production,389.67,million_tonnes,backfilled_from_2023_24_usda_snapshot,USDA WASDE March 2026 local text snapshot,D:\ncel2\ncel-commodity-pricing\backend\data\tmp_wasde0326.txt,partial
2021-02-01,2020/21,India,yield_per_hectare,Yield per hectare,yield,3199.0,kg_per_hectare,annual_hold_constant_monthly,Economic Survey Statistical Appendix,https://www.indiabudget.gov.in/economicsurvey/doc/Statistical-Appendix-in-English.pdf,annual_only
2021-03-01,2020/21,India,acreage_sown_area,Acreage (sown area),area,9.9,million_hectare,annual_hold_constant_monthly,Economic Survey Statistical Appendix,https://www.indiabudget.gov.in/economicsurvey/doc/Statistical-Appendix-in-English.pdf,annual_only
2021-03-01,2020/21,Global,brazil_safrinha_harvest_calendar,Brazil safrinha harvest calendar,calendar,26.0,index,recurring_monthly_harvest_calendar,Curated Brazil safrinha harvest calendar,https://www.fao.org/,curated
2021-03-01,2020/21,India,buffer_stock,Buffer stock,stock,2.395,million_tonnes,annual_opening_to_closing_stock_interpolation,Local supply-demand analytics store,D:\ncel2\ncel-commodity-pricing\backend\data\supply_demand_analytics.db,mixed
2021-03-01,2020/21,India,domestic_production,Domestic production,production,0.316,million_tonnes,annual_production_to_monthly_harvest_release_proxy,Economic Survey Statistical Appendix,https://www.indiabudget.gov.in/economicsurvey/doc/Statistical-Appendix-in-English.pdf,annual_only
2021-03-01,2020/21,Global,global_exporter_harvest_calendar,Global exporter harvest calendar,calendar,22.0,index,recurring_monthly_harvest_calendar,Curated global maize exporter harvest calendar,https://www.fao.org/,curated
2021-03-01,2020/21,India,imports,Imports,trade,0.0,million_tonnes,annual_imports_to_monthly_uniform_proxy,Local supply-demand analytics store,D:\ncel2\ncel-commodity-pricing\backend\data\supply_demand_analytics.db,mixed
2021-03-01,2020/21,Argentina,major_producer_crop_conditions,Major producer crop conditions,crop_condition,63.0,index,recurring_monthly_crop_condition_profile,Curated global maize crop-condition profile,https://www.usda.gov/,curated
2021-03-01,2020/21,Brazil,major_producer_crop_conditions,Major producer crop conditions,crop_condition,66.0,index,recurring_monthly_crop_condition_profile,Curated global maize crop-condition profile,https://www.usda.gov/,curated
2021-03-01,2020/21,Ukraine,major_producer_crop_conditions,Major producer crop conditions,crop_condition,43.0,index,recurring_monthly_crop_condition_profile,Curated global maize crop-condition profile,https://www.usda.gov/,curated
2021-03-01,2020/21,United States,major_producer_crop_conditions,Major producer crop conditions,crop_condition,40.0,index,recurring_monthly_crop_condition_profile,Curated global maize crop-condition profile,https://www.usda.gov/,curated
2021-03-01,2020/21,India,opening_stock,Opening stocks,stock,2.395,million_tonnes,annual_opening_to_closing_stock_interpolation,Local supply-demand analytics store,D:\ncel2\ncel-commodity-pricing\backend\data\supply_demand_analytics.db,mixed
2021-03-01,2020/21,India,total_availability,Total availability,derived,2.711,million_tonnes,opening_stock_plus_domestic_production_plus_imports,Derived inside Maize supply store,D:\ncel2\ncel-commodity-pricing\SnD\supply\maize\maize_supply_factors.db,derived
2021-03-01,2020/21,Argentina,usda_global_production,USDA global production by country,global_production,51.6,million_tonnes,backfilled_from_2023_24_usda_snapshot,USDA WASDE March 2026 local text snapshot,D:\ncel2\ncel-commodity-pricing\backend\data\tmp_wasde0326.txt,partial
2021-03-01,2020/21,Brazil,usda_global_production,USDA global production by country,global_production,119.0,million_tonnes,backfilled_from_2023_24_usda_snapshot,USDA WASDE March 2026 local text snapshot,D:\ncel2\ncel-commodity-pricing\backend\data\tmp_wasde0326.txt,partial
2021-03-01,2020/21,Ukraine,usda_global_production,USDA global production by country,global_production,32.5,million_tonnes,backfilled_from_2023_24_usda_snapshot,USDA WASDE March 2026 local text snapshot,D:\ncel2\ncel-commodity-pricing\backend\data\tmp_wasde0326.txt,partial
2021-03-01,2020/21,United States,usda_global_production,USDA global production by country,global_production,389.67,million_tonnes,backfilled_from_2023_24_usda_snapshot,USDA WASDE March 2026 local text snapshot,D:\ncel2\ncel-commodity-pricing\backend\data\tmp_wasde0326.txt,partial
2021-03-01,2020/21,India,yield_per_hectare,Yield per hectare,yield,3199.0,kg_per_hectare,annual_hold_constant_monthly,Economic Survey Statistical Appendix,https://www.indiabudget.gov.in/economicsurvey/doc/Statistical-Appendix-in-English.pdf,annual_only
2021-04-01,2021/22,India,acreage_sown_area,Acreage (sown area),area,10.0,million_hectare,annual_hold_constant_monthly,Economic Survey Statistical Appendix,https://www.indiabudget.gov.in/economicsurvey/doc/Statistical-Appendix-in-English.pdf,annual_only
2021-04-01,2020/21,Global,brazil_safrinha_harvest_calendar,Brazil safrinha harvest calendar,calendar,42.0,index,recurring_monthly_harvest_calendar,Curated Brazil safrinha harvest calendar,https://www.fao.org/,curated
2021-04-01,2021/22,India,buffer_stock,Buffer stock,stock,2.395,million_tonnes,annual_opening_to_closing_stock_interpolation,Local supply-demand analytics store,D:\ncel2\ncel-commodity-pricing\backend\data\supply_demand_analytics.db,mixed
2021-04-01,2021/22,India,domestic_production,Domestic production,production,1.011,million_tonnes,annual_production_to_monthly_harvest_release_proxy,Economic Survey Statistical Appendix,https://www.indiabudget.gov.in/economicsurvey/doc/Statistical-Appendix-in-English.pdf,annual_only
2021-04-01,2020/21,Global,global_exporter_harvest_calendar,Global exporter harvest calendar,calendar,24.0,index,recurring_monthly_harvest_calendar,Curated global maize exporter harvest calendar,https://www.fao.org/,curated
2021-04-01,2021/22,India,imports,Imports,trade,0.0,million_tonnes,annual_imports_to_monthly_uniform_proxy,Local supply-demand analytics store,D:\ncel2\ncel-commodity-pricing\backend\data\supply_demand_analytics.db,mixed
2021-04-01,2020/21,Argentina,major_producer_crop_conditions,Major producer crop conditions,crop_condition,58.0,index,recurring_monthly_crop_condition_profile,Curated global maize crop-condition profile,https://www.usda.gov/,curated
2021-04-01,2020/21,Brazil,major_producer_crop_conditions,Major producer crop conditions,crop_condition,62.0,index,recurring_monthly_crop_condition_profile,Curated global maize crop-condition profile,https://www.usda.gov/,curated
2021-04-01,2020/21,Ukraine,major_producer_crop_conditions,Major producer crop conditions,crop_condition,50.0,index,recurring_monthly_crop_condition_profile,Curated global maize crop-condition profile,https://www.usda.gov/,curated
2021-04-01,2020/21,United States,major_producer_crop_conditions,Major producer crop conditions,crop_condition,52.0,index,recurring_monthly_crop_condition_profile,Curated global maize crop-condition profile,https://www.usda.gov/,curated
2021-04-01,2021/22,India,opening_stock,Opening stocks,stock,2.395,million_tonnes,annual_opening_to_closing_stock_interpolation,Local supply-demand analytics store,D:\ncel2\ncel-commodity-pricing\backend\data\supply_demand_analytics.db,mixed
2021-04-01,2021/22,India,total_availability,Total availability,derived,3.406,million_tonnes,opening_stock_plus_domestic_production_plus_imports,Derived inside Maize supply store,D:\ncel2\ncel-commodity-pricing\SnD\supply\maize\maize_supply_factors.db,derived
2021-04-01,2021/22,Argentina,usda_global_production,USDA global production by country,global_production,51.6,million_tonnes,backfilled_from_2023_24_usda_snapshot,USDA WASDE March 2026 local text snapshot,D:\ncel2\ncel-commodity-pricing\backend\data\tmp_wasde0326.txt,partial
2021-04-01,2021/22,Brazil,usda_global_production,USDA global production by country,global_production,119.0,million_tonnes,backfilled_from_2023_24_usda_snapshot,USDA WASDE March 2026 local text snapshot,D:\ncel2\ncel-commodity-pricing\backend\data\tmp_wasde0326.txt,partial
2021-04-01,2021/22,Ukraine,usda_global_production,USDA global production by country,global_production,32.5,million_tonnes,backfilled_from_2023_24_usda_snapshot,USDA WASDE March 2026 local text snapshot,D:\ncel2\ncel-commodity-pricing\backend\data\tmp_wasde0326.txt,partial
2021-04-01,2021/22,United States,usda_global_production,USDA global production by country,global_production,389.67,million_tonnes,backfilled_from_2023_24_usda_snapshot,USDA WASDE March 2026 local text snapshot,D:\ncel2\ncel-commodity-pricing\backend\data\tmp_wasde0326.txt,partial
2021-04-01,2021/22,India,yield_per_hectare,Yield per hectare,yield,3387.0,kg_per_hectare,annual_hold_constant_monthly,Economic Survey Statistical Appendix,https://www.indiabudget.gov.in/economicsurvey/doc/Statistical-Appendix-in-English.pdf,annual_only
2021-05-01,2021/22,India,acreage_sown_area,Acreage (sown area),area,10.0,million_hectare,annual_hold_constant_monthly,Economic Survey Statistical Appendix,https://www.indiabudget.gov.in/economicsurvey/doc/Statistical-Appendix-in-English.pdf,annual_only
2021-05-01,2020/21,Global,brazil_safrinha_harvest_calendar,Brazil safrinha harvest calendar,calendar,68.0,index,recurring_monthly_harvest_calendar,Curated Brazil safrinha harvest calendar,https://www.fao.org/,curated
2021-05-01,2021/22,India,buffer_stock,Buffer stock,stock,2.395,million_tonnes,annual_opening_to_closing_stock_interpolation,Local supply-demand analytics store,D:\ncel2\ncel-commodity-pricing\backend\data\supply_demand_analytics.db,mixed
2021-05-01,2021/22,India,domestic_production,Domestic production,production,1.685,million_tonnes,annual_production_to_monthly_harvest_release_proxy,Economic Survey Statistical Appendix,https://www.indiabudget.gov.in/economicsurvey/doc/Statistical-Appendix-in-English.pdf,annual_only
2021-05-01,2020/21,Global,global_exporter_harvest_calendar,Global exporter harvest calendar,calendar,39.0,index,recurring_monthly_harvest_calendar,Curated global maize exporter harvest calendar,https://www.fao.org/,curated
2021-05-01,2021/22,India,imports,Imports,trade,0.0,million_tonnes,annual_imports_to_monthly_uniform_proxy,Local supply-demand analytics store,D:\ncel2\ncel-commodity-pricing\backend\data\supply_demand_analytics.db,mixed
2021-05-01,2020/21,Argentina,major_producer_crop_conditions,Major producer crop conditions,crop_condition,54.0,index,recurring_monthly_crop_condition_profile,Curated global maize crop-condition profile,https://www.usda.gov/,curated
2021-05-01,2020/21,Brazil,major_producer_crop_conditions,Major producer crop conditions,crop_condition,58.0,index,recurring_monthly_crop_condition_profile,Curated global maize crop-condition profile,https://www.usda.gov/,curated
2021-05-01,2020/21,Ukraine,major_producer_crop_conditions,Major producer crop conditions,crop_condition,60.0,index,recurring_monthly_crop_condition_profile,Curated global maize crop-condition profile,https://www.usda.gov/,curated
2021-05-01,2020/21,United States,major_producer_crop_conditions,Major producer crop conditions,crop_condition,63.0,index,recurring_monthly_crop_condition_profile,Curated global maize crop-condition profile,https://www.usda.gov/,curated
2021-05-01,2021/22,India,opening_stock,Opening stocks,stock,2.395,million_tonnes,annual_opening_to_closing_stock_interpolation,Local supply-demand analytics store,D:\ncel2\ncel-commodity-pricing\backend\data\supply_demand_analytics.db,mixed
2021-05-01,2021/22,India,total_availability,Total availability,derived,4.08,million_tonnes,opening_stock_plus_domestic_production_plus_imports,Derived inside Maize supply store,D:\ncel2\ncel-commodity-pricing\SnD\supply\maize\maize_supply_factors.db,derived
2021-05-01,2021/22,Argentina,usda_global_production,USDA global production by country,global_production,51.6,million_tonnes,backfilled_from_2023_24_usda_snapshot,USDA WASDE March 2026 local text snapshot,D:\ncel2\ncel-commodity-pricing\backend\data\tmp_wasde0326.txt,partial
2021-05-01,2021/22,Brazil,usda_global_production,USDA global production by country,global_production,119.0,million_tonnes,backfilled_from_2023_24_usda_snapshot,USDA WASDE March 2026 local text snapshot,D:\ncel2\ncel-commodity-pricing\backend\data\tmp_wasde0326.txt,partial
2021-05-01,2021/22,Ukraine,usda_global_production,USDA global production by country,global_production,32.5,million_tonnes,backfilled_from_2023_24_usda_snapshot,USDA WASDE March 2026 local text snapshot,D:\ncel2\ncel-commodity-pricing\backend\data\tmp_wasde0326.txt,partial
2021-05-01,2021/22,United States,usda_global_production,USDA global production by country,global_production,389.67,million_tonnes,backfilled_from_2023_24_usda_snapshot,USDA WASDE March 2026 local text snapshot,D:\ncel2\ncel-commodity-pricing\backend\data\tmp_wasde0326.txt,partial
2021-05-01,2021/22,India,yield_per_hectare,Yield per hectare,yield,3387.0,kg_per_hectare,annual_hold_constant_monthly,Economic Survey Statistical Appendix,https://www.indiabudget.gov.in/economicsurvey/doc/Statistical-Appendix-in-English.pdf,annual_only
2021-06-01,2021/22,India,acreage_sown_area,Acreage (sown area),area,10.0,million_hectare,annual_hold_constant_monthly,Economic Survey Statistical Appendix,https://www.indiabudget.gov.in/economicsurvey/doc/Statistical-Appendix-in-English.pdf,annual_only
2021-06-01,2020/21,Global,brazil_safrinha_harvest_calendar,Brazil safrinha harvest calendar,calendar,92.0,index,recurring_monthly_harvest_calendar,Curated Brazil safrinha harvest calendar,https://www.fao.org/,curated
2021-06-01,2021/22,India,buffer_stock,Buffer stock,stock,2.395,million_tonnes,annual_opening_to_closing_stock_interpolation,Local supply-demand analytics store,D:\ncel2\ncel-commodity-pricing\backend\data\supply_demand_analytics.db,mixed
2021-06-01,2021/22,India,domestic_production,Domestic production,production,2.696,million_tonnes,annual_production_to_monthly_harvest_release_proxy,Economic Survey Statistical Appendix,https://www.indiabudget.gov.in/economicsurvey/doc/Statistical-Appendix-in-English.pdf,annual_only
2021-06-01,2020/21,Global,global_exporter_harvest_calendar,Global exporter harvest calendar,calendar,55.0,index,recurring_monthly_harvest_calendar,Curated global maize exporter harvest calendar,https://www.fao.org/,curated
2021-06-01,2021/22,India,imports,Imports,trade,0.0,million_tonnes,annual_imports_to_monthly_uniform_proxy,Local supply-demand analytics store,D:\ncel2\ncel-commodity-pricing\backend\data\supply_demand_analytics.db,mixed
2021-06-01,2020/21,Argentina,major_producer_crop_conditions,Major producer crop conditions,crop_condition,52.0,index,recurring_monthly_crop_condition_profile,Curated global maize crop-condition profile,https://www.usda.gov/,curated
2021-06-01,2020/21,Brazil,major_producer_crop_conditions,Major producer crop conditions,crop_condition,56.0,index,recurring_monthly_crop_condition_profile,Curated global maize crop-condition profile,https://www.usda.gov/,curated
2021-06-01,2020/21,Ukraine,major_producer_crop_conditions,Major producer crop conditions,crop_condition,70.0,index,recurring_monthly_crop_condition_profile,Curated global maize crop-condition profile,https://www.usda.gov/,curated
2021-06-01,2020/21,United States,major_producer_crop_conditions,Major producer crop conditions,crop_condition,74.0,index,recurring_monthly_crop_condition_profile,Curated global maize crop-condition profile,https://www.usda.gov/,curated
2021-06-01,2021/22,India,opening_stock,Opening stocks,stock,2.395,million_tonnes,annual_opening_to_closing_stock_interpolation,Local supply-demand analytics store,D:\ncel2\ncel-commodity-pricing\backend\data\supply_demand_analytics.db,mixed
2021-06-01,2021/22,India,total_availability,Total availability,derived,5.091,million_tonnes,opening_stock_plus_domestic_production_plus_imports,Derived inside Maize supply store,D:\ncel2\ncel-commodity-pricing\SnD\supply\maize\maize_supply_factors.db,derived
2021-06-01,2021/22,Argentina,usda_global_production,USDA global production by country,global_production,51.6,million_tonnes,backfilled_from_2023_24_usda_snapshot,USDA WASDE March 2026 local text snapshot,D:\ncel2\ncel-commodity-pricing\backend\data\tmp_wasde0326.txt,partial
2021-06-01,2021/22,Brazil,usda_global_production,USDA global production by country,global_production,119.0,million_tonnes,backfilled_from_2023_24_usda_snapshot,USDA WASDE March 2026 local text snapshot,D:\ncel2\ncel-commodity-pricing\backend\data\tmp_wasde0326.txt,partial
2021-06-01,2021/22,Ukraine,usda_global_production,USDA global production by country,global_production,32.5,million_tonnes,backfilled_from_2023_24_usda_snapshot,USDA WASDE March 2026 local text snapshot,D:\ncel2\ncel-commodity-pricing\backend\data\tmp_wasde0326.txt,partial
2021-06-01,2021/22,United States,usda_global_production,USDA global production by country,global_production,389.67,million_tonnes,backfilled_from_2023_24_usda_snapshot,USDA WASDE March 2026 local text snapshot,D:\ncel2\ncel-commodity-pricing\backend\data\tmp_wasde0326.txt,partial
2021-06-01,2021/22,India,yield_per_hectare,Yield per hectare,yield,3387.0,kg_per_hectare,annual_hold_constant_monthly,Economic Survey Statistical Appendix,https://www.indiabudget.gov.in/economicsurvey/doc/Statistical-Appendix-in-English.pdf,annual_only
2021-07-01,2021/22,India,acreage_sown_area,Acreage (sown area),area,10.0,million_hectare,annual_hold_constant_monthly,Economic Survey Statistical Appendix,https://www.indiabudget.gov.in/economicsurvey/doc/Statistical-Appendix-in-English.pdf,annual_only
2021-07-01,2020/21,Global,brazil_safrinha_harvest_calendar,Brazil safrinha harvest calendar,calendar,100.0,index,recurring_monthly_harvest_calendar,Curated Brazil safrinha harvest calendar,https://www.fao.org/,curated
2021-07-01,2021/22,India,buffer_stock,Buffer stock,stock,2.395,million_tonnes,annual_opening_to_closing_stock_interpolation,Local supply-demand analytics store,D:\ncel2\ncel-commodity-pricing\backend\data\supply_demand_analytics.db,mixed
2021-07-01,2021/22,India,domestic_production,Domestic production,production,3.033,million_tonnes,annual_production_to_monthly_harvest_release_proxy,Economic Survey Statistical Appendix,https://www.indiabudget.gov.in/economicsurvey/doc/Statistical-Appendix-in-English.pdf,annual_only
2021-07-01,2020/21,Global,global_exporter_harvest_calendar,Global exporter harvest calendar,calendar,73.0,index,recurring_monthly_harvest_calendar,Curated global maize exporter harvest calendar,https://www.fao.org/,curated
2021-07-01,2021/22,India,imports,Imports,trade,0.0,million_tonnes,annual_imports_to_monthly_uniform_proxy,Local supply-demand analytics store,D:\ncel2\ncel-commodity-pricing\backend\data\supply_demand_analytics.db,mixed
2021-07-01,2020/21,Argentina,major_producer_crop_conditions,Major producer crop conditions,crop_condition,50.0,index,recurring_monthly_crop_condition_profile,Curated global maize crop-condition profile,https://www.usda.gov/,curated
2021-07-01,2020/21,Brazil,major_producer_crop_conditions,Major producer crop conditions,crop_condition,55.0,index,recurring_monthly_crop_condition_profile,Curated global maize crop-condition profile,https://www.usda.gov/,curated
2021-07-01,2020/21,Ukraine,major_producer_crop_conditions,Major producer crop conditions,crop_condition,76.0,index,recurring_monthly_crop_condition_profile,Curated global maize crop-condition profile,https://www.usda.gov/,curated
2021-07-01,2020/21,United States,major_producer_crop_conditions,Major producer crop conditions,crop_condition,78.0,index,recurring_monthly_crop_condition_profile,Curated global maize crop-condition profile,https://www.usda.gov/,curated
2021-07-01,2021/22,India,opening_stock,Opening stocks,stock,2.395,million_tonnes,annual_opening_to_closing_stock_interpolation,Local supply-demand analytics store,D:\ncel2\ncel-commodity-pricing\backend\data\supply_demand_analytics.db,mixed
2021-07-01,2021/22,India,total_availability,Total availability,derived,5.428,million_tonnes,opening_stock_plus_domestic_production_plus_imports,Derived inside Maize supply store,D:\ncel2\ncel-commodity-pricing\SnD\supply\maize\maize_supply_factors.db,derived
2021-07-01,2021/22,Argentina,usda_global_production,USDA global production by country,global_production,51.6,million_tonnes,backfilled_from_2023_24_usda_snapshot,USDA WASDE March 2026 local text snapshot,D:\ncel2\ncel-commodity-pricing\backend\data\tmp_wasde0326.txt,partial
2021-07-01,2021/22,Brazil,usda_global_production,USDA global production by country,global_production,119.0,million_tonnes,backfilled_from_2023_24_usda_snapshot,USDA WASDE March 2026 local text snapshot,D:\ncel2\ncel-commodity-pricing\backend\data\tmp_wasde0326.txt,partial
2021-07-01,2021/22,Ukraine,usda_global_production,USDA global production by country,global_production,32.5,million_tonnes,backfilled_from_2023_24_usda_snapshot,USDA WASDE March 2026 local text snapshot,D:\ncel2\ncel-commodity-pricing\backend\data\tmp_wasde0326.txt,partial
2021-07-01,2021/22,United States,usda_global_production,USDA global production by country,global_production,389.67,million_tonnes,backfilled_from_2023_24_usda_snapshot,USDA WASDE March 2026 local text snapshot,D:\ncel2\ncel-commodity-pricing\backend\data\tmp_wasde0326.txt,partial
2021-07-01,2021/22,India,yield_per_hectare,Yield per hectare,yield,3387.0,kg_per_hectare,annual_hold_constant_monthly,Economic Survey Statistical Appendix,https://www.indiabudget.gov.in/economicsurvey/doc/Statistical-Appendix-in-English.pdf,annual_only
2021-08-01,2021/22,India,acreage_sown_area,Acreage (sown area),area,10.0,million_hectare,annual_hold_constant_monthly,Economic Survey Statistical Appendix,https://www.indiabudget.gov.in/economicsurvey/doc/Statistical-Appendix-in-English.pdf,annual_only
2021-08-01,2020/21,Global,brazil_safrinha_harvest_calendar,Brazil safrinha harvest calendar,calendar,82.0,index,recurring_monthly_harvest_calendar,Curated Brazil safrinha harvest calendar,https://www.fao.org/,curated
2021-08-01,2021/22,India,buffer_stock,Buffer stock,stock,2.395,million_tonnes,annual_opening_to_closing_stock_interpolation,Local supply-demand analytics store,D:\ncel2\ncel-commodity-pricing\backend\data\supply_demand_analytics.db,mixed
2021-08-01,2021/22,India,domestic_production,Domestic production,production,3.033,million_tonnes,annual_production_to_monthly_harvest_release_proxy,Economic Survey Statistical Appendix,https://www.indiabudget.gov.in/economicsurvey/doc/Statistical-Appendix-in-English.pdf,annual_only
2021-08-01,2020/21,Global,global_exporter_harvest_calendar,Global exporter harvest calendar,calendar,88.0,index,recurring_monthly_harvest_calendar,Curated global maize exporter harvest calendar,https://www.fao.org/,curated
2021-08-01,2021/22,India,imports,Imports,trade,0.0,million_tonnes,annual_imports_to_monthly_uniform_proxy,Local supply-demand analytics store,D:\ncel2\ncel-commodity-pricing\backend\data\supply_demand_analytics.db,mixed
2021-08-01,2020/21,Argentina,major_producer_crop_conditions,Major producer crop conditions,crop_condition,51.0,index,recurring_monthly_crop_condition_profile,Curated global maize crop-condition profile,https://www.usda.gov/,curated
2021-08-01,2020/21,Brazil,major_producer_crop_conditions,Major producer crop conditions,crop_condition,57.0,index,recurring_monthly_crop_condition_profile,Curated global maize crop-condition profile,https://www.usda.gov/,curated
2021-08-01,2020/21,Ukraine,major_producer_crop_conditions,Major producer crop conditions,crop_condition,73.0,index,recurring_monthly_crop_condition_profile,Curated global maize crop-condition profile,https://www.usda.gov/,curated
2021-08-01,2020/21,United States,major_producer_crop_conditions,Major producer crop conditions,crop_condition,71.0,index,recurring_monthly_crop_condition_profile,Curated global maize crop-condition profile,https://www.usda.gov/,curated
2021-08-01,2021/22,India,opening_stock,Opening stocks,stock,2.395,million_tonnes,annual_opening_to_closing_stock_interpolation,Local supply-demand analytics store,D:\ncel2\ncel-commodity-pricing\backend\data\supply_demand_analytics.db,mixed
2021-08-01,2021/22,India,total_availability,Total availability,derived,5.428,million_tonnes,opening_stock_plus_domestic_production_plus_imports,Derived inside Maize supply store,D:\ncel2\ncel-commodity-pricing\SnD\supply\maize\maize_supply_factors.db,derived
2021-08-01,2021/22,Argentina,usda_global_production,USDA global production by country,global_production,51.6,million_tonnes,backfilled_from_2023_24_usda_snapshot,USDA WASDE March 2026 local text snapshot,D:\ncel2\ncel-commodity-pricing\backend\data\tmp_wasde0326.txt,partial
2021-08-01,2021/22,Brazil,usda_global_production,USDA global production by country,global_production,119.0,million_tonnes,backfilled_from_2023_24_usda_snapshot,USDA WASDE March 2026 local text snapshot,D:\ncel2\ncel-commodity-pricing\backend\data\tmp_wasde0326.txt,partial
2021-08-01,2021/22,Ukraine,usda_global_production,USDA global production by country,global_production,32.5,million_tonnes,backfilled_from_2023_24_usda_snapshot,USDA WASDE March 2026 local text snapshot,D:\ncel2\ncel-commodity-pricing\backend\data\tmp_wasde0326.txt,partial
2021-08-01,2021/22,United States,usda_global_production,USDA global production by country,global_production,389.67,million_tonnes,backfilled_from_2023_24_usda_snapshot,USDA WASDE March 2026 local text snapshot,D:\ncel2\ncel-commodity-pricing\backend\data\tmp_wasde0326.txt,partial
2021-08-01,2021/22,India,yield_per_hectare,Yield per hectare,yield,3387.0,kg_per_hectare,annual_hold_constant_monthly,Economic Survey Statistical Appendix,https://www.indiabudget.gov.in/economicsurvey/doc/Statistical-Appendix-in-English.pdf,annual_only
2021-09-01,2021/22,India,acreage_sown_area,Acreage (sown area),area,10.0,million_hectare,annual_hold_constant_monthly,Economic Survey Statistical Appendix,https://www.indiabudget.gov.in/economicsurvey/doc/Statistical-Appendix-in-English.pdf,annual_only
2021-09-01,2020/21,Global,brazil_safrinha_harvest_calendar,Brazil safrinha harvest calendar,calendar,44.0,index,recurring_monthly_harvest_calendar,Curated Brazil safrinha harvest calendar,https://www.fao.org/,curated
2021-09-01,2021/22,India,buffer_stock,Buffer stock,stock,2.395,million_tonnes,annual_opening_to_closing_stock_interpolation,Local supply-demand analytics store,D:\ncel2\ncel-commodity-pricing\backend\data\supply_demand_analytics.db,mixed
2021-09-01,2021/22,India,domestic_production,Domestic production,production,4.718,million_tonnes,annual_production_to_monthly_harvest_release_proxy,Economic Survey Statistical Appendix,https://www.indiabudget.gov.in/economicsurvey/doc/Statistical-Appendix-in-English.pdf,annual_only
2021-09-01,2020/21,Global,global_exporter_harvest_calendar,Global exporter harvest calendar,calendar,100.0,index,recurring_monthly_harvest_calendar,Curated global maize exporter harvest calendar,https://www.fao.org/,curated
2021-09-01,2021/22,India,imports,Imports,trade,0.0,million_tonnes,annual_imports_to_monthly_uniform_proxy,Local supply-demand analytics store,D:\ncel2\ncel-commodity-pricing\backend\data\supply_demand_analytics.db,mixed
2021-09-01,2020/21,Argentina,major_producer_crop_conditions,Major producer crop conditions,crop_condition,55.0,index,recurring_monthly_crop_condition_profile,Curated global maize crop-condition profile,https://www.usda.gov/,curated
2021-09-01,2020/21,Brazil,major_producer_crop_conditions,Major producer crop conditions,crop_condition,60.0,index,recurring_monthly_crop_condition_profile,Curated global maize crop-condition profile,https://www.usda.gov/,curated
2021-09-01,2020/21,Ukraine,major_producer_crop_conditions,Major producer crop conditions,crop_condition,64.0,index,recurring_monthly_crop_condition_profile,Curated global maize crop-condition profile,https://www.usda.gov/,curated
2021-09-01,2020/21,United States,major_producer_crop_conditions,Major producer crop conditions,crop_condition,60.0,index,recurring_monthly_crop_condition_profile,Curated global maize crop-condition profile,https://www.usda.gov/,curated
2021-09-01,2021/22,India,opening_stock,Opening stocks,stock,2.395,million_tonnes,annual_opening_to_closing_stock_interpolation,Local supply-demand analytics store,D:\ncel2\ncel-commodity-pricing\backend\data\supply_demand_analytics.db,mixed
2021-09-01,2021/22,India,total_availability,Total availability,derived,7.113,million_tonnes,opening_stock_plus_domestic_production_plus_imports,Derived inside Maize supply store,D:\ncel2\ncel-commodity-pricing\SnD\supply\maize\maize_supply_factors.db,derived
2021-09-01,2021/22,Argentina,usda_global_production,USDA global production by country,global_production,51.6,million_tonnes,backfilled_from_2023_24_usda_snapshot,USDA WASDE March 2026 local text snapshot,D:\ncel2\ncel-commodity-pricing\backend\data\tmp_wasde0326.txt,partial
2021-09-01,2021/22,Brazil,usda_global_production,USDA global production by country,global_production,119.0,million_tonnes,backfilled_from_2023_24_usda_snapshot,USDA WASDE March 2026 local text snapshot,D:\ncel2\ncel-commodity-pricing\backend\data\tmp_wasde0326.txt,partial
2021-09-01,2021/22,Ukraine,usda_global_production,USDA global production by country,global_production,32.5,million_tonnes,backfilled_from_2023_24_usda_snapshot,USDA WASDE March 2026 local text snapshot,D:\ncel2\ncel-commodity-pricing\backend\data\tmp_wasde0326.txt,partial
2021-09-01,2021/22,United States,usda_global_production,USDA global production by country,global_production,389.67,million_tonnes,backfilled_from_2023_24_usda_snapshot,USDA WASDE March 2026 local text snapshot,D:\ncel2\ncel-commodity-pricing\backend\data\tmp_wasde0326.txt,partial
2021-09-01,2021/22,India,yield_per_hectare,Yield per hectare,yield,3387.0,kg_per_hectare,annual_hold_constant_monthly,Economic Survey Statistical Appendix,https://www.indiabudget.gov.in/economicsurvey/doc/Statistical-Appendix-in-English.pdf,annual_only
2021-10-01,2021/22,India,acreage_sown_area,Acreage (sown area),area,10.0,million_hectare,annual_hold_constant_monthly,Economic Survey Statistical Appendix,https://www.indiabudget.gov.in/economicsurvey/doc/Statistical-Appendix-in-English.pdf,annual_only
2021-10-01,2021/22,Global,brazil_safrinha_harvest_calendar,Brazil safrinha harvest calendar,calendar,18.0,index,recurring_monthly_harvest_calendar,Curated Brazil safrinha harvest calendar,https://www.fao.org/,curated
2021-10-01,2021/22,India,buffer_stock,Buffer stock,stock,2.395,million_tonnes,annual_opening_to_closing_stock_interpolation,Local supply-demand analytics store,D:\ncel2\ncel-commodity-pricing\backend\data\supply_demand_analytics.db,mixed
2021-10-01,2021/22,India,domestic_production,Domestic production,production,6.066,million_tonnes,annual_production_to_monthly_harvest_release_proxy,Economic Survey Statistical Appendix,https://www.indiabudget.gov.in/economicsurvey/doc/Statistical-Appendix-in-English.pdf,annual_only
2021-10-01,2021/22,Global,global_exporter_harvest_calendar,Global exporter harvest calendar,calendar,94.0,index,recurring_monthly_harvest_calendar,Curated global maize exporter harvest calendar,https://www.fao.org/,curated
2021-10-01,2021/22,India,imports,Imports,trade,0.0,million_tonnes,annual_imports_to_monthly_uniform_proxy,Local supply-demand analytics store,D:\ncel2\ncel-commodity-pricing\backend\data\supply_demand_analytics.db,mixed
2021-10-01,2021/22,Argentina,major_producer_crop_conditions,Major producer crop conditions,crop_condition,61.0,index,recurring_monthly_crop_condition_profile,Curated global maize crop-condition profile,https://www.usda.gov/,curated
2021-10-01,2021/22,Brazil,major_producer_crop_conditions,Major producer crop conditions,crop_condition,65.0,index,recurring_monthly_crop_condition_profile,Curated global maize crop-condition profile,https://www.usda.gov/,curated
2021-10-01,2021/22,Ukraine,major_producer_crop_conditions,Major producer crop conditions,crop_condition,53.0,index,recurring_monthly_crop_condition_profile,Curated global maize crop-condition profile,https://www.usda.gov/,curated
2021-10-01,2021/22,United States,major_producer_crop_conditions,Major producer crop conditions,crop_condition,48.0,index,recurring_monthly_crop_condition_profile,Curated global maize crop-condition profile,https://www.usda.gov/,curated
2021-10-01,2021/22,India,opening_stock,Opening stocks,stock,2.395,million_tonnes,annual_opening_to_closing_stock_interpolation,Local supply-demand analytics store,D:\ncel2\ncel-commodity-pricing\backend\data\supply_demand_analytics.db,mixed
2021-10-01,2021/22,India,total_availability,Total availability,derived,8.461,million_tonnes,opening_stock_plus_domestic_production_plus_imports,Derived inside Maize supply store,D:\ncel2\ncel-commodity-pricing\SnD\supply\maize\maize_supply_factors.db,derived
2021-10-01,2021/22,Argentina,usda_global_production,USDA global production by country,global_production,51.6,million_tonnes,backfilled_from_2023_24_usda_snapshot,USDA WASDE March 2026 local text snapshot,D:\ncel2\ncel-commodity-pricing\backend\data\tmp_wasde0326.txt,partial
2021-10-01,2021/22,Brazil,usda_global_production,USDA global production by country,global_production,119.0,million_tonnes,backfilled_from_2023_24_usda_snapshot,USDA WASDE March 2026 local text snapshot,D:\ncel2\ncel-commodity-pricing\backend\data\tmp_wasde0326.txt,partial
2021-10-01,2021/22,Ukraine,usda_global_production,USDA global production by country,global_production,32.5,million_tonnes,backfilled_from_2023_24_usda_snapshot,USDA WASDE March 2026 local text snapshot,D:\ncel2\ncel-commodity-pricing\backend\data\tmp_wasde0326.txt,partial
2021-10-01,2021/22,United States,usda_global_production,USDA global production by country,global_production,389.67,million_tonnes,backfilled_from_2023_24_usda_snapshot,USDA WASDE March 2026 local text snapshot,D:\ncel2\ncel-commodity-pricing\backend\data\tmp_wasde0326.txt,partial
2021-10-01,2021/22,India,yield_per_hectare,Yield per hectare,yield,3387.0,kg_per_hectare,annual_hold_constant_monthly,Economic Survey Statistical Appendix,https://www.indiabudget.gov.in/economicsurvey/doc/Statistical-Appendix-in-English.pdf,annual_only
2021-11-01,2021/22,India,acreage_sown_area,Acreage (sown area),area,10.0,million_hectare,annual_hold_constant_monthly,Economic Survey Statistical Appendix,https://www.indiabudget.gov.in/economicsurvey/doc/Statistical-Appendix-in-English.pdf,annual_only
2021-11-01,2021/22,Global,brazil_safrinha_harvest_calendar,Brazil safrinha harvest calendar,calendar,8.0,index,recurring_monthly_harvest_calendar,Curated Brazil safrinha harvest calendar,https://www.fao.org/,curated
2021-11-01,2021/22,India,buffer_stock,Buffer stock,stock,2.395,million_tonnes,annual_opening_to_closing_stock_interpolation,Local supply-demand analytics store,D:\ncel2\ncel-commodity-pricing\backend\data\supply_demand_analytics.db,mixed
2021-11-01,2021/22,India,domestic_production,Domestic production,production,5.392,million_tonnes,annual_production_to_monthly_harvest_release_proxy,Economic Survey Statistical Appendix,https://www.indiabudget.gov.in/economicsurvey/doc/Statistical-Appendix-in-English.pdf,annual_only
2021-11-01,2021/22,Global,global_exporter_harvest_calendar,Global exporter harvest calendar,calendar,76.0,index,recurring_monthly_harvest_calendar,Curated global maize exporter harvest calendar,https://www.fao.org/,curated
2021-11-01,2021/22,India,imports,Imports,trade,0.0,million_tonnes,annual_imports_to_monthly_uniform_proxy,Local supply-demand analytics store,D:\ncel2\ncel-commodity-pricing\backend\data\supply_demand_analytics.db,mixed
2021-11-01,2021/22,Argentina,major_producer_crop_conditions,Major producer crop conditions,crop_condition,66.0,index,recurring_monthly_crop_condition_profile,Curated global maize crop-condition profile,https://www.usda.gov/,curated
2021-11-01,2021/22,Brazil,major_producer_crop_conditions,Major producer crop conditions,crop_condition,69.0,index,recurring_monthly_crop_condition_profile,Curated global maize crop-condition profile,https://www.usda.gov/,curated
2021-11-01,2021/22,Ukraine,major_producer_crop_conditions,Major producer crop conditions,crop_condition,45.0,index,recurring_monthly_crop_condition_profile,Curated global maize crop-condition profile,https://www.usda.gov/,curated
2021-11-01,2021/22,United States,major_producer_crop_conditions,Major producer crop conditions,crop_condition,40.0,index,recurring_monthly_crop_condition_profile,Curated global maize crop-condition profile,https://www.usda.gov/,curated
2021-11-01,2021/22,India,opening_stock,Opening stocks,stock,2.395,million_tonnes,annual_opening_to_closing_stock_interpolation,Local supply-demand analytics store,D:\ncel2\ncel-commodity-pricing\backend\data\supply_demand_analytics.db,mixed
2021-11-01,2021/22,India,total_availability,Total availability,derived,7.787,million_tonnes,opening_stock_plus_domestic_production_plus_imports,Derived inside Maize supply store,D:\ncel2\ncel-commodity-pricing\SnD\supply\maize\maize_supply_factors.db,derived
2021-11-01,2021/22,Argentina,usda_global_production,USDA global production by country,global_production,51.6,million_tonnes,backfilled_from_2023_24_usda_snapshot,USDA WASDE March 2026 local text snapshot,D:\ncel2\ncel-commodity-pricing\backend\data\tmp_wasde0326.txt,partial
2021-11-01,2021/22,Brazil,usda_global_production,USDA global production by country,global_production,119.0,million_tonnes,backfilled_from_2023_24_usda_snapshot,USDA WASDE March 2026 local text snapshot,D:\ncel2\ncel-commodity-pricing\backend\data\tmp_wasde0326.txt,partial
2021-11-01,2021/22,Ukraine,usda_global_production,USDA global production by country,global_production,32.5,million_tonnes,backfilled_from_2023_24_usda_snapshot,USDA WASDE March 2026 local text snapshot,D:\ncel2\ncel-commodity-pricing\backend\data\tmp_wasde0326.txt,partial
2021-11-01,2021/22,United States,usda_global_production,USDA global production by country,global_production,389.67,million_tonnes,backfilled_from_2023_24_usda_snapshot,USDA WASDE March 2026 local text snapshot,D:\ncel2\ncel-commodity-pricing\backend\data\tmp_wasde0326.txt,partial
2021-11-01,2021/22,India,yield_per_hectare,Yield per hectare,yield,3387.0,kg_per_hectare,annual_hold_constant_monthly,Economic Survey Statistical Appendix,https://www.indiabudget.gov.in/economicsurvey/doc/Statistical-Appendix-in-English.pdf,annual_only
2021-12-01,2021/22,India,acreage_sown_area,Acreage (sown area),area,10.0,million_hectare,annual_hold_constant_monthly,Economic Survey Statistical Appendix,https://www.indiabudget.gov.in/economicsurvey/doc/Statistical-Appendix-in-English.pdf,annual_only
2021-12-01,2021/22,Global,brazil_safrinha_harvest_calendar,Brazil safrinha harvest calendar,calendar,5.0,index,recurring_monthly_harvest_calendar,Curated Brazil safrinha harvest calendar,https://www.fao.org/,curated
2021-12-01,2021/22,India,buffer_stock,Buffer stock,stock,2.395,million_tonnes,annual_opening_to_closing_stock_interpolation,Local supply-demand analytics store,D:\ncel2\ncel-commodity-pricing\backend\data\supply_demand_analytics.db,mixed
2021-12-01,2021/22,India,domestic_production,Domestic production,production,3.033,million_tonnes,annual_production_to_monthly_harvest_release_proxy,Economic Survey Statistical Appendix,https://www.indiabudget.gov.in/economicsurvey/doc/Statistical-Appendix-in-English.pdf,annual_only
2021-12-01,2021/22,Global,global_exporter_harvest_calendar,Global exporter harvest calendar,calendar,58.0,index,recurring_monthly_harvest_calendar,Curated global maize exporter harvest calendar,https://www.fao.org/,curated
2021-12-01,2021/22,India,imports,Imports,trade,0.0,million_tonnes,annual_imports_to_monthly_uniform_proxy,Local supply-demand analytics store,D:\ncel2\ncel-commodity-pricing\backend\data\supply_demand_analytics.db,mixed
2021-12-01,2021/22,Argentina,major_producer_crop_conditions,Major producer crop conditions,crop_condition,68.0,index,recurring_monthly_crop_condition_profile,Curated global maize crop-condition profile,https://www.usda.gov/,curated
2021-12-01,2021/22,Brazil,major_producer_crop_conditions,Major producer crop conditions,crop_condition,71.0,index,recurring_monthly_crop_condition_profile,Curated global maize crop-condition profile,https://www.usda.gov/,curated
2021-12-01,2021/22,Ukraine,major_producer_crop_conditions,Major producer crop conditions,crop_condition,42.0,index,recurring_monthly_crop_condition_profile,Curated global maize crop-condition profile,https://www.usda.gov/,curated
2021-12-01,2021/22,United States,major_producer_crop_conditions,Major producer crop conditions,crop_condition,36.0,index,recurring_monthly_crop_condition_profile,Curated global maize crop-condition profile,https://www.usda.gov/,curated
2021-12-01,2021/22,India,opening_stock,Opening stocks,stock,2.395,million_tonnes,annual_opening_to_closing_stock_interpolation,Local supply-demand analytics store,D:\ncel2\ncel-commodity-pricing\backend\data\supply_demand_analytics.db,mixed
2021-12-01,2021/22,India,total_availability,Total availability,derived,5.428,million_tonnes,opening_stock_plus_domestic_production_plus_imports,Derived inside Maize supply store,D:\ncel2\ncel-commodity-pricing\SnD\supply\maize\maize_supply_factors.db,derived
2021-12-01,2021/22,Argentina,usda_global_production,USDA global production by country,global_production,51.6,million_tonnes,backfilled_from_2023_24_usda_snapshot,USDA WASDE March 2026 local text snapshot,D:\ncel2\ncel-commodity-pricing\backend\data\tmp_wasde0326.txt,partial
2021-12-01,2021/22,Brazil,usda_global_production,USDA global production by country,global_production,119.0,million_tonnes,backfilled_from_2023_24_usda_snapshot,USDA WASDE March 2026 local text snapshot,D:\ncel2\ncel-commodity-pricing\backend\data\tmp_wasde0326.txt,partial
2021-12-01,2021/22,Ukraine,usda_global_production,USDA global production by country,global_production,32.5,million_tonnes,backfilled_from_2023_24_usda_snapshot,USDA WASDE March 2026 local text snapshot,D:\ncel2\ncel-commodity-pricing\backend\data\tmp_wasde0326.txt,partial
2021-12-01,2021/22,United States,usda_global_production,USDA global production by country,global_production,389.67,million_tonnes,backfilled_from_2023_24_usda_snapshot,USDA WASDE March 2026 local text snapshot,D:\ncel2\ncel-commodity-pricing\backend\data\tmp_wasde0326.txt,partial
2021-12-01,2021/22,India,yield_per_hectare,Yield per hectare,yield,3387.0,kg_per_hectare,annual_hold_constant_monthly,Economic Survey Statistical Appendix,https://www.indiabudget.gov.in/economicsurvey/doc/Statistical-Appendix-in-English.pdf,annual_only
2022-01-01,2021/22,India,acreage_sown_area,Acreage (sown area),area,10.0,million_hectare,annual_hold_constant_monthly,Economic Survey Statistical Appendix,https://www.indiabudget.gov.in/economicsurvey/doc/Statistical-Appendix-in-English.pdf,annual_only
2022-01-01,2021/22,Global,brazil_safrinha_harvest_calendar,Brazil safrinha harvest calendar,calendar,12.0,index,recurring_monthly_harvest_calendar,Curated Brazil safrinha harvest calendar,https://www.fao.org/,curated
2022-01-01,2021/22,India,buffer_stock,Buffer stock,stock,2.395,million_tonnes,annual_opening_to_closing_stock_interpolation,Local supply-demand analytics store,D:\ncel2\ncel-commodity-pricing\backend\data\supply_demand_analytics.db,mixed
2022-01-01,2021/22,India,domestic_production,Domestic production,production,1.685,million_tonnes,annual_production_to_monthly_harvest_release_proxy,Economic Survey Statistical Appendix,https://www.indiabudget.gov.in/economicsurvey/doc/Statistical-Appendix-in-English.pdf,annual_only
2022-01-01,2021/22,Global,global_exporter_harvest_calendar,Global exporter harvest calendar,calendar,34.0,index,recurring_monthly_harvest_calendar,Curated global maize exporter harvest calendar,https://www.fao.org/,curated
2022-01-01,2021/22,India,imports,Imports,trade,0.0,million_tonnes,annual_imports_to_monthly_uniform_proxy,Local supply-demand analytics store,D:\ncel2\ncel-commodity-pricing\backend\data\supply_demand_analytics.db,mixed
2022-01-01,2021/22,Argentina,major_producer_crop_conditions,Major producer crop conditions,crop_condition,69.0,index,recurring_monthly_crop_condition_profile,Curated global maize crop-condition profile,https://www.usda.gov/,curated
2022-01-01,2021/22,Brazil,major_producer_crop_conditions,Major producer crop conditions,crop_condition,72.0,index,recurring_monthly_crop_condition_profile,Curated global maize crop-condition profile,https://www.usda.gov/,curated
2022-01-01,2021/22,Ukraine,major_producer_crop_conditions,Major producer crop conditions,crop_condition,41.0,index,recurring_monthly_crop_condition_profile,Curated global maize crop-condition profile,https://www.usda.gov/,curated
2022-01-01,2021/22,United States,major_producer_crop_conditions,Major producer crop conditions,crop_condition,38.0,index,recurring_monthly_crop_condition_profile,Curated global maize crop-condition profile,https://www.usda.gov/,curated
2022-01-01,2021/22,India,opening_stock,Opening stocks,stock,2.395,million_tonnes,annual_opening_to_closing_stock_interpolation,Local supply-demand analytics store,D:\ncel2\ncel-commodity-pricing\backend\data\supply_demand_analytics.db,mixed
2022-01-01,2021/22,India,total_availability,Total availability,derived,4.08,million_tonnes,opening_stock_plus_domestic_production_plus_imports,Derived inside Maize supply store,D:\ncel2\ncel-commodity-pricing\SnD\supply\maize\maize_supply_factors.db,derived
2022-01-01,2021/22,Argentina,usda_global_production,USDA global production by country,global_production,51.6,million_tonnes,backfilled_from_2023_24_usda_snapshot,USDA WASDE March 2026 local text snapshot,D:\ncel2\ncel-commodity-pricing\backend\data\tmp_wasde0326.txt,partial
2022-01-01,2021/22,Brazil,usda_global_production,USDA global production by country,global_production,119.0,million_tonnes,backfilled_from_2023_24_usda_snapshot,USDA WASDE March 2026 local text snapshot,D:\ncel2\ncel-commodity-pricing\backend\data\tmp_wasde0326.txt,partial
2022-01-01,2021/22,Ukraine,usda_global_production,USDA global production by country,global_production,32.5,million_tonnes,backfilled_from_2023_24_usda_snapshot,USDA WASDE March 2026 local text snapshot,D:\ncel2\ncel-commodity-pricing\backend\data\tmp_wasde0326.txt,partial
2022-01-01,2021/22,United States,usda_global_production,USDA global production by country,global_production,389.67,million_tonnes,backfilled_from_2023_24_usda_snapshot,USDA WASDE March 2026 local text snapshot,D:\ncel2\ncel-commodity-pricing\backend\data\tmp_wasde0326.txt,partial
2022-01-01,2021/22,India,yield_per_hectare,Yield per hectare,yield,3387.0,kg_per_hectare,annual_hold_constant_monthly,Economic Survey Statistical Appendix,https://www.indiabudget.gov.in/economicsurvey/doc/Statistical-Appendix-in-English.pdf,annual_only
2022-02-01,2021/22,India,acreage_sown_area,Acreage (sown area),area,10.0,million_hectare,annual_hold_constant_monthly,Economic Survey Statistical Appendix,https://www.indiabudget.gov.in/economicsurvey/doc/Statistical-Appendix-in-English.pdf,annual_only
2022-02-01,2021/22,Global,brazil_safrinha_harvest_calendar,Brazil safrinha harvest calendar,calendar,18.0,index,recurring_monthly_harvest_calendar,Curated Brazil safrinha harvest calendar,https://www.fao.org/,curated
2022-02-01,2021/22,India,buffer_stock,Buffer stock,stock,2.395,million_tonnes,annual_opening_to_closing_stock_interpolation,Local supply-demand analytics store,D:\ncel2\ncel-commodity-pricing\backend\data\supply_demand_analytics.db,mixed
2022-02-01,2021/22,India,domestic_production,Domestic production,production,1.011,million_tonnes,annual_production_to_monthly_harvest_release_proxy,Economic Survey Statistical Appendix,https://www.indiabudget.gov.in/economicsurvey/doc/Statistical-Appendix-in-English.pdf,annual_only
2022-02-01,2021/22,Global,global_exporter_harvest_calendar,Global exporter harvest calendar,calendar,28.0,index,recurring_monthly_harvest_calendar,Curated global maize exporter harvest calendar,https://www.fao.org/,curated
2022-02-01,2021/22,India,imports,Imports,trade,0.0,million_tonnes,annual_imports_to_monthly_uniform_proxy,Local supply-demand analytics store,D:\ncel2\ncel-commodity-pricing\backend\data\supply_demand_analytics.db,mixed
2022-02-01,2021/22,Argentina,major_producer_crop_conditions,Major producer crop conditions,crop_condition,67.0,index,recurring_monthly_crop_condition_profile,Curated global maize crop-condition profile,https://www.usda.gov/,curated
2022-02-01,2021/22,Brazil,major_producer_crop_conditions,Major producer crop conditions,crop_condition,70.0,index,recurring_monthly_crop_condition_profile,Curated global maize crop-condition profile,https://www.usda.gov/,curated
2022-02-01,2021/22,Ukraine,major_producer_crop_conditions,Major producer crop conditions,crop_condition,39.0,index,recurring_monthly_crop_condition_profile,Curated global maize crop-condition profile,https://www.usda.gov/,curated
2022-02-01,2021/22,United States,major_producer_crop_conditions,Major producer crop conditions,crop_condition,35.0,index,recurring_monthly_crop_condition_profile,Curated global maize crop-condition profile,https://www.usda.gov/,curated
2022-02-01,2021/22,India,opening_stock,Opening stocks,stock,2.395,million_tonnes,annual_opening_to_closing_stock_interpolation,Local supply-demand analytics store,D:\ncel2\ncel-commodity-pricing\backend\data\supply_demand_analytics.db,mixed
2022-02-01,2021/22,India,total_availability,Total availability,derived,3.406,million_tonnes,opening_stock_plus_domestic_production_plus_imports,Derived inside Maize supply store,D:\ncel2\ncel-commodity-pricing\SnD\supply\maize\maize_supply_factors.db,derived
2022-02-01,2021/22,Argentina,usda_global_production,USDA global production by country,global_production,51.6,million_tonnes,backfilled_from_2023_24_usda_snapshot,USDA WASDE March 2026 local text snapshot,D:\ncel2\ncel-commodity-pricing\backend\data\tmp_wasde0326.txt,partial
2022-02-01,2021/22,Brazil,usda_global_production,USDA global production by country,global_production,119.0,million_tonnes,backfilled_from_2023_24_usda_snapshot,USDA WASDE March 2026 local text snapshot,D:\ncel2\ncel-commodity-pricing\backend\data\tmp_wasde0326.txt,partial
2022-02-01,2021/22,Ukraine,usda_global_production,USDA global production by country,global_production,32.5,million_tonnes,backfilled_from_2023_24_usda_snapshot,USDA WASDE March 2026 local text snapshot,D:\ncel2\ncel-commodity-pricing\backend\data\tmp_wasde0326.txt,partial
2022-02-01,2021/22,United States,usda_global_production,USDA global production by country,global_production,389.67,million_tonnes,backfilled_from_2023_24_usda_snapshot,USDA WASDE March 2026 local text snapshot,D:\ncel2\ncel-commodity-pricing\backend\data\tmp_wasde0326.txt,partial
2022-02-01,2021/22,India,yield_per_hectare,Yield per hectare,yield,3387.0,kg_per_hectare,annual_hold_constant_monthly,Economic Survey Statistical Appendix,https://www.indiabudget.gov.in/economicsurvey/doc/Statistical-Appendix-in-English.pdf,annual_only
2022-03-01,2021/22,India,acreage_sown_area,Acreage (sown area),area,10.0,million_hectare,annual_hold_constant_monthly,Economic Survey Statistical Appendix,https://www.indiabudget.gov.in/economicsurvey/doc/Statistical-Appendix-in-English.pdf,annual_only
2022-03-01,2021/22,Global,brazil_safrinha_harvest_calendar,Brazil safrinha harvest calendar,calendar,26.0,index,recurring_monthly_harvest_calendar,Curated Brazil safrinha harvest calendar,https://www.fao.org/,curated
2022-03-01,2021/22,India,buffer_stock,Buffer stock,stock,2.395,million_tonnes,annual_opening_to_closing_stock_interpolation,Local supply-demand analytics store,D:\ncel2\ncel-commodity-pricing\backend\data\supply_demand_analytics.db,mixed
2022-03-01,2021/22,India,domestic_production,Domestic production,production,0.337,million_tonnes,annual_production_to_monthly_harvest_release_proxy,Economic Survey Statistical Appendix,https://www.indiabudget.gov.in/economicsurvey/doc/Statistical-Appendix-in-English.pdf,annual_only
2022-03-01,2021/22,Global,global_exporter_harvest_calendar,Global exporter harvest calendar,calendar,22.0,index,recurring_monthly_harvest_calendar,Curated global maize exporter harvest calendar,https://www.fao.org/,curated
2022-03-01,2021/22,India,imports,Imports,trade,0.0,million_tonnes,annual_imports_to_monthly_uniform_proxy,Local supply-demand analytics store,D:\ncel2\ncel-commodity-pricing\backend\data\supply_demand_analytics.db,mixed
2022-03-01,2021/22,Argentina,major_producer_crop_conditions,Major producer crop conditions,crop_condition,63.0,index,recurring_monthly_crop_condition_profile,Curated global maize crop-condition profile,https://www.usda.gov/,curated
2022-03-01,2021/22,Brazil,major_producer_crop_conditions,Major producer crop conditions,crop_condition,66.0,index,recurring_monthly_crop_condition_profile,Curated global maize crop-condition profile,https://www.usda.gov/,curated
2022-03-01,2021/22,Ukraine,major_producer_crop_conditions,Major producer crop conditions,crop_condition,43.0,index,recurring_monthly_crop_condition_profile,Curated global maize crop-condition profile,https://www.usda.gov/,curated
2022-03-01,2021/22,United States,major_producer_crop_conditions,Major producer crop conditions,crop_condition,40.0,index,recurring_monthly_crop_condition_profile,Curated global maize crop-condition profile,https://www.usda.gov/,curated
2022-03-01,2021/22,India,opening_stock,Opening stocks,stock,2.395,million_tonnes,annual_opening_to_closing_stock_interpolation,Local supply-demand analytics store,D:\ncel2\ncel-commodity-pricing\backend\data\supply_demand_analytics.db,mixed
2022-03-01,2021/22,India,total_availability,Total availability,derived,2.732,million_tonnes,opening_stock_plus_domestic_production_plus_imports,Derived inside Maize supply store,D:\ncel2\ncel-commodity-pricing\SnD\supply\maize\maize_supply_factors.db,derived
2022-03-01,2021/22,Argentina,usda_global_production,USDA global production by country,global_production,51.6,million_tonnes,backfilled_from_2023_24_usda_snapshot,USDA WASDE March 2026 local text snapshot,D:\ncel2\ncel-commodity-pricing\backend\data\tmp_wasde0326.txt,partial
2022-03-01,2021/22,Brazil,usda_global_production,USDA global production by country,global_production,119.0,million_tonnes,backfilled_from_2023_24_usda_snapshot,USDA WASDE March 2026 local text snapshot,D:\ncel2\ncel-commodity-pricing\backend\data\tmp_wasde0326.txt,partial
2022-03-01,2021/22,Ukraine,usda_global_production,USDA global production by country,global_production,32.5,million_tonnes,backfilled_from_2023_24_usda_snapshot,USDA WASDE March 2026 local text snapshot,D:\ncel2\ncel-commodity-pricing\backend\data\tmp_wasde0326.txt,partial
2022-03-01,2021/22,United States,usda_global_production,USDA global production by country,global_production,389.67,million_tonnes,backfilled_from_2023_24_usda_snapshot,USDA WASDE March 2026 local text snapshot,D:\ncel2\ncel-commodity-pricing\backend\data\tmp_wasde0326.txt,partial
2022-03-01,2021/22,India,yield_per_hectare,Yield per hectare,yield,3387.0,kg_per_hectare,annual_hold_constant_monthly,Economic Survey Statistical Appendix,https://www.indiabudget.gov.in/economicsurvey/doc/Statistical-Appendix-in-English.pdf,annual_only
2022-04-01,2022/23,India,acreage_sown_area,Acreage (sown area),area,10.7,million_hectare,annual_hold_constant_monthly,Economic Survey Statistical Appendix,https://www.indiabudget.gov.in/economicsurvey/doc/Statistical-Appendix-in-English.pdf,annual_only
2022-04-01,2021/22,Global,brazil_safrinha_harvest_calendar,Brazil safrinha harvest calendar,calendar,42.0,index,recurring_monthly_harvest_calendar,Curated Brazil safrinha harvest calendar,https://www.fao.org/,curated
2022-04-01,2022/23,India,buffer_stock,Buffer stock,stock,2.395,million_tonnes,annual_opening_to_closing_stock_interpolation,Local supply-demand analytics store,D:\ncel2\ncel-commodity-pricing\backend\data\supply_demand_analytics.db,mixed
2022-04-01,2022/23,India,domestic_production,Domestic production,production,1.143,million_tonnes,annual_production_to_monthly_harvest_release_proxy,Economic Survey Statistical Appendix,https://www.indiabudget.gov.in/economicsurvey/doc/Statistical-Appendix-in-English.pdf,annual_only
2022-04-01,2021/22,Global,global_exporter_harvest_calendar,Global exporter harvest calendar,calendar,24.0,index,recurring_monthly_harvest_calendar,Curated global maize exporter harvest calendar,https://www.fao.org/,curated
2022-04-01,2022/23,India,imports,Imports,trade,0.0,million_tonnes,annual_imports_to_monthly_uniform_proxy,Local supply-demand analytics store,D:\ncel2\ncel-commodity-pricing\backend\data\supply_demand_analytics.db,mixed
2022-04-01,2021/22,Argentina,major_producer_crop_conditions,Major producer crop conditions,crop_condition,58.0,index,recurring_monthly_crop_condition_profile,Curated global maize crop-condition profile,https://www.usda.gov/,curated
2022-04-01,2021/22,Brazil,major_producer_crop_conditions,Major producer crop conditions,crop_condition,62.0,index,recurring_monthly_crop_condition_profile,Curated global maize crop-condition profile,https://www.usda.gov/,curated
2022-04-01,2021/22,Ukraine,major_producer_crop_conditions,Major producer crop conditions,crop_condition,50.0,index,recurring_monthly_crop_condition_profile,Curated global maize crop-condition profile,https://www.usda.gov/,curated
2022-04-01,2021/22,United States,major_producer_crop_conditions,Major producer crop conditions,crop_condition,52.0,index,recurring_monthly_crop_condition_profile,Curated global maize crop-condition profile,https://www.usda.gov/,curated
2022-04-01,2022/23,India,opening_stock,Opening stocks,stock,2.395,million_tonnes,annual_opening_to_closing_stock_interpolation,Local supply-demand analytics store,D:\ncel2\ncel-commodity-pricing\backend\data\supply_demand_analytics.db,mixed
2022-04-01,2022/23,India,total_availability,Total availability,derived,3.538,million_tonnes,opening_stock_plus_domestic_production_plus_imports,Derived inside Maize supply store,D:\ncel2\ncel-commodity-pricing\SnD\supply\maize\maize_supply_factors.db,derived
2022-04-01,2022/23,Argentina,usda_global_production,USDA global production by country,global_production,51.6,million_tonnes,backfilled_from_2023_24_usda_snapshot,USDA WASDE March 2026 local text snapshot,D:\ncel2\ncel-commodity-pricing\backend\data\tmp_wasde0326.txt,partial
2022-04-01,2022/23,Brazil,usda_global_production,USDA global production by country,global_production,119.0,million_tonnes,backfilled_from_2023_24_usda_snapshot,USDA WASDE March 2026 local text snapshot,D:\ncel2\ncel-commodity-pricing\backend\data\tmp_wasde0326.txt,partial
2022-04-01,2022/23,Ukraine,usda_global_production,USDA global production by country,global_production,32.5,million_tonnes,backfilled_from_2023_24_usda_snapshot,USDA WASDE March 2026 local text snapshot,D:\ncel2\ncel-commodity-pricing\backend\data\tmp_wasde0326.txt,partial
2022-04-01,2022/23,United States,usda_global_production,USDA global production by country,global_production,389.67,million_tonnes,backfilled_from_2023_24_usda_snapshot,USDA WASDE March 2026 local text snapshot,D:\ncel2\ncel-commodity-pricing\backend\data\tmp_wasde0326.txt,partial
2022-04-01,2022/23,India,yield_per_hectare,Yield per hectare,yield,3545.0,kg_per_hectare,annual_hold_constant_monthly,Economic Survey Statistical Appendix,https://www.indiabudget.gov.in/economicsurvey/doc/Statistical-Appendix-in-English.pdf,annual_only
2022-05-01,2022/23,India,acreage_sown_area,Acreage (sown area),area,10.7,million_hectare,annual_hold_constant_monthly,Economic Survey Statistical Appendix,https://www.indiabudget.gov.in/economicsurvey/doc/Statistical-Appendix-in-English.pdf,annual_only
2022-05-01,2021/22,Global,brazil_safrinha_harvest_calendar,Brazil safrinha harvest calendar,calendar,68.0,index,recurring_monthly_harvest_calendar,Curated Brazil safrinha harvest calendar,https://www.fao.org/,curated
2022-05-01,2022/23,India,buffer_stock,Buffer stock,stock,2.418909,million_tonnes,annual_opening_to_closing_stock_interpolation,Local supply-demand analytics store,D:\ncel2\ncel-commodity-pricing\backend\data\supply_demand_analytics.db,mixed
2022-05-01,2022/23,India,domestic_production,Domestic production,production,1.905,million_tonnes,annual_production_to_monthly_harvest_release_proxy,Economic Survey Statistical Appendix,https://www.indiabudget.gov.in/economicsurvey/doc/Statistical-Appendix-in-English.pdf,annual_only
2022-05-01,2021/22,Global,global_exporter_harvest_calendar,Global exporter harvest calendar,calendar,39.0,index,recurring_monthly_harvest_calendar,Curated global maize exporter harvest calendar,https://www.fao.org/,curated
2022-05-01,2022/23,India,imports,Imports,trade,0.0,million_tonnes,annual_imports_to_monthly_uniform_proxy,Local supply-demand analytics store,D:\ncel2\ncel-commodity-pricing\backend\data\supply_demand_analytics.db,mixed
2022-05-01,2021/22,Argentina,major_producer_crop_conditions,Major producer crop conditions,crop_condition,54.0,index,recurring_monthly_crop_condition_profile,Curated global maize crop-condition profile,https://www.usda.gov/,curated
2022-05-01,2021/22,Brazil,major_producer_crop_conditions,Major producer crop conditions,crop_condition,58.0,index,recurring_monthly_crop_condition_profile,Curated global maize crop-condition profile,https://www.usda.gov/,curated
2022-05-01,2021/22,Ukraine,major_producer_crop_conditions,Major producer crop conditions,crop_condition,60.0,index,recurring_monthly_crop_condition_profile,Curated global maize crop-condition profile,https://www.usda.gov/,curated
2022-05-01,2021/22,United States,major_producer_crop_conditions,Major producer crop conditions,crop_condition,63.0,index,recurring_monthly_crop_condition_profile,Curated global maize crop-condition profile,https://www.usda.gov/,curated
2022-05-01,2022/23,India,opening_stock,Opening stocks,stock,2.418909,million_tonnes,annual_opening_to_closing_stock_interpolation,Local supply-demand analytics store,D:\ncel2\ncel-commodity-pricing\backend\data\supply_demand_analytics.db,mixed
2022-05-01,2022/23,India,total_availability,Total availability,derived,4.323909,million_tonnes,opening_stock_plus_domestic_production_plus_imports,Derived inside Maize supply store,D:\ncel2\ncel-commodity-pricing\SnD\supply\maize\maize_supply_factors.db,derived
2022-05-01,2022/23,Argentina,usda_global_production,USDA global production by country,global_production,51.6,million_tonnes,backfilled_from_2023_24_usda_snapshot,USDA WASDE March 2026 local text snapshot,D:\ncel2\ncel-commodity-pricing\backend\data\tmp_wasde0326.txt,partial
2022-05-01,2022/23,Brazil,usda_global_production,USDA global production by country,global_production,119.0,million_tonnes,backfilled_from_2023_24_usda_snapshot,USDA WASDE March 2026 local text snapshot,D:\ncel2\ncel-commodity-pricing\backend\data\tmp_wasde0326.txt,partial
2022-05-01,2022/23,Ukraine,usda_global_production,USDA global production by country,global_production,32.5,million_tonnes,backfilled_from_2023_24_usda_snapshot,USDA WASDE March 2026 local text snapshot,D:\ncel2\ncel-commodity-pricing\backend\data\tmp_wasde0326.txt,partial
2022-05-01,2022/23,United States,usda_global_production,USDA global production by country,global_production,389.67,million_tonnes,backfilled_from_2023_24_usda_snapshot,USDA WASDE March 2026 local text snapshot,D:\ncel2\ncel-commodity-pricing\backend\data\tmp_wasde0326.txt,partial
2022-05-01,2022/23,India,yield_per_hectare,Yield per hectare,yield,3545.0,kg_per_hectare,annual_hold_constant_monthly,Economic Survey Statistical Appendix,https://www.indiabudget.gov.in/economicsurvey/doc/Statistical-Appendix-in-English.pdf,annual_only
2022-06-01,2022/23,India,acreage_sown_area,Acreage (sown area),area,10.7,million_hectare,annual_hold_constant_monthly,Economic Survey Statistical Appendix,https://www.indiabudget.gov.in/economicsurvey/doc/Statistical-Appendix-in-English.pdf,annual_only
2022-06-01,2021/22,Global,brazil_safrinha_harvest_calendar,Brazil safrinha harvest calendar,calendar,92.0,index,recurring_monthly_harvest_calendar,Curated Brazil safrinha harvest calendar,https://www.fao.org/,curated
2022-06-01,2022/23,India,buffer_stock,Buffer stock,stock,2.442818,million_tonnes,annual_opening_to_closing_stock_interpolation,Local supply-demand analytics store,D:\ncel2\ncel-commodity-pricing\backend\data\supply_demand_analytics.db,mixed
2022-06-01,2022/23,India,domestic_production,Domestic production,production,3.048,million_tonnes,annual_production_to_monthly_harvest_release_proxy,Economic Survey Statistical Appendix,https://www.indiabudget.gov.in/economicsurvey/doc/Statistical-Appendix-in-English.pdf,annual_only
2022-06-01,2021/22,Global,global_exporter_harvest_calendar,Global exporter harvest calendar,calendar,55.0,index,recurring_monthly_harvest_calendar,Curated global maize exporter harvest calendar,https://www.fao.org/,curated
2022-06-01,2022/23,India,imports,Imports,trade,0.0,million_tonnes,annual_imports_to_monthly_uniform_proxy,Local supply-demand analytics store,D:\ncel2\ncel-commodity-pricing\backend\data\supply_demand_analytics.db,mixed
2022-06-01,2021/22,Argentina,major_producer_crop_conditions,Major producer crop conditions,crop_condition,52.0,index,recurring_monthly_crop_condition_profile,Curated global maize crop-condition profile,https://www.usda.gov/,curated
2022-06-01,2021/22,Brazil,major_producer_crop_conditions,Major producer crop conditions,crop_condition,56.0,index,recurring_monthly_crop_condition_profile,Curated global maize crop-condition profile,https://www.usda.gov/,curated
2022-06-01,2021/22,Ukraine,major_producer_crop_conditions,Major producer crop conditions,crop_condition,70.0,index,recurring_monthly_crop_condition_profile,Curated global maize crop-condition profile,https://www.usda.gov/,curated
2022-06-01,2021/22,United States,major_producer_crop_conditions,Major producer crop conditions,crop_condition,74.0,index,recurring_monthly_crop_condition_profile,Curated global maize crop-condition profile,https://www.usda.gov/,curated
2022-06-01,2022/23,India,opening_stock,Opening stocks,stock,2.442818,million_tonnes,annual_opening_to_closing_stock_interpolation,Local supply-demand analytics store,D:\ncel2\ncel-commodity-pricing\backend\data\supply_demand_analytics.db,mixed
2022-06-01,2022/23,India,total_availability,Total availability,derived,5.490818,million_tonnes,opening_stock_plus_domestic_production_plus_imports,Derived inside Maize supply store,D:\ncel2\ncel-commodity-pricing\SnD\supply\maize\maize_supply_factors.db,derived
2022-06-01,2022/23,Argentina,usda_global_production,USDA global production by country,global_production,51.6,million_tonnes,backfilled_from_2023_24_usda_snapshot,USDA WASDE March 2026 local text snapshot,D:\ncel2\ncel-commodity-pricing\backend\data\tmp_wasde0326.txt,partial
2022-06-01,2022/23,Brazil,usda_global_production,USDA global production by country,global_production,119.0,million_tonnes,backfilled_from_2023_24_usda_snapshot,USDA WASDE March 2026 local text snapshot,D:\ncel2\ncel-commodity-pricing\backend\data\tmp_wasde0326.txt,partial
2022-06-01,2022/23,Ukraine,usda_global_production,USDA global production by country,global_production,32.5,million_tonnes,backfilled_from_2023_24_usda_snapshot,USDA WASDE March 2026 local text snapshot,D:\ncel2\ncel-commodity-pricing\backend\data\tmp_wasde0326.txt,partial
2022-06-01,2022/23,United States,usda_global_production,USDA global production by country,global_production,389.67,million_tonnes,backfilled_from_2023_24_usda_snapshot,USDA WASDE March 2026 local text snapshot,D:\ncel2\ncel-commodity-pricing\backend\data\tmp_wasde0326.txt,partial
2022-06-01,2022/23,India,yield_per_hectare,Yield per hectare,yield,3545.0,kg_per_hectare,annual_hold_constant_monthly,Economic Survey Statistical Appendix,https://www.indiabudget.gov.in/economicsurvey/doc/Statistical-Appendix-in-English.pdf,annual_only
2022-07-01,2022/23,India,acreage_sown_area,Acreage (sown area),area,10.7,million_hectare,annual_hold_constant_monthly,Economic Survey Statistical Appendix,https://www.indiabudget.gov.in/economicsurvey/doc/Statistical-Appendix-in-English.pdf,annual_only
2022-07-01,2021/22,Global,brazil_safrinha_harvest_calendar,Brazil safrinha harvest calendar,calendar,100.0,index,recurring_monthly_harvest_calendar,Curated Brazil safrinha harvest calendar,https://www.fao.org/,curated
2022-07-01,2022/23,India,buffer_stock,Buffer stock,stock,2.466727,million_tonnes,annual_opening_to_closing_stock_interpolation,Local supply-demand analytics store,D:\ncel2\ncel-commodity-pricing\backend\data\supply_demand_analytics.db,mixed
2022-07-01,2022/23,India,domestic_production,Domestic production,production,3.429,million_tonnes,annual_production_to_monthly_harvest_release_proxy,Economic Survey Statistical Appendix,https://www.indiabudget.gov.in/economicsurvey/doc/Statistical-Appendix-in-English.pdf,annual_only
2022-07-01,2021/22,Global,global_exporter_harvest_calendar,Global exporter harvest calendar,calendar,73.0,index,recurring_monthly_harvest_calendar,Curated global maize exporter harvest calendar,https://www.fao.org/,curated
2022-07-01,2022/23,India,imports,Imports,trade,0.0,million_tonnes,annual_imports_to_monthly_uniform_proxy,Local supply-demand analytics store,D:\ncel2\ncel-commodity-pricing\backend\data\supply_demand_analytics.db,mixed
2022-07-01,2021/22,Argentina,major_producer_crop_conditions,Major producer crop conditions,crop_condition,50.0,index,recurring_monthly_crop_condition_profile,Curated global maize crop-condition profile,https://www.usda.gov/,curated
2022-07-01,2021/22,Brazil,major_producer_crop_conditions,Major producer crop conditions,crop_condition,55.0,index,recurring_monthly_crop_condition_profile,Curated global maize crop-condition profile,https://www.usda.gov/,curated
2022-07-01,2021/22,Ukraine,major_producer_crop_conditions,Major producer crop conditions,crop_condition,76.0,index,recurring_monthly_crop_condition_profile,Curated global maize crop-condition profile,https://www.usda.gov/,curated
2022-07-01,2021/22,United States,major_producer_crop_conditions,Major producer crop conditions,crop_condition,78.0,index,recurring_monthly_crop_condition_profile,Curated global maize crop-condition profile,https://www.usda.gov/,curated
2022-07-01,2022/23,India,opening_stock,Opening stocks,stock,2.466727,million_tonnes,annual_opening_to_closing_stock_interpolation,Local supply-demand analytics store,D:\ncel2\ncel-commodity-pricing\backend\data\supply_demand_analytics.db,mixed
2022-07-01,2022/23,India,total_availability,Total availability,derived,5.895727,million_tonnes,opening_stock_plus_domestic_production_plus_imports,Derived inside Maize supply store,D:\ncel2\ncel-commodity-pricing\SnD\supply\maize\maize_supply_factors.db,derived
2022-07-01,2022/23,Argentina,usda_global_production,USDA global production by country,global_production,51.6,million_tonnes,backfilled_from_2023_24_usda_snapshot,USDA WASDE March 2026 local text snapshot,D:\ncel2\ncel-commodity-pricing\backend\data\tmp_wasde0326.txt,partial
2022-07-01,2022/23,Brazil,usda_global_production,USDA global production by country,global_production,119.0,million_tonnes,backfilled_from_2023_24_usda_snapshot,USDA WASDE March 2026 local text snapshot,D:\ncel2\ncel-commodity-pricing\backend\data\tmp_wasde0326.txt,partial
2022-07-01,2022/23,Ukraine,usda_global_production,USDA global production by country,global_production,32.5,million_tonnes,backfilled_from_2023_24_usda_snapshot,USDA WASDE March 2026 local text snapshot,D:\ncel2\ncel-commodity-pricing\backend\data\tmp_wasde0326.txt,partial
2022-07-01,2022/23,United States,usda_global_production,USDA global production by country,global_production,389.67,million_tonnes,backfilled_from_2023_24_usda_snapshot,USDA WASDE March 2026 local text snapshot,D:\ncel2\ncel-commodity-pricing\backend\data\tmp_wasde0326.txt,partial
2022-07-01,2022/23,India,yield_per_hectare,Yield per hectare,yield,3545.0,kg_per_hectare,annual_hold_constant_monthly,Economic Survey Statistical Appendix,https://www.indiabudget.gov.in/economicsurvey/doc/Statistical-Appendix-in-English.pdf,annual_only
2022-08-01,2022/23,India,acreage_sown_area,Acreage (sown area),area,10.7,million_hectare,annual_hold_constant_monthly,Economic Survey Statistical Appendix,https://www.indiabudget.gov.in/economicsurvey/doc/Statistical-Appendix-in-English.pdf,annual_only
2022-08-01,2021/22,Global,brazil_safrinha_harvest_calendar,Brazil safrinha harvest calendar,calendar,82.0,index,recurring_monthly_harvest_calendar,Curated Brazil safrinha harvest calendar,https://www.fao.org/,curated
2022-08-01,2022/23,India,buffer_stock,Buffer stock,stock,2.490636,million_tonnes,annual_opening_to_closing_stock_interpolation,Local supply-demand analytics store,D:\ncel2\ncel-commodity-pricing\backend\data\supply_demand_analytics.db,mixed
2022-08-01,2022/23,India,domestic_production,Domestic production,production,3.429,million_tonnes,annual_production_to_monthly_harvest_release_proxy,Economic Survey Statistical Appendix,https://www.indiabudget.gov.in/economicsurvey/doc/Statistical-Appendix-in-English.pdf,annual_only
2022-08-01,2021/22,Global,global_exporter_harvest_calendar,Global exporter harvest calendar,calendar,88.0,index,recurring_monthly_harvest_calendar,Curated global maize exporter harvest calendar,https://www.fao.org/,curated
2022-08-01,2022/23,India,imports,Imports,trade,0.0,million_tonnes,annual_imports_to_monthly_uniform_proxy,Local supply-demand analytics store,D:\ncel2\ncel-commodity-pricing\backend\data\supply_demand_analytics.db,mixed
2022-08-01,2021/22,Argentina,major_producer_crop_conditions,Major producer crop conditions,crop_condition,51.0,index,recurring_monthly_crop_condition_profile,Curated global maize crop-condition profile,https://www.usda.gov/,curated
2022-08-01,2021/22,Brazil,major_producer_crop_conditions,Major producer crop conditions,crop_condition,57.0,index,recurring_monthly_crop_condition_profile,Curated global maize crop-condition profile,https://www.usda.gov/,curated
2022-08-01,2021/22,Ukraine,major_producer_crop_conditions,Major producer crop conditions,crop_condition,73.0,index,recurring_monthly_crop_condition_profile,Curated global maize crop-condition profile,https://www.usda.gov/,curated
2022-08-01,2021/22,United States,major_producer_crop_conditions,Major producer crop conditions,crop_condition,71.0,index,recurring_monthly_crop_condition_profile,Curated global maize crop-condition profile,https://www.usda.gov/,curated
2022-08-01,2022/23,India,opening_stock,Opening stocks,stock,2.490636,million_tonnes,annual_opening_to_closing_stock_interpolation,Local supply-demand analytics store,D:\ncel2\ncel-commodity-pricing\backend\data\supply_demand_analytics.db,mixed
2022-08-01,2022/23,India,total_availability,Total availability,derived,5.919636,million_tonnes,opening_stock_plus_domestic_production_plus_imports,Derived inside Maize supply store,D:\ncel2\ncel-commodity-pricing\SnD\supply\maize\maize_supply_factors.db,derived
2022-08-01,2022/23,Argentina,usda_global_production,USDA global production by country,global_production,51.6,million_tonnes,backfilled_from_2023_24_usda_snapshot,USDA WASDE March 2026 local text snapshot,D:\ncel2\ncel-commodity-pricing\backend\data\tmp_wasde0326.txt,partial
2022-08-01,2022/23,Brazil,usda_global_production,USDA global production by country,global_production,119.0,million_tonnes,backfilled_from_2023_24_usda_snapshot,USDA WASDE March 2026 local text snapshot,D:\ncel2\ncel-commodity-pricing\backend\data\tmp_wasde0326.txt,partial
2022-08-01,2022/23,Ukraine,usda_global_production,USDA global production by country,global_production,32.5,million_tonnes,backfilled_from_2023_24_usda_snapshot,USDA WASDE March 2026 local text snapshot,D:\ncel2\ncel-commodity-pricing\backend\data\tmp_wasde0326.txt,partial
2022-08-01,2022/23,United States,usda_global_production,USDA global production by country,global_production,389.67,million_tonnes,backfilled_from_2023_24_usda_snapshot,USDA WASDE March 2026 local text snapshot,D:\ncel2\ncel-commodity-pricing\backend\data\tmp_wasde0326.txt,partial
2022-08-01,2022/23,India,yield_per_hectare,Yield per hectare,yield,3545.0,kg_per_hectare,annual_hold_constant_monthly,Economic Survey Statistical Appendix,https://www.indiabudget.gov.in/economicsurvey/doc/Statistical-Appendix-in-English.pdf,annual_only
2022-09-01,2022/23,India,acreage_sown_area,Acreage (sown area),area,10.7,million_hectare,annual_hold_constant_monthly,Economic Survey Statistical Appendix,https://www.indiabudget.gov.in/economicsurvey/doc/Statistical-Appendix-in-English.pdf,annual_only
2022-09-01,2021/22,Global,brazil_safrinha_harvest_calendar,Brazil safrinha harvest calendar,calendar,44.0,index,recurring_monthly_harvest_calendar,Curated Brazil safrinha harvest calendar,https://www.fao.org/,curated
2022-09-01,2022/23,India,buffer_stock,Buffer stock,stock,2.514545,million_tonnes,annual_opening_to_closing_stock_interpolation,Local supply-demand analytics store,D:\ncel2\ncel-commodity-pricing\backend\data\supply_demand_analytics.db,mixed
2022-09-01,2022/23,India,domestic_production,Domestic production,production,5.334,million_tonnes,annual_production_to_monthly_harvest_release_proxy,Economic Survey Statistical Appendix,https://www.indiabudget.gov.in/economicsurvey/doc/Statistical-Appendix-in-English.pdf,annual_only
2022-09-01,2021/22,Global,global_exporter_harvest_calendar,Global exporter harvest calendar,calendar,100.0,index,recurring_monthly_harvest_calendar,Curated global maize exporter harvest calendar,https://www.fao.org/,curated
2022-09-01,2022/23,India,imports,Imports,trade,0.0,million_tonnes,annual_imports_to_monthly_uniform_proxy,Local supply-demand analytics store,D:\ncel2\ncel-commodity-pricing\backend\data\supply_demand_analytics.db,mixed
2022-09-01,2021/22,Argentina,major_producer_crop_conditions,Major producer crop conditions,crop_condition,55.0,index,recurring_monthly_crop_condition_profile,Curated global maize crop-condition profile,https://www.usda.gov/,curated
2022-09-01,2021/22,Brazil,major_producer_crop_conditions,Major producer crop conditions,crop_condition,60.0,index,recurring_monthly_crop_condition_profile,Curated global maize crop-condition profile,https://www.usda.gov/,curated
2022-09-01,2021/22,Ukraine,major_producer_crop_conditions,Major producer crop conditions,crop_condition,64.0,index,recurring_monthly_crop_condition_profile,Curated global maize crop-condition profile,https://www.usda.gov/,curated
2022-09-01,2021/22,United States,major_producer_crop_conditions,Major producer crop conditions,crop_condition,60.0,index,recurring_monthly_crop_condition_profile,Curated global maize crop-condition profile,https://www.usda.gov/,curated
2022-09-01,2022/23,India,opening_stock,Opening stocks,stock,2.514545,million_tonnes,annual_opening_to_closing_stock_interpolation,Local supply-demand analytics store,D:\ncel2\ncel-commodity-pricing\backend\data\supply_demand_analytics.db,mixed
2022-09-01,2022/23,India,total_availability,Total availability,derived,7.848545,million_tonnes,opening_stock_plus_domestic_production_plus_imports,Derived inside Maize supply store,D:\ncel2\ncel-commodity-pricing\SnD\supply\maize\maize_supply_factors.db,derived
2022-09-01,2022/23,Argentina,usda_global_production,USDA global production by country,global_production,51.6,million_tonnes,backfilled_from_2023_24_usda_snapshot,USDA WASDE March 2026 local text snapshot,D:\ncel2\ncel-commodity-pricing\backend\data\tmp_wasde0326.txt,partial
2022-09-01,2022/23,Brazil,usda_global_production,USDA global production by country,global_production,119.0,million_tonnes,backfilled_from_2023_24_usda_snapshot,USDA WASDE March 2026 local text snapshot,D:\ncel2\ncel-commodity-pricing\backend\data\tmp_wasde0326.txt,partial
2022-09-01,2022/23,Ukraine,usda_global_production,USDA global production by country,global_production,32.5,million_tonnes,backfilled_from_2023_24_usda_snapshot,USDA WASDE March 2026 local text snapshot,D:\ncel2\ncel-commodity-pricing\backend\data\tmp_wasde0326.txt,partial
2022-09-01,2022/23,United States,usda_global_production,USDA global production by country,global_production,389.67,million_tonnes,backfilled_from_2023_24_usda_snapshot,USDA WASDE March 2026 local text snapshot,D:\ncel2\ncel-commodity-pricing\backend\data\tmp_wasde0326.txt,partial
2022-09-01,2022/23,India,yield_per_hectare,Yield per hectare,yield,3545.0,kg_per_hectare,annual_hold_constant_monthly,Economic Survey Statistical Appendix,https://www.indiabudget.gov.in/economicsurvey/doc/Statistical-Appendix-in-English.pdf,annual_only
2022-10-01,2022/23,India,acreage_sown_area,Acreage (sown area),area,10.7,million_hectare,annual_hold_constant_monthly,Economic Survey Statistical Appendix,https://www.indiabudget.gov.in/economicsurvey/doc/Statistical-Appendix-in-English.pdf,annual_only
2022-10-01,2022/23,Global,brazil_safrinha_harvest_calendar,Brazil safrinha harvest calendar,calendar,18.0,index,recurring_monthly_harvest_calendar,Curated Brazil safrinha harvest calendar,https://www.fao.org/,curated
2022-10-01,2022/23,India,buffer_stock,Buffer stock,stock,2.538455,million_tonnes,annual_opening_to_closing_stock_interpolation,Local supply-demand analytics store,D:\ncel2\ncel-commodity-pricing\backend\data\supply_demand_analytics.db,mixed
2022-10-01,2022/23,India,domestic_production,Domestic production,production,6.858,million_tonnes,annual_production_to_monthly_harvest_release_proxy,Economic Survey Statistical Appendix,https://www.indiabudget.gov.in/economicsurvey/doc/Statistical-Appendix-in-English.pdf,annual_only
2022-10-01,2022/23,Global,global_exporter_harvest_calendar,Global exporter harvest calendar,calendar,94.0,index,recurring_monthly_harvest_calendar,Curated global maize exporter harvest calendar,https://www.fao.org/,curated
2022-10-01,2022/23,India,imports,Imports,trade,0.0,million_tonnes,annual_imports_to_monthly_uniform_proxy,Local supply-demand analytics store,D:\ncel2\ncel-commodity-pricing\backend\data\supply_demand_analytics.db,mixed
2022-10-01,2022/23,Argentina,major_producer_crop_conditions,Major producer crop conditions,crop_condition,61.0,index,recurring_monthly_crop_condition_profile,Curated global maize crop-condition profile,https://www.usda.gov/,curated
2022-10-01,2022/23,Brazil,major_producer_crop_conditions,Major producer crop conditions,crop_condition,65.0,index,recurring_monthly_crop_condition_profile,Curated global maize crop-condition profile,https://www.usda.gov/,curated
2022-10-01,2022/23,Ukraine,major_producer_crop_conditions,Major producer crop conditions,crop_condition,53.0,index,recurring_monthly_crop_condition_profile,Curated global maize crop-condition profile,https://www.usda.gov/,curated
2022-10-01,2022/23,United States,major_producer_crop_conditions,Major producer crop conditions,crop_condition,48.0,index,recurring_monthly_crop_condition_profile,Curated global maize crop-condition profile,https://www.usda.gov/,curated
2022-10-01,2022/23,India,opening_stock,Opening stocks,stock,2.538455,million_tonnes,annual_opening_to_closing_stock_interpolation,Local supply-demand analytics store,D:\ncel2\ncel-commodity-pricing\backend\data\supply_demand_analytics.db,mixed
2022-10-01,2022/23,India,total_availability,Total availability,derived,9.396455,million_tonnes,opening_stock_plus_domestic_production_plus_imports,Derived inside Maize supply store,D:\ncel2\ncel-commodity-pricing\SnD\supply\maize\maize_supply_factors.db,derived
2022-10-01,2022/23,Argentina,usda_global_production,USDA global production by country,global_production,51.6,million_tonnes,backfilled_from_2023_24_usda_snapshot,USDA WASDE March 2026 local text snapshot,D:\ncel2\ncel-commodity-pricing\backend\data\tmp_wasde0326.txt,partial
2022-10-01,2022/23,Brazil,usda_global_production,USDA global production by country,global_production,119.0,million_tonnes,backfilled_from_2023_24_usda_snapshot,USDA WASDE March 2026 local text snapshot,D:\ncel2\ncel-commodity-pricing\backend\data\tmp_wasde0326.txt,partial
2022-10-01,2022/23,Ukraine,usda_global_production,USDA global production by country,global_production,32.5,million_tonnes,backfilled_from_2023_24_usda_snapshot,USDA WASDE March 2026 local text snapshot,D:\ncel2\ncel-commodity-pricing\backend\data\tmp_wasde0326.txt,partial
2022-10-01,2022/23,United States,usda_global_production,USDA global production by country,global_production,389.67,million_tonnes,backfilled_from_2023_24_usda_snapshot,USDA WASDE March 2026 local text snapshot,D:\ncel2\ncel-commodity-pricing\backend\data\tmp_wasde0326.txt,partial
2022-10-01,2022/23,India,yield_per_hectare,Yield per hectare,yield,3545.0,kg_per_hectare,annual_hold_constant_monthly,Economic Survey Statistical Appendix,https://www.indiabudget.gov.in/economicsurvey/doc/Statistical-Appendix-in-English.pdf,annual_only
2022-11-01,2022/23,India,acreage_sown_area,Acreage (sown area),area,10.7,million_hectare,annual_hold_constant_monthly,Economic Survey Statistical Appendix,https://www.indiabudget.gov.in/economicsurvey/doc/Statistical-Appendix-in-English.pdf,annual_only
2022-11-01,2022/23,Global,brazil_safrinha_harvest_calendar,Brazil safrinha harvest calendar,calendar,8.0,index,recurring_monthly_harvest_calendar,Curated Brazil safrinha harvest calendar,https://www.fao.org/,curated
2022-11-01,2022/23,India,buffer_stock,Buffer stock,stock,2.562364,million_tonnes,annual_opening_to_closing_stock_interpolation,Local supply-demand analytics store,D:\ncel2\ncel-commodity-pricing\backend\data\supply_demand_analytics.db,mixed
2022-11-01,2022/23,India,domestic_production,Domestic production,production,6.096,million_tonnes,annual_production_to_monthly_harvest_release_proxy,Economic Survey Statistical Appendix,https://www.indiabudget.gov.in/economicsurvey/doc/Statistical-Appendix-in-English.pdf,annual_only
2022-11-01,2022/23,Global,global_exporter_harvest_calendar,Global exporter harvest calendar,calendar,76.0,index,recurring_monthly_harvest_calendar,Curated global maize exporter harvest calendar,https://www.fao.org/,curated
2022-11-01,2022/23,India,imports,Imports,trade,0.0,million_tonnes,annual_imports_to_monthly_uniform_proxy,Local supply-demand analytics store,D:\ncel2\ncel-commodity-pricing\backend\data\supply_demand_analytics.db,mixed
2022-11-01,2022/23,Argentina,major_producer_crop_conditions,Major producer crop conditions,crop_condition,66.0,index,recurring_monthly_crop_condition_profile,Curated global maize crop-condition profile,https://www.usda.gov/,curated
2022-11-01,2022/23,Brazil,major_producer_crop_conditions,Major producer crop conditions,crop_condition,69.0,index,recurring_monthly_crop_condition_profile,Curated global maize crop-condition profile,https://www.usda.gov/,curated
2022-11-01,2022/23,Ukraine,major_producer_crop_conditions,Major producer crop conditions,crop_condition,45.0,index,recurring_monthly_crop_condition_profile,Curated global maize crop-condition profile,https://www.usda.gov/,curated
2022-11-01,2022/23,United States,major_producer_crop_conditions,Major producer crop conditions,crop_condition,40.0,index,recurring_monthly_crop_condition_profile,Curated global maize crop-condition profile,https://www.usda.gov/,curated
2022-11-01,2022/23,India,opening_stock,Opening stocks,stock,2.562364,million_tonnes,annual_opening_to_closing_stock_interpolation,Local supply-demand analytics store,D:\ncel2\ncel-commodity-pricing\backend\data\supply_demand_analytics.db,mixed
2022-11-01,2022/23,India,total_availability,Total availability,derived,8.658364,million_tonnes,opening_stock_plus_domestic_production_plus_imports,Derived inside Maize supply store,D:\ncel2\ncel-commodity-pricing\SnD\supply\maize\maize_supply_factors.db,derived
2022-11-01,2022/23,Argentina,usda_global_production,USDA global production by country,global_production,51.6,million_tonnes,backfilled_from_2023_24_usda_snapshot,USDA WASDE March 2026 local text snapshot,D:\ncel2\ncel-commodity-pricing\backend\data\tmp_wasde0326.txt,partial
2022-11-01,2022/23,Brazil,usda_global_production,USDA global production by country,global_production,119.0,million_tonnes,backfilled_from_2023_24_usda_snapshot,USDA WASDE March 2026 local text snapshot,D:\ncel2\ncel-commodity-pricing\backend\data\tmp_wasde0326.txt,partial
2022-11-01,2022/23,Ukraine,usda_global_production,USDA global production by country,global_production,32.5,million_tonnes,backfilled_from_2023_24_usda_snapshot,USDA WASDE March 2026 local text snapshot,D:\ncel2\ncel-commodity-pricing\backend\data\tmp_wasde0326.txt,partial
2022-11-01,2022/23,United States,usda_global_production,USDA global production by country,global_production,389.67,million_tonnes,backfilled_from_2023_24_usda_snapshot,USDA WASDE March 2026 local text snapshot,D:\ncel2\ncel-commodity-pricing\backend\data\tmp_wasde0326.txt,partial
2022-11-01,2022/23,India,yield_per_hectare,Yield per hectare,yield,3545.0,kg_per_hectare,annual_hold_constant_monthly,Economic Survey Statistical Appendix,https://www.indiabudget.gov.in/economicsurvey/doc/Statistical-Appendix-in-English.pdf,annual_only
2022-12-01,2022/23,India,acreage_sown_area,Acreage (sown area),area,10.7,million_hectare,annual_hold_constant_monthly,Economic Survey Statistical Appendix,https://www.indiabudget.gov.in/economicsurvey/doc/Statistical-Appendix-in-English.pdf,annual_only
2022-12-01,2022/23,Global,brazil_safrinha_harvest_calendar,Brazil safrinha harvest calendar,calendar,5.0,index,recurring_monthly_harvest_calendar,Curated Brazil safrinha harvest calendar,https://www.fao.org/,curated
2022-12-01,2022/23,India,buffer_stock,Buffer stock,stock,2.586273,million_tonnes,annual_opening_to_closing_stock_interpolation,Local supply-demand analytics store,D:\ncel2\ncel-commodity-pricing\backend\data\supply_demand_analytics.db,mixed
2022-12-01,2022/23,India,domestic_production,Domestic production,production,3.429,million_tonnes,annual_production_to_monthly_harvest_release_proxy,Economic Survey Statistical Appendix,https://www.indiabudget.gov.in/economicsurvey/doc/Statistical-Appendix-in-English.pdf,annual_only
2022-12-01,2022/23,Global,global_exporter_harvest_calendar,Global exporter harvest calendar,calendar,58.0,index,recurring_monthly_harvest_calendar,Curated global maize exporter harvest calendar,https://www.fao.org/,curated
2022-12-01,2022/23,India,imports,Imports,trade,0.0,million_tonnes,annual_imports_to_monthly_uniform_proxy,Local supply-demand analytics store,D:\ncel2\ncel-commodity-pricing\backend\data\supply_demand_analytics.db,mixed
2022-12-01,2022/23,Argentina,major_producer_crop_conditions,Major producer crop conditions,crop_condition,68.0,index,recurring_monthly_crop_condition_profile,Curated global maize crop-condition profile,https://www.usda.gov/,curated
2022-12-01,2022/23,Brazil,major_producer_crop_conditions,Major producer crop conditions,crop_condition,71.0,index,recurring_monthly_crop_condition_profile,Curated global maize crop-condition profile,https://www.usda.gov/,curated
2022-12-01,2022/23,Ukraine,major_producer_crop_conditions,Major producer crop conditions,crop_condition,42.0,index,recurring_monthly_crop_condition_profile,Curated global maize crop-condition profile,https://www.usda.gov/,curated
2022-12-01,2022/23,United States,major_producer_crop_conditions,Major producer crop conditions,crop_condition,36.0,index,recurring_monthly_crop_condition_profile,Curated global maize crop-condition profile,https://www.usda.gov/,curated
2022-12-01,2022/23,India,opening_stock,Opening stocks,stock,2.586273,million_tonnes,annual_opening_to_closing_stock_interpolation,Local supply-demand analytics store,D:\ncel2\ncel-commodity-pricing\backend\data\supply_demand_analytics.db,mixed
2022-12-01,2022/23,India,total_availability,Total availability,derived,6.015273,million_tonnes,opening_stock_plus_domestic_production_plus_imports,Derived inside Maize supply store,D:\ncel2\ncel-commodity-pricing\SnD\supply\maize\maize_supply_factors.db,derived
2022-12-01,2022/23,Argentina,usda_global_production,USDA global production by country,global_production,51.6,million_tonnes,backfilled_from_2023_24_usda_snapshot,USDA WASDE March 2026 local text snapshot,D:\ncel2\ncel-commodity-pricing\backend\data\tmp_wasde0326.txt,partial
2022-12-01,2022/23,Brazil,usda_global_production,USDA global production by country,global_production,119.0,million_tonnes,backfilled_from_2023_24_usda_snapshot,USDA WASDE March 2026 local text snapshot,D:\ncel2\ncel-commodity-pricing\backend\data\tmp_wasde0326.txt,partial
2022-12-01,2022/23,Ukraine,usda_global_production,USDA global production by country,global_production,32.5,million_tonnes,backfilled_from_2023_24_usda_snapshot,USDA WASDE March 2026 local text snapshot,D:\ncel2\ncel-commodity-pricing\backend\data\tmp_wasde0326.txt,partial
2022-12-01,2022/23,United States,usda_global_production,USDA global production by country,global_production,389.67,million_tonnes,backfilled_from_2023_24_usda_snapshot,USDA WASDE March 2026 local text snapshot,D:\ncel2\ncel-commodity-pricing\backend\data\tmp_wasde0326.txt,partial
2022-12-01,2022/23,India,yield_per_hectare,Yield per hectare,yield,3545.0,kg_per_hectare,annual_hold_constant_monthly,Economic Survey Statistical Appendix,https://www.indiabudget.gov.in/economicsurvey/doc/Statistical-Appendix-in-English.pdf,annual_only
2023-01-01,2022/23,India,acreage_sown_area,Acreage (sown area),area,10.7,million_hectare,annual_hold_constant_monthly,Economic Survey Statistical Appendix,https://www.indiabudget.gov.in/economicsurvey/doc/Statistical-Appendix-in-English.pdf,annual_only
2023-01-01,2022/23,Global,brazil_safrinha_harvest_calendar,Brazil safrinha harvest calendar,calendar,12.0,index,recurring_monthly_harvest_calendar,Curated Brazil safrinha harvest calendar,https://www.fao.org/,curated
2023-01-01,2022/23,India,buffer_stock,Buffer stock,stock,2.610182,million_tonnes,annual_opening_to_closing_stock_interpolation,Local supply-demand analytics store,D:\ncel2\ncel-commodity-pricing\backend\data\supply_demand_analytics.db,mixed
2023-01-01,2022/23,India,domestic_production,Domestic production,production,1.905,million_tonnes,annual_production_to_monthly_harvest_release_proxy,Economic Survey Statistical Appendix,https://www.indiabudget.gov.in/economicsurvey/doc/Statistical-Appendix-in-English.pdf,annual_only
2023-01-01,2022/23,Global,global_exporter_harvest_calendar,Global exporter harvest calendar,calendar,34.0,index,recurring_monthly_harvest_calendar,Curated global maize exporter harvest calendar,https://www.fao.org/,curated
2023-01-01,2022/23,India,imports,Imports,trade,0.0,million_tonnes,annual_imports_to_monthly_uniform_proxy,Local supply-demand analytics store,D:\ncel2\ncel-commodity-pricing\backend\data\supply_demand_analytics.db,mixed
2023-01-01,2022/23,Argentina,major_producer_crop_conditions,Major producer crop conditions,crop_condition,69.0,index,recurring_monthly_crop_condition_profile,Curated global maize crop-condition profile,https://www.usda.gov/,curated
2023-01-01,2022/23,Brazil,major_producer_crop_conditions,Major producer crop conditions,crop_condition,72.0,index,recurring_monthly_crop_condition_profile,Curated global maize crop-condition profile,https://www.usda.gov/,curated
2023-01-01,2022/23,Ukraine,major_producer_crop_conditions,Major producer crop conditions,crop_condition,41.0,index,recurring_monthly_crop_condition_profile,Curated global maize crop-condition profile,https://www.usda.gov/,curated
2023-01-01,2022/23,United States,major_producer_crop_conditions,Major producer crop conditions,crop_condition,38.0,index,recurring_monthly_crop_condition_profile,Curated global maize crop-condition profile,https://www.usda.gov/,curated
2023-01-01,2022/23,India,opening_stock,Opening stocks,stock,2.610182,million_tonnes,annual_opening_to_closing_stock_interpolation,Local supply-demand analytics store,D:\ncel2\ncel-commodity-pricing\backend\data\supply_demand_analytics.db,mixed
2023-01-01,2022/23,India,total_availability,Total availability,derived,4.515182,million_tonnes,opening_stock_plus_domestic_production_plus_imports,Derived inside Maize supply store,D:\ncel2\ncel-commodity-pricing\SnD\supply\maize\maize_supply_factors.db,derived
2023-01-01,2022/23,Argentina,usda_global_production,USDA global production by country,global_production,51.6,million_tonnes,backfilled_from_2023_24_usda_snapshot,USDA WASDE March 2026 local text snapshot,D:\ncel2\ncel-commodity-pricing\backend\data\tmp_wasde0326.txt,partial
2023-01-01,2022/23,Brazil,usda_global_production,USDA global production by country,global_production,119.0,million_tonnes,backfilled_from_2023_24_usda_snapshot,USDA WASDE March 2026 local text snapshot,D:\ncel2\ncel-commodity-pricing\backend\data\tmp_wasde0326.txt,partial
2023-01-01,2022/23,Ukraine,usda_global_production,USDA global production by country,global_production,32.5,million_tonnes,backfilled_from_2023_24_usda_snapshot,USDA WASDE March 2026 local text snapshot,D:\ncel2\ncel-commodity-pricing\backend\data\tmp_wasde0326.txt,partial
2023-01-01,2022/23,United States,usda_global_production,USDA global production by country,global_production,389.67,million_tonnes,backfilled_from_2023_24_usda_snapshot,USDA WASDE March 2026 local text snapshot,D:\ncel2\ncel-commodity-pricing\backend\data\tmp_wasde0326.txt,partial
2023-01-01,2022/23,India,yield_per_hectare,Yield per hectare,yield,3545.0,kg_per_hectare,annual_hold_constant_monthly,Economic Survey Statistical Appendix,https://www.indiabudget.gov.in/economicsurvey/doc/Statistical-Appendix-in-English.pdf,annual_only
2023-02-01,2022/23,India,acreage_sown_area,Acreage (sown area),area,10.7,million_hectare,annual_hold_constant_monthly,Economic Survey Statistical Appendix,https://www.indiabudget.gov.in/economicsurvey/doc/Statistical-Appendix-in-English.pdf,annual_only
2023-02-01,2022/23,Global,brazil_safrinha_harvest_calendar,Brazil safrinha harvest calendar,calendar,18.0,index,recurring_monthly_harvest_calendar,Curated Brazil safrinha harvest calendar,https://www.fao.org/,curated
2023-02-01,2022/23,India,buffer_stock,Buffer stock,stock,2.634091,million_tonnes,annual_opening_to_closing_stock_interpolation,Local supply-demand analytics store,D:\ncel2\ncel-commodity-pricing\backend\data\supply_demand_analytics.db,mixed
2023-02-01,2022/23,India,domestic_production,Domestic production,production,1.143,million_tonnes,annual_production_to_monthly_harvest_release_proxy,Economic Survey Statistical Appendix,https://www.indiabudget.gov.in/economicsurvey/doc/Statistical-Appendix-in-English.pdf,annual_only
2023-02-01,2022/23,Global,global_exporter_harvest_calendar,Global exporter harvest calendar,calendar,28.0,index,recurring_monthly_harvest_calendar,Curated global maize exporter harvest calendar,https://www.fao.org/,curated
2023-02-01,2022/23,India,imports,Imports,trade,0.0,million_tonnes,annual_imports_to_monthly_uniform_proxy,Local supply-demand analytics store,D:\ncel2\ncel-commodity-pricing\backend\data\supply_demand_analytics.db,mixed
2023-02-01,2022/23,Argentina,major_producer_crop_conditions,Major producer crop conditions,crop_condition,67.0,index,recurring_monthly_crop_condition_profile,Curated global maize crop-condition profile,https://www.usda.gov/,curated
2023-02-01,2022/23,Brazil,major_producer_crop_conditions,Major producer crop conditions,crop_condition,70.0,index,recurring_monthly_crop_condition_profile,Curated global maize crop-condition profile,https://www.usda.gov/,curated
2023-02-01,2022/23,Ukraine,major_producer_crop_conditions,Major producer crop conditions,crop_condition,39.0,index,recurring_monthly_crop_condition_profile,Curated global maize crop-condition profile,https://www.usda.gov/,curated
2023-02-01,2022/23,United States,major_producer_crop_conditions,Major producer crop conditions,crop_condition,35.0,index,recurring_monthly_crop_condition_profile,Curated global maize crop-condition profile,https://www.usda.gov/,curated
2023-02-01,2022/23,India,opening_stock,Opening stocks,stock,2.634091,million_tonnes,annual_opening_to_closing_stock_interpolation,Local supply-demand analytics store,D:\ncel2\ncel-commodity-pricing\backend\data\supply_demand_analytics.db,mixed
2023-02-01,2022/23,India,total_availability,Total availability,derived,3.777091,million_tonnes,opening_stock_plus_domestic_production_plus_imports,Derived inside Maize supply store,D:\ncel2\ncel-commodity-pricing\SnD\supply\maize\maize_supply_factors.db,derived
2023-02-01,2022/23,Argentina,usda_global_production,USDA global production by country,global_production,51.6,million_tonnes,backfilled_from_2023_24_usda_snapshot,USDA WASDE March 2026 local text snapshot,D:\ncel2\ncel-commodity-pricing\backend\data\tmp_wasde0326.txt,partial
2023-02-01,2022/23,Brazil,usda_global_production,USDA global production by country,global_production,119.0,million_tonnes,backfilled_from_2023_24_usda_snapshot,USDA WASDE March 2026 local text snapshot,D:\ncel2\ncel-commodity-pricing\backend\data\tmp_wasde0326.txt,partial
2023-02-01,2022/23,Ukraine,usda_global_production,USDA global production by country,global_production,32.5,million_tonnes,backfilled_from_2023_24_usda_snapshot,USDA WASDE March 2026 local text snapshot,D:\ncel2\ncel-commodity-pricing\backend\data\tmp_wasde0326.txt,partial
2023-02-01,2022/23,United States,usda_global_production,USDA global production by country,global_production,389.67,million_tonnes,backfilled_from_2023_24_usda_snapshot,USDA WASDE March 2026 local text snapshot,D:\ncel2\ncel-commodity-pricing\backend\data\tmp_wasde0326.txt,partial
2023-02-01,2022/23,India,yield_per_hectare,Yield per hectare,yield,3545.0,kg_per_hectare,annual_hold_constant_monthly,Economic Survey Statistical Appendix,https://www.indiabudget.gov.in/economicsurvey/doc/Statistical-Appendix-in-English.pdf,annual_only
2023-03-01,2022/23,India,acreage_sown_area,Acreage (sown area),area,10.7,million_hectare,annual_hold_constant_monthly,Economic Survey Statistical Appendix,https://www.indiabudget.gov.in/economicsurvey/doc/Statistical-Appendix-in-English.pdf,annual_only
2023-03-01,2022/23,Global,brazil_safrinha_harvest_calendar,Brazil safrinha harvest calendar,calendar,26.0,index,recurring_monthly_harvest_calendar,Curated Brazil safrinha harvest calendar,https://www.fao.org/,curated
2023-03-01,2022/23,India,buffer_stock,Buffer stock,stock,2.658,million_tonnes,annual_opening_to_closing_stock_interpolation,Local supply-demand analytics store,D:\ncel2\ncel-commodity-pricing\backend\data\supply_demand_analytics.db,mixed
2023-03-01,2022/23,India,domestic_production,Domestic production,production,0.381,million_tonnes,annual_production_to_monthly_harvest_release_proxy,Economic Survey Statistical Appendix,https://www.indiabudget.gov.in/economicsurvey/doc/Statistical-Appendix-in-English.pdf,annual_only
2023-03-01,2022/23,Global,global_exporter_harvest_calendar,Global exporter harvest calendar,calendar,22.0,index,recurring_monthly_harvest_calendar,Curated global maize exporter harvest calendar,https://www.fao.org/,curated
2023-03-01,2022/23,India,imports,Imports,trade,0.0,million_tonnes,annual_imports_to_monthly_uniform_proxy,Local supply-demand analytics store,D:\ncel2\ncel-commodity-pricing\backend\data\supply_demand_analytics.db,mixed
2023-03-01,2022/23,Argentina,major_producer_crop_conditions,Major producer crop conditions,crop_condition,63.0,index,recurring_monthly_crop_condition_profile,Curated global maize crop-condition profile,https://www.usda.gov/,curated
2023-03-01,2022/23,Brazil,major_producer_crop_conditions,Major producer crop conditions,crop_condition,66.0,index,recurring_monthly_crop_condition_profile,Curated global maize crop-condition profile,https://www.usda.gov/,curated
2023-03-01,2022/23,Ukraine,major_producer_crop_conditions,Major producer crop conditions,crop_condition,43.0,index,recurring_monthly_crop_condition_profile,Curated global maize crop-condition profile,https://www.usda.gov/,curated
2023-03-01,2022/23,United States,major_producer_crop_conditions,Major producer crop conditions,crop_condition,40.0,index,recurring_monthly_crop_condition_profile,Curated global maize crop-condition profile,https://www.usda.gov/,curated
2023-03-01,2022/23,India,opening_stock,Opening stocks,stock,2.658,million_tonnes,annual_opening_to_closing_stock_interpolation,Local supply-demand analytics store,D:\ncel2\ncel-commodity-pricing\backend\data\supply_demand_analytics.db,mixed
2023-03-01,2022/23,India,total_availability,Total availability,derived,3.039,million_tonnes,opening_stock_plus_domestic_production_plus_imports,Derived inside Maize supply store,D:\ncel2\ncel-commodity-pricing\SnD\supply\maize\maize_supply_factors.db,derived
2023-03-01,2022/23,Argentina,usda_global_production,USDA global production by country,global_production,51.6,million_tonnes,backfilled_from_2023_24_usda_snapshot,USDA WASDE March 2026 local text snapshot,D:\ncel2\ncel-commodity-pricing\backend\data\tmp_wasde0326.txt,partial
2023-03-01,2022/23,Brazil,usda_global_production,USDA global production by country,global_production,119.0,million_tonnes,backfilled_from_2023_24_usda_snapshot,USDA WASDE March 2026 local text snapshot,D:\ncel2\ncel-commodity-pricing\backend\data\tmp_wasde0326.txt,partial
2023-03-01,2022/23,Ukraine,usda_global_production,USDA global production by country,global_production,32.5,million_tonnes,backfilled_from_2023_24_usda_snapshot,USDA WASDE March 2026 local text snapshot,D:\ncel2\ncel-commodity-pricing\backend\data\tmp_wasde0326.txt,partial
2023-03-01,2022/23,United States,usda_global_production,USDA global production by country,global_production,389.67,million_tonnes,backfilled_from_2023_24_usda_snapshot,USDA WASDE March 2026 local text snapshot,D:\ncel2\ncel-commodity-pricing\backend\data\tmp_wasde0326.txt,partial
2023-03-01,2022/23,India,yield_per_hectare,Yield per hectare,yield,3545.0,kg_per_hectare,annual_hold_constant_monthly,Economic Survey Statistical Appendix,https://www.indiabudget.gov.in/economicsurvey/doc/Statistical-Appendix-in-English.pdf,annual_only
2023-04-01,2023/24,India,acreage_sown_area,Acreage (sown area),area,11.2,million_hectare,annual_hold_constant_monthly,Economic Survey Statistical Appendix,https://www.indiabudget.gov.in/economicsurvey/doc/Statistical-Appendix-in-English.pdf,annual_only
2023-04-01,2022/23,Global,brazil_safrinha_harvest_calendar,Brazil safrinha harvest calendar,calendar,42.0,index,recurring_monthly_harvest_calendar,Curated Brazil safrinha harvest calendar,https://www.fao.org/,curated
2023-04-01,2023/24,India,buffer_stock,Buffer stock,stock,2.658,million_tonnes,annual_opening_to_closing_stock_interpolation,Local supply-demand analytics store,D:\ncel2\ncel-commodity-pricing\backend\data\supply_demand_analytics.db,mixed
2023-04-01,2023/24,India,domestic_production,Domestic production,production,1.131,million_tonnes,annual_production_to_monthly_harvest_release_proxy,Economic Survey Statistical Appendix,https://www.indiabudget.gov.in/economicsurvey/doc/Statistical-Appendix-in-English.pdf,annual_only
2023-04-01,2022/23,Global,global_exporter_harvest_calendar,Global exporter harvest calendar,calendar,24.0,index,recurring_monthly_harvest_calendar,Curated global maize exporter harvest calendar,https://www.fao.org/,curated
2023-04-01,2023/24,India,imports,Imports,trade,0.0,million_tonnes,annual_imports_to_monthly_uniform_proxy,Local supply-demand analytics store,D:\ncel2\ncel-commodity-pricing\backend\data\supply_demand_analytics.db,mixed
2023-04-01,2022/23,Argentina,major_producer_crop_conditions,Major producer crop conditions,crop_condition,58.0,index,recurring_monthly_crop_condition_profile,Curated global maize crop-condition profile,https://www.usda.gov/,curated
2023-04-01,2022/23,Brazil,major_producer_crop_conditions,Major producer crop conditions,crop_condition,62.0,index,recurring_monthly_crop_condition_profile,Curated global maize crop-condition profile,https://www.usda.gov/,curated
2023-04-01,2022/23,Ukraine,major_producer_crop_conditions,Major producer crop conditions,crop_condition,50.0,index,recurring_monthly_crop_condition_profile,Curated global maize crop-condition profile,https://www.usda.gov/,curated
2023-04-01,2022/23,United States,major_producer_crop_conditions,Major producer crop conditions,crop_condition,52.0,index,recurring_monthly_crop_condition_profile,Curated global maize crop-condition profile,https://www.usda.gov/,curated
2023-04-01,2023/24,India,opening_stock,Opening stocks,stock,2.658,million_tonnes,annual_opening_to_closing_stock_interpolation,Local supply-demand analytics store,D:\ncel2\ncel-commodity-pricing\backend\data\supply_demand_analytics.db,mixed
2023-04-01,2023/24,India,total_availability,Total availability,derived,3.789,million_tonnes,opening_stock_plus_domestic_production_plus_imports,Derived inside Maize supply store,D:\ncel2\ncel-commodity-pricing\SnD\supply\maize\maize_supply_factors.db,derived
2023-04-01,2023/24,Argentina,usda_global_production,USDA global production by country,global_production,51.6,million_tonnes,usda_marketing_year_hold_constant_monthly,USDA WASDE March 2026 local text snapshot,D:\ncel2\ncel-commodity-pricing\backend\data\tmp_wasde0326.txt,partial
2023-04-01,2023/24,Brazil,usda_global_production,USDA global production by country,global_production,119.0,million_tonnes,usda_marketing_year_hold_constant_monthly,USDA WASDE March 2026 local text snapshot,D:\ncel2\ncel-commodity-pricing\backend\data\tmp_wasde0326.txt,partial
2023-04-01,2023/24,Ukraine,usda_global_production,USDA global production by country,global_production,32.5,million_tonnes,usda_marketing_year_hold_constant_monthly,USDA WASDE March 2026 local text snapshot,D:\ncel2\ncel-commodity-pricing\backend\data\tmp_wasde0326.txt,partial
2023-04-01,2023/24,United States,usda_global_production,USDA global production by country,global_production,389.67,million_tonnes,usda_marketing_year_hold_constant_monthly,USDA WASDE March 2026 local text snapshot,D:\ncel2\ncel-commodity-pricing\backend\data\tmp_wasde0326.txt,partial
2023-04-01,2023/24,India,yield_per_hectare,Yield per hectare,yield,3351.0,kg_per_hectare,annual_hold_constant_monthly,Economic Survey Statistical Appendix,https://www.indiabudget.gov.in/economicsurvey/doc/Statistical-Appendix-in-English.pdf,annual_only
2023-05-01,2023/24,India,acreage_sown_area,Acreage (sown area),area,11.2,million_hectare,annual_hold_constant_monthly,Economic Survey Statistical Appendix,https://www.indiabudget.gov.in/economicsurvey/doc/Statistical-Appendix-in-English.pdf,annual_only
2023-05-01,2022/23,Global,brazil_safrinha_harvest_calendar,Brazil safrinha harvest calendar,calendar,68.0,index,recurring_monthly_harvest_calendar,Curated Brazil safrinha harvest calendar,https://www.fao.org/,curated
2023-05-01,2023/24,India,buffer_stock,Buffer stock,stock,2.672909,million_tonnes,annual_opening_to_closing_stock_interpolation,Local supply-demand analytics store,D:\ncel2\ncel-commodity-pricing\backend\data\supply_demand_analytics.db,mixed
2023-05-01,2023/24,India,domestic_production,Domestic production,production,1.885,million_tonnes,annual_production_to_monthly_harvest_release_proxy,Economic Survey Statistical Appendix,https://www.indiabudget.gov.in/economicsurvey/doc/Statistical-Appendix-in-English.pdf,annual_only
2023-05-01,2022/23,Global,global_exporter_harvest_calendar,Global exporter harvest calendar,calendar,39.0,index,recurring_monthly_harvest_calendar,Curated global maize exporter harvest calendar,https://www.fao.org/,curated
2023-05-01,2023/24,India,imports,Imports,trade,0.0,million_tonnes,annual_imports_to_monthly_uniform_proxy,Local supply-demand analytics store,D:\ncel2\ncel-commodity-pricing\backend\data\supply_demand_analytics.db,mixed
2023-05-01,2022/23,Argentina,major_producer_crop_conditions,Major producer crop conditions,crop_condition,54.0,index,recurring_monthly_crop_condition_profile,Curated global maize crop-condition profile,https://www.usda.gov/,curated
2023-05-01,2022/23,Brazil,major_producer_crop_conditions,Major producer crop conditions,crop_condition,58.0,index,recurring_monthly_crop_condition_profile,Curated global maize crop-condition profile,https://www.usda.gov/,curated
2023-05-01,2022/23,Ukraine,major_producer_crop_conditions,Major producer crop conditions,crop_condition,60.0,index,recurring_monthly_crop_condition_profile,Curated global maize crop-condition profile,https://www.usda.gov/,curated
2023-05-01,2022/23,United States,major_producer_crop_conditions,Major producer crop conditions,crop_condition,63.0,index,recurring_monthly_crop_condition_profile,Curated global maize crop-condition profile,https://www.usda.gov/,curated
2023-05-01,2023/24,India,opening_stock,Opening stocks,stock,2.672909,million_tonnes,annual_opening_to_closing_stock_interpolation,Local supply-demand analytics store,D:\ncel2\ncel-commodity-pricing\backend\data\supply_demand_analytics.db,mixed
2023-05-01,2023/24,India,total_availability,Total availability,derived,4.557909,million_tonnes,opening_stock_plus_domestic_production_plus_imports,Derived inside Maize supply store,D:\ncel2\ncel-commodity-pricing\SnD\supply\maize\maize_supply_factors.db,derived
2023-05-01,2023/24,Argentina,usda_global_production,USDA global production by country,global_production,51.6,million_tonnes,usda_marketing_year_hold_constant_monthly,USDA WASDE March 2026 local text snapshot,D:\ncel2\ncel-commodity-pricing\backend\data\tmp_wasde0326.txt,partial
2023-05-01,2023/24,Brazil,usda_global_production,USDA global production by country,global_production,119.0,million_tonnes,usda_marketing_year_hold_constant_monthly,USDA WASDE March 2026 local text snapshot,D:\ncel2\ncel-commodity-pricing\backend\data\tmp_wasde0326.txt,partial
2023-05-01,2023/24,Ukraine,usda_global_production,USDA global production by country,global_production,32.5,million_tonnes,usda_marketing_year_hold_constant_monthly,USDA WASDE March 2026 local text snapshot,D:\ncel2\ncel-commodity-pricing\backend\data\tmp_wasde0326.txt,partial
2023-05-01,2023/24,United States,usda_global_production,USDA global production by country,global_production,389.67,million_tonnes,usda_marketing_year_hold_constant_monthly,USDA WASDE March 2026 local text snapshot,D:\ncel2\ncel-commodity-pricing\backend\data\tmp_wasde0326.txt,partial
2023-05-01,2023/24,India,yield_per_hectare,Yield per hectare,yield,3351.0,kg_per_hectare,annual_hold_constant_monthly,Economic Survey Statistical Appendix,https://www.indiabudget.gov.in/economicsurvey/doc/Statistical-Appendix-in-English.pdf,annual_only
2023-06-01,2023/24,India,acreage_sown_area,Acreage (sown area),area,11.2,million_hectare,annual_hold_constant_monthly,Economic Survey Statistical Appendix,https://www.indiabudget.gov.in/economicsurvey/doc/Statistical-Appendix-in-English.pdf,annual_only
2023-06-01,2022/23,Global,brazil_safrinha_harvest_calendar,Brazil safrinha harvest calendar,calendar,92.0,index,recurring_monthly_harvest_calendar,Curated Brazil safrinha harvest calendar,https://www.fao.org/,curated
2023-06-01,2023/24,India,buffer_stock,Buffer stock,stock,2.687818,million_tonnes,annual_opening_to_closing_stock_interpolation,Local supply-demand analytics store,D:\ncel2\ncel-commodity-pricing\backend\data\supply_demand_analytics.db,mixed
2023-06-01,2023/24,India,domestic_production,Domestic production,production,3.016,million_tonnes,annual_production_to_monthly_harvest_release_proxy,Economic Survey Statistical Appendix,https://www.indiabudget.gov.in/economicsurvey/doc/Statistical-Appendix-in-English.pdf,annual_only
2023-06-01,2022/23,Global,global_exporter_harvest_calendar,Global exporter harvest calendar,calendar,55.0,index,recurring_monthly_harvest_calendar,Curated global maize exporter harvest calendar,https://www.fao.org/,curated
2023-06-01,2023/24,India,imports,Imports,trade,0.0,million_tonnes,annual_imports_to_monthly_uniform_proxy,Local supply-demand analytics store,D:\ncel2\ncel-commodity-pricing\backend\data\supply_demand_analytics.db,mixed
2023-06-01,2022/23,Argentina,major_producer_crop_conditions,Major producer crop conditions,crop_condition,52.0,index,recurring_monthly_crop_condition_profile,Curated global maize crop-condition profile,https://www.usda.gov/,curated
2023-06-01,2022/23,Brazil,major_producer_crop_conditions,Major producer crop conditions,crop_condition,56.0,index,recurring_monthly_crop_condition_profile,Curated global maize crop-condition profile,https://www.usda.gov/,curated
2023-06-01,2022/23,Ukraine,major_producer_crop_conditions,Major producer crop conditions,crop_condition,70.0,index,recurring_monthly_crop_condition_profile,Curated global maize crop-condition profile,https://www.usda.gov/,curated
2023-06-01,2022/23,United States,major_producer_crop_conditions,Major producer crop conditions,crop_condition,74.0,index,recurring_monthly_crop_condition_profile,Curated global maize crop-condition profile,https://www.usda.gov/,curated
2023-06-01,2023/24,India,opening_stock,Opening stocks,stock,2.687818,million_tonnes,annual_opening_to_closing_stock_interpolation,Local supply-demand analytics store,D:\ncel2\ncel-commodity-pricing\backend\data\supply_demand_analytics.db,mixed
2023-06-01,2023/24,India,total_availability,Total availability,derived,5.703818,million_tonnes,opening_stock_plus_domestic_production_plus_imports,Derived inside Maize supply store,D:\ncel2\ncel-commodity-pricing\SnD\supply\maize\maize_supply_factors.db,derived
2023-06-01,2023/24,Argentina,usda_global_production,USDA global production by country,global_production,51.6,million_tonnes,usda_marketing_year_hold_constant_monthly,USDA WASDE March 2026 local text snapshot,D:\ncel2\ncel-commodity-pricing\backend\data\tmp_wasde0326.txt,partial
2023-06-01,2023/24,Brazil,usda_global_production,USDA global production by country,global_production,119.0,million_tonnes,usda_marketing_year_hold_constant_monthly,USDA WASDE March 2026 local text snapshot,D:\ncel2\ncel-commodity-pricing\backend\data\tmp_wasde0326.txt,partial
2023-06-01,2023/24,Ukraine,usda_global_production,USDA global production by country,global_production,32.5,million_tonnes,usda_marketing_year_hold_constant_monthly,USDA WASDE March 2026 local text snapshot,D:\ncel2\ncel-commodity-pricing\backend\data\tmp_wasde0326.txt,partial
2023-06-01,2023/24,United States,usda_global_production,USDA global production by country,global_production,389.67,million_tonnes,usda_marketing_year_hold_constant_monthly,USDA WASDE March 2026 local text snapshot,D:\ncel2\ncel-commodity-pricing\backend\data\tmp_wasde0326.txt,partial
2023-06-01,2023/24,India,yield_per_hectare,Yield per hectare,yield,3351.0,kg_per_hectare,annual_hold_constant_monthly,Economic Survey Statistical Appendix,https://www.indiabudget.gov.in/economicsurvey/doc/Statistical-Appendix-in-English.pdf,annual_only
2023-07-01,2023/24,India,acreage_sown_area,Acreage (sown area),area,11.2,million_hectare,annual_hold_constant_monthly,Economic Survey Statistical Appendix,https://www.indiabudget.gov.in/economicsurvey/doc/Statistical-Appendix-in-English.pdf,annual_only
2023-07-01,2022/23,Global,brazil_safrinha_harvest_calendar,Brazil safrinha harvest calendar,calendar,100.0,index,recurring_monthly_harvest_calendar,Curated Brazil safrinha harvest calendar,https://www.fao.org/,curated
2023-07-01,2023/24,India,buffer_stock,Buffer stock,stock,2.702727,million_tonnes,annual_opening_to_closing_stock_interpolation,Local supply-demand analytics store,D:\ncel2\ncel-commodity-pricing\backend\data\supply_demand_analytics.db,mixed
2023-07-01,2023/24,India,domestic_production,Domestic production,production,3.393,million_tonnes,annual_production_to_monthly_harvest_release_proxy,Economic Survey Statistical Appendix,https://www.indiabudget.gov.in/economicsurvey/doc/Statistical-Appendix-in-English.pdf,annual_only
2023-07-01,2022/23,Global,global_exporter_harvest_calendar,Global exporter harvest calendar,calendar,73.0,index,recurring_monthly_harvest_calendar,Curated global maize exporter harvest calendar,https://www.fao.org/,curated
2023-07-01,2023/24,India,imports,Imports,trade,0.0,million_tonnes,annual_imports_to_monthly_uniform_proxy,Local supply-demand analytics store,D:\ncel2\ncel-commodity-pricing\backend\data\supply_demand_analytics.db,mixed
2023-07-01,2022/23,Argentina,major_producer_crop_conditions,Major producer crop conditions,crop_condition,50.0,index,recurring_monthly_crop_condition_profile,Curated global maize crop-condition profile,https://www.usda.gov/,curated
2023-07-01,2022/23,Brazil,major_producer_crop_conditions,Major producer crop conditions,crop_condition,55.0,index,recurring_monthly_crop_condition_profile,Curated global maize crop-condition profile,https://www.usda.gov/,curated
2023-07-01,2022/23,Ukraine,major_producer_crop_conditions,Major producer crop conditions,crop_condition,76.0,index,recurring_monthly_crop_condition_profile,Curated global maize crop-condition profile,https://www.usda.gov/,curated
2023-07-01,2022/23,United States,major_producer_crop_conditions,Major producer crop conditions,crop_condition,78.0,index,recurring_monthly_crop_condition_profile,Curated global maize crop-condition profile,https://www.usda.gov/,curated
2023-07-01,2023/24,India,opening_stock,Opening stocks,stock,2.702727,million_tonnes,annual_opening_to_closing_stock_interpolation,Local supply-demand analytics store,D:\ncel2\ncel-commodity-pricing\backend\data\supply_demand_analytics.db,mixed
2023-07-01,2023/24,India,total_availability,Total availability,derived,6.095727,million_tonnes,opening_stock_plus_domestic_production_plus_imports,Derived inside Maize supply store,D:\ncel2\ncel-commodity-pricing\SnD\supply\maize\maize_supply_factors.db,derived
2023-07-01,2023/24,Argentina,usda_global_production,USDA global production by country,global_production,51.6,million_tonnes,usda_marketing_year_hold_constant_monthly,USDA WASDE March 2026 local text snapshot,D:\ncel2\ncel-commodity-pricing\backend\data\tmp_wasde0326.txt,partial
2023-07-01,2023/24,Brazil,usda_global_production,USDA global production by country,global_production,119.0,million_tonnes,usda_marketing_year_hold_constant_monthly,USDA WASDE March 2026 local text snapshot,D:\ncel2\ncel-commodity-pricing\backend\data\tmp_wasde0326.txt,partial
2023-07-01,2023/24,Ukraine,usda_global_production,USDA global production by country,global_production,32.5,million_tonnes,usda_marketing_year_hold_constant_monthly,USDA WASDE March 2026 local text snapshot,D:\ncel2\ncel-commodity-pricing\backend\data\tmp_wasde0326.txt,partial
2023-07-01,2023/24,United States,usda_global_production,USDA global production by country,global_production,389.67,million_tonnes,usda_marketing_year_hold_constant_monthly,USDA WASDE March 2026 local text snapshot,D:\ncel2\ncel-commodity-pricing\backend\data\tmp_wasde0326.txt,partial
2023-07-01,2023/24,India,yield_per_hectare,Yield per hectare,yield,3351.0,kg_per_hectare,annual_hold_constant_monthly,Economic Survey Statistical Appendix,https://www.indiabudget.gov.in/economicsurvey/doc/Statistical-Appendix-in-English.pdf,annual_only
2023-08-01,2023/24,India,acreage_sown_area,Acreage (sown area),area,11.2,million_hectare,annual_hold_constant_monthly,Economic Survey Statistical Appendix,https://www.indiabudget.gov.in/economicsurvey/doc/Statistical-Appendix-in-English.pdf,annual_only
2023-08-01,2022/23,Global,brazil_safrinha_harvest_calendar,Brazil safrinha harvest calendar,calendar,82.0,index,recurring_monthly_harvest_calendar,Curated Brazil safrinha harvest calendar,https://www.fao.org/,curated
2023-08-01,2023/24,India,buffer_stock,Buffer stock,stock,2.717636,million_tonnes,annual_opening_to_closing_stock_interpolation,Local supply-demand analytics store,D:\ncel2\ncel-commodity-pricing\backend\data\supply_demand_analytics.db,mixed
2023-08-01,2023/24,India,domestic_production,Domestic production,production,3.393,million_tonnes,annual_production_to_monthly_harvest_release_proxy,Economic Survey Statistical Appendix,https://www.indiabudget.gov.in/economicsurvey/doc/Statistical-Appendix-in-English.pdf,annual_only
2023-08-01,2022/23,Global,global_exporter_harvest_calendar,Global exporter harvest calendar,calendar,88.0,index,recurring_monthly_harvest_calendar,Curated global maize exporter harvest calendar,https://www.fao.org/,curated
2023-08-01,2023/24,India,imports,Imports,trade,0.0,million_tonnes,annual_imports_to_monthly_uniform_proxy,Local supply-demand analytics store,D:\ncel2\ncel-commodity-pricing\backend\data\supply_demand_analytics.db,mixed
2023-08-01,2022/23,Argentina,major_producer_crop_conditions,Major producer crop conditions,crop_condition,51.0,index,recurring_monthly_crop_condition_profile,Curated global maize crop-condition profile,https://www.usda.gov/,curated
2023-08-01,2022/23,Brazil,major_producer_crop_conditions,Major producer crop conditions,crop_condition,57.0,index,recurring_monthly_crop_condition_profile,Curated global maize crop-condition profile,https://www.usda.gov/,curated
2023-08-01,2022/23,Ukraine,major_producer_crop_conditions,Major producer crop conditions,crop_condition,73.0,index,recurring_monthly_crop_condition_profile,Curated global maize crop-condition profile,https://www.usda.gov/,curated
2023-08-01,2022/23,United States,major_producer_crop_conditions,Major producer crop conditions,crop_condition,71.0,index,recurring_monthly_crop_condition_profile,Curated global maize crop-condition profile,https://www.usda.gov/,curated
2023-08-01,2023/24,India,opening_stock,Opening stocks,stock,2.717636,million_tonnes,annual_opening_to_closing_stock_interpolation,Local supply-demand analytics store,D:\ncel2\ncel-commodity-pricing\backend\data\supply_demand_analytics.db,mixed
2023-08-01,2023/24,India,total_availability,Total availability,derived,6.110636,million_tonnes,opening_stock_plus_domestic_production_plus_imports,Derived inside Maize supply store,D:\ncel2\ncel-commodity-pricing\SnD\supply\maize\maize_supply_factors.db,derived
2023-08-01,2023/24,Argentina,usda_global_production,USDA global production by country,global_production,51.6,million_tonnes,usda_marketing_year_hold_constant_monthly,USDA WASDE March 2026 local text snapshot,D:\ncel2\ncel-commodity-pricing\backend\data\tmp_wasde0326.txt,partial
2023-08-01,2023/24,Brazil,usda_global_production,USDA global production by country,global_production,119.0,million_tonnes,usda_marketing_year_hold_constant_monthly,USDA WASDE March 2026 local text snapshot,D:\ncel2\ncel-commodity-pricing\backend\data\tmp_wasde0326.txt,partial
2023-08-01,2023/24,Ukraine,usda_global_production,USDA global production by country,global_production,32.5,million_tonnes,usda_marketing_year_hold_constant_monthly,USDA WASDE March 2026 local text snapshot,D:\ncel2\ncel-commodity-pricing\backend\data\tmp_wasde0326.txt,partial
2023-08-01,2023/24,United States,usda_global_production,USDA global production by country,global_production,389.67,million_tonnes,usda_marketing_year_hold_constant_monthly,USDA WASDE March 2026 local text snapshot,D:\ncel2\ncel-commodity-pricing\backend\data\tmp_wasde0326.txt,partial
2023-08-01,2023/24,India,yield_per_hectare,Yield per hectare,yield,3351.0,kg_per_hectare,annual_hold_constant_monthly,Economic Survey Statistical Appendix,https://www.indiabudget.gov.in/economicsurvey/doc/Statistical-Appendix-in-English.pdf,annual_only
2023-09-01,2023/24,India,acreage_sown_area,Acreage (sown area),area,11.2,million_hectare,annual_hold_constant_monthly,Economic Survey Statistical Appendix,https://www.indiabudget.gov.in/economicsurvey/doc/Statistical-Appendix-in-English.pdf,annual_only
2023-09-01,2022/23,Global,brazil_safrinha_harvest_calendar,Brazil safrinha harvest calendar,calendar,44.0,index,recurring_monthly_harvest_calendar,Curated Brazil safrinha harvest calendar,https://www.fao.org/,curated
2023-09-01,2023/24,India,buffer_stock,Buffer stock,stock,2.732545,million_tonnes,annual_opening_to_closing_stock_interpolation,Local supply-demand analytics store,D:\ncel2\ncel-commodity-pricing\backend\data\supply_demand_analytics.db,mixed
2023-09-01,2023/24,India,domestic_production,Domestic production,production,5.278,million_tonnes,annual_production_to_monthly_harvest_release_proxy,Economic Survey Statistical Appendix,https://www.indiabudget.gov.in/economicsurvey/doc/Statistical-Appendix-in-English.pdf,annual_only
2023-09-01,2022/23,Global,global_exporter_harvest_calendar,Global exporter harvest calendar,calendar,100.0,index,recurring_monthly_harvest_calendar,Curated global maize exporter harvest calendar,https://www.fao.org/,curated
2023-09-01,2023/24,India,imports,Imports,trade,0.0,million_tonnes,annual_imports_to_monthly_uniform_proxy,Local supply-demand analytics store,D:\ncel2\ncel-commodity-pricing\backend\data\supply_demand_analytics.db,mixed
2023-09-01,2022/23,Argentina,major_producer_crop_conditions,Major producer crop conditions,crop_condition,55.0,index,recurring_monthly_crop_condition_profile,Curated global maize crop-condition profile,https://www.usda.gov/,curated
2023-09-01,2022/23,Brazil,major_producer_crop_conditions,Major producer crop conditions,crop_condition,60.0,index,recurring_monthly_crop_condition_profile,Curated global maize crop-condition profile,https://www.usda.gov/,curated
2023-09-01,2022/23,Ukraine,major_producer_crop_conditions,Major producer crop conditions,crop_condition,64.0,index,recurring_monthly_crop_condition_profile,Curated global maize crop-condition profile,https://www.usda.gov/,curated
2023-09-01,2022/23,United States,major_producer_crop_conditions,Major producer crop conditions,crop_condition,60.0,index,recurring_monthly_crop_condition_profile,Curated global maize crop-condition profile,https://www.usda.gov/,curated
2023-09-01,2023/24,India,opening_stock,Opening stocks,stock,2.732545,million_tonnes,annual_opening_to_closing_stock_interpolation,Local supply-demand analytics store,D:\ncel2\ncel-commodity-pricing\backend\data\supply_demand_analytics.db,mixed
2023-09-01,2023/24,India,total_availability,Total availability,derived,8.010545,million_tonnes,opening_stock_plus_domestic_production_plus_imports,Derived inside Maize supply store,D:\ncel2\ncel-commodity-pricing\SnD\supply\maize\maize_supply_factors.db,derived
2023-09-01,2023/24,Argentina,usda_global_production,USDA global production by country,global_production,51.6,million_tonnes,usda_marketing_year_hold_constant_monthly,USDA WASDE March 2026 local text snapshot,D:\ncel2\ncel-commodity-pricing\backend\data\tmp_wasde0326.txt,partial
2023-09-01,2023/24,Brazil,usda_global_production,USDA global production by country,global_production,119.0,million_tonnes,usda_marketing_year_hold_constant_monthly,USDA WASDE March 2026 local text snapshot,D:\ncel2\ncel-commodity-pricing\backend\data\tmp_wasde0326.txt,partial
2023-09-01,2023/24,Ukraine,usda_global_production,USDA global production by country,global_production,32.5,million_tonnes,usda_marketing_year_hold_constant_monthly,USDA WASDE March 2026 local text snapshot,D:\ncel2\ncel-commodity-pricing\backend\data\tmp_wasde0326.txt,partial
2023-09-01,2023/24,United States,usda_global_production,USDA global production by country,global_production,389.67,million_tonnes,usda_marketing_year_hold_constant_monthly,USDA WASDE March 2026 local text snapshot,D:\ncel2\ncel-commodity-pricing\backend\data\tmp_wasde0326.txt,partial
2023-09-01,2023/24,India,yield_per_hectare,Yield per hectare,yield,3351.0,kg_per_hectare,annual_hold_constant_monthly,Economic Survey Statistical Appendix,https://www.indiabudget.gov.in/economicsurvey/doc/Statistical-Appendix-in-English.pdf,annual_only
2023-10-01,2023/24,India,acreage_sown_area,Acreage (sown area),area,11.2,million_hectare,annual_hold_constant_monthly,Economic Survey Statistical Appendix,https://www.indiabudget.gov.in/economicsurvey/doc/Statistical-Appendix-in-English.pdf,annual_only
2023-10-01,2023/24,Global,brazil_safrinha_harvest_calendar,Brazil safrinha harvest calendar,calendar,18.0,index,recurring_monthly_harvest_calendar,Curated Brazil safrinha harvest calendar,https://www.fao.org/,curated
2023-10-01,2023/24,India,buffer_stock,Buffer stock,stock,2.747455,million_tonnes,annual_opening_to_closing_stock_interpolation,Local supply-demand analytics store,D:\ncel2\ncel-commodity-pricing\backend\data\supply_demand_analytics.db,mixed
2023-10-01,2023/24,India,domestic_production,Domestic production,production,6.786,million_tonnes,annual_production_to_monthly_harvest_release_proxy,Economic Survey Statistical Appendix,https://www.indiabudget.gov.in/economicsurvey/doc/Statistical-Appendix-in-English.pdf,annual_only
2023-10-01,2023/24,Global,global_exporter_harvest_calendar,Global exporter harvest calendar,calendar,94.0,index,recurring_monthly_harvest_calendar,Curated global maize exporter harvest calendar,https://www.fao.org/,curated
2023-10-01,2023/24,India,imports,Imports,trade,0.0,million_tonnes,annual_imports_to_monthly_uniform_proxy,Local supply-demand analytics store,D:\ncel2\ncel-commodity-pricing\backend\data\supply_demand_analytics.db,mixed
2023-10-01,2023/24,Argentina,major_producer_crop_conditions,Major producer crop conditions,crop_condition,61.0,index,recurring_monthly_crop_condition_profile,Curated global maize crop-condition profile,https://www.usda.gov/,curated
2023-10-01,2023/24,Brazil,major_producer_crop_conditions,Major producer crop conditions,crop_condition,65.0,index,recurring_monthly_crop_condition_profile,Curated global maize crop-condition profile,https://www.usda.gov/,curated
2023-10-01,2023/24,Ukraine,major_producer_crop_conditions,Major producer crop conditions,crop_condition,53.0,index,recurring_monthly_crop_condition_profile,Curated global maize crop-condition profile,https://www.usda.gov/,curated
2023-10-01,2023/24,United States,major_producer_crop_conditions,Major producer crop conditions,crop_condition,48.0,index,recurring_monthly_crop_condition_profile,Curated global maize crop-condition profile,https://www.usda.gov/,curated
2023-10-01,2023/24,India,opening_stock,Opening stocks,stock,2.747455,million_tonnes,annual_opening_to_closing_stock_interpolation,Local supply-demand analytics store,D:\ncel2\ncel-commodity-pricing\backend\data\supply_demand_analytics.db,mixed
2023-10-01,2023/24,India,total_availability,Total availability,derived,9.533455,million_tonnes,opening_stock_plus_domestic_production_plus_imports,Derived inside Maize supply store,D:\ncel2\ncel-commodity-pricing\SnD\supply\maize\maize_supply_factors.db,derived
2023-10-01,2023/24,Argentina,usda_global_production,USDA global production by country,global_production,51.6,million_tonnes,usda_marketing_year_hold_constant_monthly,USDA WASDE March 2026 local text snapshot,D:\ncel2\ncel-commodity-pricing\backend\data\tmp_wasde0326.txt,partial
2023-10-01,2023/24,Brazil,usda_global_production,USDA global production by country,global_production,119.0,million_tonnes,usda_marketing_year_hold_constant_monthly,USDA WASDE March 2026 local text snapshot,D:\ncel2\ncel-commodity-pricing\backend\data\tmp_wasde0326.txt,partial
2023-10-01,2023/24,Ukraine,usda_global_production,USDA global production by country,global_production,32.5,million_tonnes,usda_marketing_year_hold_constant_monthly,USDA WASDE March 2026 local text snapshot,D:\ncel2\ncel-commodity-pricing\backend\data\tmp_wasde0326.txt,partial
2023-10-01,2023/24,United States,usda_global_production,USDA global production by country,global_production,389.67,million_tonnes,usda_marketing_year_hold_constant_monthly,USDA WASDE March 2026 local text snapshot,D:\ncel2\ncel-commodity-pricing\backend\data\tmp_wasde0326.txt,partial
2023-10-01,2023/24,India,yield_per_hectare,Yield per hectare,yield,3351.0,kg_per_hectare,annual_hold_constant_monthly,Economic Survey Statistical Appendix,https://www.indiabudget.gov.in/economicsurvey/doc/Statistical-Appendix-in-English.pdf,annual_only
2023-11-01,2023/24,India,acreage_sown_area,Acreage (sown area),area,11.2,million_hectare,annual_hold_constant_monthly,Economic Survey Statistical Appendix,https://www.indiabudget.gov.in/economicsurvey/doc/Statistical-Appendix-in-English.pdf,annual_only
2023-11-01,2023/24,Global,brazil_safrinha_harvest_calendar,Brazil safrinha harvest calendar,calendar,8.0,index,recurring_monthly_harvest_calendar,Curated Brazil safrinha harvest calendar,https://www.fao.org/,curated
2023-11-01,2023/24,India,buffer_stock,Buffer stock,stock,2.762364,million_tonnes,annual_opening_to_closing_stock_interpolation,Local supply-demand analytics store,D:\ncel2\ncel-commodity-pricing\backend\data\supply_demand_analytics.db,mixed
2023-11-01,2023/24,India,domestic_production,Domestic production,production,6.032,million_tonnes,annual_production_to_monthly_harvest_release_proxy,Economic Survey Statistical Appendix,https://www.indiabudget.gov.in/economicsurvey/doc/Statistical-Appendix-in-English.pdf,annual_only
2023-11-01,2023/24,Global,global_exporter_harvest_calendar,Global exporter harvest calendar,calendar,76.0,index,recurring_monthly_harvest_calendar,Curated global maize exporter harvest calendar,https://www.fao.org/,curated
2023-11-01,2023/24,India,imports,Imports,trade,0.0,million_tonnes,annual_imports_to_monthly_uniform_proxy,Local supply-demand analytics store,D:\ncel2\ncel-commodity-pricing\backend\data\supply_demand_analytics.db,mixed
2023-11-01,2023/24,Argentina,major_producer_crop_conditions,Major producer crop conditions,crop_condition,66.0,index,recurring_monthly_crop_condition_profile,Curated global maize crop-condition profile,https://www.usda.gov/,curated
2023-11-01,2023/24,Brazil,major_producer_crop_conditions,Major producer crop conditions,crop_condition,69.0,index,recurring_monthly_crop_condition_profile,Curated global maize crop-condition profile,https://www.usda.gov/,curated
2023-11-01,2023/24,Ukraine,major_producer_crop_conditions,Major producer crop conditions,crop_condition,45.0,index,recurring_monthly_crop_condition_profile,Curated global maize crop-condition profile,https://www.usda.gov/,curated
2023-11-01,2023/24,United States,major_producer_crop_conditions,Major producer crop conditions,crop_condition,40.0,index,recurring_monthly_crop_condition_profile,Curated global maize crop-condition profile,https://www.usda.gov/,curated
2023-11-01,2023/24,India,opening_stock,Opening stocks,stock,2.762364,million_tonnes,annual_opening_to_closing_stock_interpolation,Local supply-demand analytics store,D:\ncel2\ncel-commodity-pricing\backend\data\supply_demand_analytics.db,mixed
2023-11-01,2023/24,India,total_availability,Total availability,derived,8.794364,million_tonnes,opening_stock_plus_domestic_production_plus_imports,Derived inside Maize supply store,D:\ncel2\ncel-commodity-pricing\SnD\supply\maize\maize_supply_factors.db,derived
2023-11-01,2023/24,Argentina,usda_global_production,USDA global production by country,global_production,51.6,million_tonnes,usda_marketing_year_hold_constant_monthly,USDA WASDE March 2026 local text snapshot,D:\ncel2\ncel-commodity-pricing\backend\data\tmp_wasde0326.txt,partial
2023-11-01,2023/24,Brazil,usda_global_production,USDA global production by country,global_production,119.0,million_tonnes,usda_marketing_year_hold_constant_monthly,USDA WASDE March 2026 local text snapshot,D:\ncel2\ncel-commodity-pricing\backend\data\tmp_wasde0326.txt,partial
2023-11-01,2023/24,Ukraine,usda_global_production,USDA global production by country,global_production,32.5,million_tonnes,usda_marketing_year_hold_constant_monthly,USDA WASDE March 2026 local text snapshot,D:\ncel2\ncel-commodity-pricing\backend\data\tmp_wasde0326.txt,partial
2023-11-01,2023/24,United States,usda_global_production,USDA global production by country,global_production,389.67,million_tonnes,usda_marketing_year_hold_constant_monthly,USDA WASDE March 2026 local text snapshot,D:\ncel2\ncel-commodity-pricing\backend\data\tmp_wasde0326.txt,partial
2023-11-01,2023/24,India,yield_per_hectare,Yield per hectare,yield,3351.0,kg_per_hectare,annual_hold_constant_monthly,Economic Survey Statistical Appendix,https://www.indiabudget.gov.in/economicsurvey/doc/Statistical-Appendix-in-English.pdf,annual_only
2023-12-01,2023/24,India,acreage_sown_area,Acreage (sown area),area,11.2,million_hectare,annual_hold_constant_monthly,Economic Survey Statistical Appendix,https://www.indiabudget.gov.in/economicsurvey/doc/Statistical-Appendix-in-English.pdf,annual_only
2023-12-01,2023/24,Global,brazil_safrinha_harvest_calendar,Brazil safrinha harvest calendar,calendar,5.0,index,recurring_monthly_harvest_calendar,Curated Brazil safrinha harvest calendar,https://www.fao.org/,curated
2023-12-01,2023/24,India,buffer_stock,Buffer stock,stock,2.777273,million_tonnes,annual_opening_to_closing_stock_interpolation,Local supply-demand analytics store,D:\ncel2\ncel-commodity-pricing\backend\data\supply_demand_analytics.db,mixed
2023-12-01,2023/24,India,domestic_production,Domestic production,production,3.393,million_tonnes,annual_production_to_monthly_harvest_release_proxy,Economic Survey Statistical Appendix,https://www.indiabudget.gov.in/economicsurvey/doc/Statistical-Appendix-in-English.pdf,annual_only
2023-12-01,2023/24,Global,global_exporter_harvest_calendar,Global exporter harvest calendar,calendar,58.0,index,recurring_monthly_harvest_calendar,Curated global maize exporter harvest calendar,https://www.fao.org/,curated
2023-12-01,2023/24,India,imports,Imports,trade,0.0,million_tonnes,annual_imports_to_monthly_uniform_proxy,Local supply-demand analytics store,D:\ncel2\ncel-commodity-pricing\backend\data\supply_demand_analytics.db,mixed
2023-12-01,2023/24,Argentina,major_producer_crop_conditions,Major producer crop conditions,crop_condition,68.0,index,recurring_monthly_crop_condition_profile,Curated global maize crop-condition profile,https://www.usda.gov/,curated
2023-12-01,2023/24,Brazil,major_producer_crop_conditions,Major producer crop conditions,crop_condition,71.0,index,recurring_monthly_crop_condition_profile,Curated global maize crop-condition profile,https://www.usda.gov/,curated
2023-12-01,2023/24,Ukraine,major_producer_crop_conditions,Major producer crop conditions,crop_condition,42.0,index,recurring_monthly_crop_condition_profile,Curated global maize crop-condition profile,https://www.usda.gov/,curated
2023-12-01,2023/24,United States,major_producer_crop_conditions,Major producer crop conditions,crop_condition,36.0,index,recurring_monthly_crop_condition_profile,Curated global maize crop-condition profile,https://www.usda.gov/,curated
2023-12-01,2023/24,India,opening_stock,Opening stocks,stock,2.777273,million_tonnes,annual_opening_to_closing_stock_interpolation,Local supply-demand analytics store,D:\ncel2\ncel-commodity-pricing\backend\data\supply_demand_analytics.db,mixed
2023-12-01,2023/24,India,total_availability,Total availability,derived,6.170273,million_tonnes,opening_stock_plus_domestic_production_plus_imports,Derived inside Maize supply store,D:\ncel2\ncel-commodity-pricing\SnD\supply\maize\maize_supply_factors.db,derived
2023-12-01,2023/24,Argentina,usda_global_production,USDA global production by country,global_production,51.6,million_tonnes,usda_marketing_year_hold_constant_monthly,USDA WASDE March 2026 local text snapshot,D:\ncel2\ncel-commodity-pricing\backend\data\tmp_wasde0326.txt,partial
2023-12-01,2023/24,Brazil,usda_global_production,USDA global production by country,global_production,119.0,million_tonnes,usda_marketing_year_hold_constant_monthly,USDA WASDE March 2026 local text snapshot,D:\ncel2\ncel-commodity-pricing\backend\data\tmp_wasde0326.txt,partial
2023-12-01,2023/24,Ukraine,usda_global_production,USDA global production by country,global_production,32.5,million_tonnes,usda_marketing_year_hold_constant_monthly,USDA WASDE March 2026 local text snapshot,D:\ncel2\ncel-commodity-pricing\backend\data\tmp_wasde0326.txt,partial
2023-12-01,2023/24,United States,usda_global_production,USDA global production by country,global_production,389.67,million_tonnes,usda_marketing_year_hold_constant_monthly,USDA WASDE March 2026 local text snapshot,D:\ncel2\ncel-commodity-pricing\backend\data\tmp_wasde0326.txt,partial
2023-12-01,2023/24,India,yield_per_hectare,Yield per hectare,yield,3351.0,kg_per_hectare,annual_hold_constant_monthly,Economic Survey Statistical Appendix,https://www.indiabudget.gov.in/economicsurvey/doc/Statistical-Appendix-in-English.pdf,annual_only
2024-01-01,2023/24,India,acreage_sown_area,Acreage (sown area),area,11.2,million_hectare,annual_hold_constant_monthly,Economic Survey Statistical Appendix,https://www.indiabudget.gov.in/economicsurvey/doc/Statistical-Appendix-in-English.pdf,annual_only
2024-01-01,2023/24,Global,brazil_safrinha_harvest_calendar,Brazil safrinha harvest calendar,calendar,12.0,index,recurring_monthly_harvest_calendar,Curated Brazil safrinha harvest calendar,https://www.fao.org/,curated
2024-01-01,2023/24,India,buffer_stock,Buffer stock,stock,2.792182,million_tonnes,annual_opening_to_closing_stock_interpolation,Local supply-demand analytics store,D:\ncel2\ncel-commodity-pricing\backend\data\supply_demand_analytics.db,mixed
2024-01-01,2023/24,India,domestic_production,Domestic production,production,1.885,million_tonnes,annual_production_to_monthly_harvest_release_proxy,Economic Survey Statistical Appendix,https://www.indiabudget.gov.in/economicsurvey/doc/Statistical-Appendix-in-English.pdf,annual_only
2024-01-01,2023/24,Global,global_exporter_harvest_calendar,Global exporter harvest calendar,calendar,34.0,index,recurring_monthly_harvest_calendar,Curated global maize exporter harvest calendar,https://www.fao.org/,curated
2024-01-01,2023/24,India,imports,Imports,trade,0.0,million_tonnes,annual_imports_to_monthly_uniform_proxy,Local supply-demand analytics store,D:\ncel2\ncel-commodity-pricing\backend\data\supply_demand_analytics.db,mixed
2024-01-01,2023/24,Argentina,major_producer_crop_conditions,Major producer crop conditions,crop_condition,69.0,index,recurring_monthly_crop_condition_profile,Curated global maize crop-condition profile,https://www.usda.gov/,curated
2024-01-01,2023/24,Brazil,major_producer_crop_conditions,Major producer crop conditions,crop_condition,72.0,index,recurring_monthly_crop_condition_profile,Curated global maize crop-condition profile,https://www.usda.gov/,curated
2024-01-01,2023/24,Ukraine,major_producer_crop_conditions,Major producer crop conditions,crop_condition,41.0,index,recurring_monthly_crop_condition_profile,Curated global maize crop-condition profile,https://www.usda.gov/,curated
2024-01-01,2023/24,United States,major_producer_crop_conditions,Major producer crop conditions,crop_condition,38.0,index,recurring_monthly_crop_condition_profile,Curated global maize crop-condition profile,https://www.usda.gov/,curated
2024-01-01,2023/24,India,opening_stock,Opening stocks,stock,2.792182,million_tonnes,annual_opening_to_closing_stock_interpolation,Local supply-demand analytics store,D:\ncel2\ncel-commodity-pricing\backend\data\supply_demand_analytics.db,mixed
2024-01-01,2023/24,India,total_availability,Total availability,derived,4.677182,million_tonnes,opening_stock_plus_domestic_production_plus_imports,Derived inside Maize supply store,D:\ncel2\ncel-commodity-pricing\SnD\supply\maize\maize_supply_factors.db,derived
2024-01-01,2023/24,Argentina,usda_global_production,USDA global production by country,global_production,51.6,million_tonnes,usda_marketing_year_hold_constant_monthly,USDA WASDE March 2026 local text snapshot,D:\ncel2\ncel-commodity-pricing\backend\data\tmp_wasde0326.txt,partial
2024-01-01,2023/24,Brazil,usda_global_production,USDA global production by country,global_production,119.0,million_tonnes,usda_marketing_year_hold_constant_monthly,USDA WASDE March 2026 local text snapshot,D:\ncel2\ncel-commodity-pricing\backend\data\tmp_wasde0326.txt,partial
2024-01-01,2023/24,Ukraine,usda_global_production,USDA global production by country,global_production,32.5,million_tonnes,usda_marketing_year_hold_constant_monthly,USDA WASDE March 2026 local text snapshot,D:\ncel2\ncel-commodity-pricing\backend\data\tmp_wasde0326.txt,partial
2024-01-01,2023/24,United States,usda_global_production,USDA global production by country,global_production,389.67,million_tonnes,usda_marketing_year_hold_constant_monthly,USDA WASDE March 2026 local text snapshot,D:\ncel2\ncel-commodity-pricing\backend\data\tmp_wasde0326.txt,partial
2024-01-01,2023/24,India,yield_per_hectare,Yield per hectare,yield,3351.0,kg_per_hectare,annual_hold_constant_monthly,Economic Survey Statistical Appendix,https://www.indiabudget.gov.in/economicsurvey/doc/Statistical-Appendix-in-English.pdf,annual_only
2024-02-01,2023/24,India,acreage_sown_area,Acreage (sown area),area,11.2,million_hectare,annual_hold_constant_monthly,Economic Survey Statistical Appendix,https://www.indiabudget.gov.in/economicsurvey/doc/Statistical-Appendix-in-English.pdf,annual_only
2024-02-01,2023/24,Global,brazil_safrinha_harvest_calendar,Brazil safrinha harvest calendar,calendar,18.0,index,recurring_monthly_harvest_calendar,Curated Brazil safrinha harvest calendar,https://www.fao.org/,curated
2024-02-01,2023/24,India,buffer_stock,Buffer stock,stock,2.807091,million_tonnes,annual_opening_to_closing_stock_interpolation,Local supply-demand analytics store,D:\ncel2\ncel-commodity-pricing\backend\data\supply_demand_analytics.db,mixed
2024-02-01,2023/24,India,domestic_production,Domestic production,production,1.131,million_tonnes,annual_production_to_monthly_harvest_release_proxy,Economic Survey Statistical Appendix,https://www.indiabudget.gov.in/economicsurvey/doc/Statistical-Appendix-in-English.pdf,annual_only
2024-02-01,2023/24,Global,global_exporter_harvest_calendar,Global exporter harvest calendar,calendar,28.0,index,recurring_monthly_harvest_calendar,Curated global maize exporter harvest calendar,https://www.fao.org/,curated
2024-02-01,2023/24,India,imports,Imports,trade,0.0,million_tonnes,annual_imports_to_monthly_uniform_proxy,Local supply-demand analytics store,D:\ncel2\ncel-commodity-pricing\backend\data\supply_demand_analytics.db,mixed
2024-02-01,2023/24,Argentina,major_producer_crop_conditions,Major producer crop conditions,crop_condition,67.0,index,recurring_monthly_crop_condition_profile,Curated global maize crop-condition profile,https://www.usda.gov/,curated
2024-02-01,2023/24,Brazil,major_producer_crop_conditions,Major producer crop conditions,crop_condition,70.0,index,recurring_monthly_crop_condition_profile,Curated global maize crop-condition profile,https://www.usda.gov/,curated
2024-02-01,2023/24,Ukraine,major_producer_crop_conditions,Major producer crop conditions,crop_condition,39.0,index,recurring_monthly_crop_condition_profile,Curated global maize crop-condition profile,https://www.usda.gov/,curated
2024-02-01,2023/24,United States,major_producer_crop_conditions,Major producer crop conditions,crop_condition,35.0,index,recurring_monthly_crop_condition_profile,Curated global maize crop-condition profile,https://www.usda.gov/,curated
2024-02-01,2023/24,India,opening_stock,Opening stocks,stock,2.807091,million_tonnes,annual_opening_to_closing_stock_interpolation,Local supply-demand analytics store,D:\ncel2\ncel-commodity-pricing\backend\data\supply_demand_analytics.db,mixed
2024-02-01,2023/24,India,total_availability,Total availability,derived,3.938091,million_tonnes,opening_stock_plus_domestic_production_plus_imports,Derived inside Maize supply store,D:\ncel2\ncel-commodity-pricing\SnD\supply\maize\maize_supply_factors.db,derived
2024-02-01,2023/24,Argentina,usda_global_production,USDA global production by country,global_production,51.6,million_tonnes,usda_marketing_year_hold_constant_monthly,USDA WASDE March 2026 local text snapshot,D:\ncel2\ncel-commodity-pricing\backend\data\tmp_wasde0326.txt,partial
2024-02-01,2023/24,Brazil,usda_global_production,USDA global production by country,global_production,119.0,million_tonnes,usda_marketing_year_hold_constant_monthly,USDA WASDE March 2026 local text snapshot,D:\ncel2\ncel-commodity-pricing\backend\data\tmp_wasde0326.txt,partial
2024-02-01,2023/24,Ukraine,usda_global_production,USDA global production by country,global_production,32.5,million_tonnes,usda_marketing_year_hold_constant_monthly,USDA WASDE March 2026 local text snapshot,D:\ncel2\ncel-commodity-pricing\backend\data\tmp_wasde0326.txt,partial
2024-02-01,2023/24,United States,usda_global_production,USDA global production by country,global_production,389.67,million_tonnes,usda_marketing_year_hold_constant_monthly,USDA WASDE March 2026 local text snapshot,D:\ncel2\ncel-commodity-pricing\backend\data\tmp_wasde0326.txt,partial
2024-02-01,2023/24,India,yield_per_hectare,Yield per hectare,yield,3351.0,kg_per_hectare,annual_hold_constant_monthly,Economic Survey Statistical Appendix,https://www.indiabudget.gov.in/economicsurvey/doc/Statistical-Appendix-in-English.pdf,annual_only
2024-03-01,2023/24,India,acreage_sown_area,Acreage (sown area),area,11.2,million_hectare,annual_hold_constant_monthly,Economic Survey Statistical Appendix,https://www.indiabudget.gov.in/economicsurvey/doc/Statistical-Appendix-in-English.pdf,annual_only
2024-03-01,2023/24,Global,brazil_safrinha_harvest_calendar,Brazil safrinha harvest calendar,calendar,26.0,index,recurring_monthly_harvest_calendar,Curated Brazil safrinha harvest calendar,https://www.fao.org/,curated
2024-03-01,2023/24,India,buffer_stock,Buffer stock,stock,2.822,million_tonnes,annual_opening_to_closing_stock_interpolation,Local supply-demand analytics store,D:\ncel2\ncel-commodity-pricing\backend\data\supply_demand_analytics.db,mixed
2024-03-01,2023/24,India,domestic_production,Domestic production,production,0.377,million_tonnes,annual_production_to_monthly_harvest_release_proxy,Economic Survey Statistical Appendix,https://www.indiabudget.gov.in/economicsurvey/doc/Statistical-Appendix-in-English.pdf,annual_only
2024-03-01,2023/24,Global,global_exporter_harvest_calendar,Global exporter harvest calendar,calendar,22.0,index,recurring_monthly_harvest_calendar,Curated global maize exporter harvest calendar,https://www.fao.org/,curated
2024-03-01,2023/24,India,imports,Imports,trade,0.0,million_tonnes,annual_imports_to_monthly_uniform_proxy,Local supply-demand analytics store,D:\ncel2\ncel-commodity-pricing\backend\data\supply_demand_analytics.db,mixed
2024-03-01,2023/24,Argentina,major_producer_crop_conditions,Major producer crop conditions,crop_condition,63.0,index,recurring_monthly_crop_condition_profile,Curated global maize crop-condition profile,https://www.usda.gov/,curated
2024-03-01,2023/24,Brazil,major_producer_crop_conditions,Major producer crop conditions,crop_condition,66.0,index,recurring_monthly_crop_condition_profile,Curated global maize crop-condition profile,https://www.usda.gov/,curated
2024-03-01,2023/24,Ukraine,major_producer_crop_conditions,Major producer crop conditions,crop_condition,43.0,index,recurring_monthly_crop_condition_profile,Curated global maize crop-condition profile,https://www.usda.gov/,curated
2024-03-01,2023/24,United States,major_producer_crop_conditions,Major producer crop conditions,crop_condition,40.0,index,recurring_monthly_crop_condition_profile,Curated global maize crop-condition profile,https://www.usda.gov/,curated
2024-03-01,2023/24,India,opening_stock,Opening stocks,stock,2.822,million_tonnes,annual_opening_to_closing_stock_interpolation,Local supply-demand analytics store,D:\ncel2\ncel-commodity-pricing\backend\data\supply_demand_analytics.db,mixed
2024-03-01,2023/24,India,total_availability,Total availability,derived,3.199,million_tonnes,opening_stock_plus_domestic_production_plus_imports,Derived inside Maize supply store,D:\ncel2\ncel-commodity-pricing\SnD\supply\maize\maize_supply_factors.db,derived
2024-03-01,2023/24,Argentina,usda_global_production,USDA global production by country,global_production,51.6,million_tonnes,usda_marketing_year_hold_constant_monthly,USDA WASDE March 2026 local text snapshot,D:\ncel2\ncel-commodity-pricing\backend\data\tmp_wasde0326.txt,partial
2024-03-01,2023/24,Brazil,usda_global_production,USDA global production by country,global_production,119.0,million_tonnes,usda_marketing_year_hold_constant_monthly,USDA WASDE March 2026 local text snapshot,D:\ncel2\ncel-commodity-pricing\backend\data\tmp_wasde0326.txt,partial
2024-03-01,2023/24,Ukraine,usda_global_production,USDA global production by country,global_production,32.5,million_tonnes,usda_marketing_year_hold_constant_monthly,USDA WASDE March 2026 local text snapshot,D:\ncel2\ncel-commodity-pricing\backend\data\tmp_wasde0326.txt,partial
2024-03-01,2023/24,United States,usda_global_production,USDA global production by country,global_production,389.67,million_tonnes,usda_marketing_year_hold_constant_monthly,USDA WASDE March 2026 local text snapshot,D:\ncel2\ncel-commodity-pricing\backend\data\tmp_wasde0326.txt,partial
2024-03-01,2023/24,India,yield_per_hectare,Yield per hectare,yield,3351.0,kg_per_hectare,annual_hold_constant_monthly,Economic Survey Statistical Appendix,https://www.indiabudget.gov.in/economicsurvey/doc/Statistical-Appendix-in-English.pdf,annual_only
2024-04-01,2024/25,India,acreage_sown_area,Acreage (sown area),area,12.1,million_hectare,annual_hold_constant_monthly,Economic Survey Statistical Appendix,https://www.indiabudget.gov.in/economicsurvey/doc/Statistical-Appendix-in-English.pdf,annual_only
2024-04-01,2023/24,Global,brazil_safrinha_harvest_calendar,Brazil safrinha harvest calendar,calendar,42.0,index,recurring_monthly_harvest_calendar,Curated Brazil safrinha harvest calendar,https://www.fao.org/,curated
2024-04-01,2024/25,India,buffer_stock,Buffer stock,stock,2.822,million_tonnes,annual_opening_to_closing_stock_interpolation,Local supply-demand analytics store,D:\ncel2\ncel-commodity-pricing\backend\data\supply_demand_analytics.db,mixed
2024-04-01,2024/25,India,domestic_production,Domestic production,production,1.302,million_tonnes,annual_production_to_monthly_harvest_release_proxy,Economic Survey Statistical Appendix,https://www.indiabudget.gov.in/economicsurvey/doc/Statistical-Appendix-in-English.pdf,annual_only
2024-04-01,2023/24,Global,global_exporter_harvest_calendar,Global exporter harvest calendar,calendar,24.0,index,recurring_monthly_harvest_calendar,Curated global maize exporter harvest calendar,https://www.fao.org/,curated
2024-04-01,2024/25,India,imports,Imports,trade,0.0,million_tonnes,annual_imports_to_monthly_uniform_proxy,Local supply-demand analytics store,D:\ncel2\ncel-commodity-pricing\backend\data\supply_demand_analytics.db,mixed
2024-04-01,2023/24,Argentina,major_producer_crop_conditions,Major producer crop conditions,crop_condition,58.0,index,recurring_monthly_crop_condition_profile,Curated global maize crop-condition profile,https://www.usda.gov/,curated
2024-04-01,2023/24,Brazil,major_producer_crop_conditions,Major producer crop conditions,crop_condition,62.0,index,recurring_monthly_crop_condition_profile,Curated global maize crop-condition profile,https://www.usda.gov/,curated
2024-04-01,2023/24,Ukraine,major_producer_crop_conditions,Major producer crop conditions,crop_condition,50.0,index,recurring_monthly_crop_condition_profile,Curated global maize crop-condition profile,https://www.usda.gov/,curated
2024-04-01,2023/24,United States,major_producer_crop_conditions,Major producer crop conditions,crop_condition,52.0,index,recurring_monthly_crop_condition_profile,Curated global maize crop-condition profile,https://www.usda.gov/,curated
2024-04-01,2024/25,India,opening_stock,Opening stocks,stock,2.822,million_tonnes,annual_opening_to_closing_stock_interpolation,Local supply-demand analytics store,D:\ncel2\ncel-commodity-pricing\backend\data\supply_demand_analytics.db,mixed
2024-04-01,2024/25,India,total_availability,Total availability,derived,4.124,million_tonnes,opening_stock_plus_domestic_production_plus_imports,Derived inside Maize supply store,D:\ncel2\ncel-commodity-pricing\SnD\supply\maize\maize_supply_factors.db,derived
2024-04-01,2024/25,Argentina,usda_global_production,USDA global production by country,global_production,50.0,million_tonnes,usda_marketing_year_hold_constant_monthly,USDA WASDE March 2026 local text snapshot,D:\ncel2\ncel-commodity-pricing\backend\data\tmp_wasde0326.txt,partial
2024-04-01,2024/25,Brazil,usda_global_production,USDA global production by country,global_production,136.0,million_tonnes,usda_marketing_year_hold_constant_monthly,USDA WASDE March 2026 local text snapshot,D:\ncel2\ncel-commodity-pricing\backend\data\tmp_wasde0326.txt,partial
2024-04-01,2024/25,Ukraine,usda_global_production,USDA global production by country,global_production,26.8,million_tonnes,usda_marketing_year_hold_constant_monthly,USDA WASDE March 2026 local text snapshot,D:\ncel2\ncel-commodity-pricing\backend\data\tmp_wasde0326.txt,partial
2024-04-01,2024/25,United States,usda_global_production,USDA global production by country,global_production,378.27,million_tonnes,usda_marketing_year_hold_constant_monthly,USDA WASDE March 2026 local text snapshot,D:\ncel2\ncel-commodity-pricing\backend\data\tmp_wasde0326.txt,partial
2024-04-01,2024/25,India,yield_per_hectare,Yield per hectare,yield,3590.0,kg_per_hectare,annual_hold_constant_monthly,Economic Survey Statistical Appendix,https://www.indiabudget.gov.in/economicsurvey/doc/Statistical-Appendix-in-English.pdf,annual_only
2024-05-01,2024/25,India,acreage_sown_area,Acreage (sown area),area,12.1,million_hectare,annual_hold_constant_monthly,Economic Survey Statistical Appendix,https://www.indiabudget.gov.in/economicsurvey/doc/Statistical-Appendix-in-English.pdf,annual_only
2024-05-01,2023/24,Global,brazil_safrinha_harvest_calendar,Brazil safrinha harvest calendar,calendar,68.0,index,recurring_monthly_harvest_calendar,Curated Brazil safrinha harvest calendar,https://www.fao.org/,curated
2024-05-01,2024/25,India,buffer_stock,Buffer stock,stock,2.818091,million_tonnes,annual_opening_to_closing_stock_interpolation,Local supply-demand analytics store,D:\ncel2\ncel-commodity-pricing\backend\data\supply_demand_analytics.db,mixed
2024-05-01,2024/25,India,domestic_production,Domestic production,production,2.17,million_tonnes,annual_production_to_monthly_harvest_release_proxy,Economic Survey Statistical Appendix,https://www.indiabudget.gov.in/economicsurvey/doc/Statistical-Appendix-in-English.pdf,annual_only
2024-05-01,2023/24,Global,global_exporter_harvest_calendar,Global exporter harvest calendar,calendar,39.0,index,recurring_monthly_harvest_calendar,Curated global maize exporter harvest calendar,https://www.fao.org/,curated
2024-05-01,2024/25,India,imports,Imports,trade,0.0,million_tonnes,annual_imports_to_monthly_uniform_proxy,Local supply-demand analytics store,D:\ncel2\ncel-commodity-pricing\backend\data\supply_demand_analytics.db,mixed
2024-05-01,2023/24,Argentina,major_producer_crop_conditions,Major producer crop conditions,crop_condition,54.0,index,recurring_monthly_crop_condition_profile,Curated global maize crop-condition profile,https://www.usda.gov/,curated
2024-05-01,2023/24,Brazil,major_producer_crop_conditions,Major producer crop conditions,crop_condition,58.0,index,recurring_monthly_crop_condition_profile,Curated global maize crop-condition profile,https://www.usda.gov/,curated
2024-05-01,2023/24,Ukraine,major_producer_crop_conditions,Major producer crop conditions,crop_condition,60.0,index,recurring_monthly_crop_condition_profile,Curated global maize crop-condition profile,https://www.usda.gov/,curated
2024-05-01,2023/24,United States,major_producer_crop_conditions,Major producer crop conditions,crop_condition,63.0,index,recurring_monthly_crop_condition_profile,Curated global maize crop-condition profile,https://www.usda.gov/,curated
2024-05-01,2024/25,India,opening_stock,Opening stocks,stock,2.818091,million_tonnes,annual_opening_to_closing_stock_interpolation,Local supply-demand analytics store,D:\ncel2\ncel-commodity-pricing\backend\data\supply_demand_analytics.db,mixed
2024-05-01,2024/25,India,total_availability,Total availability,derived,4.988091,million_tonnes,opening_stock_plus_domestic_production_plus_imports,Derived inside Maize supply store,D:\ncel2\ncel-commodity-pricing\SnD\supply\maize\maize_supply_factors.db,derived
2024-05-01,2024/25,Argentina,usda_global_production,USDA global production by country,global_production,50.0,million_tonnes,usda_marketing_year_hold_constant_monthly,USDA WASDE March 2026 local text snapshot,D:\ncel2\ncel-commodity-pricing\backend\data\tmp_wasde0326.txt,partial
2024-05-01,2024/25,Brazil,usda_global_production,USDA global production by country,global_production,136.0,million_tonnes,usda_marketing_year_hold_constant_monthly,USDA WASDE March 2026 local text snapshot,D:\ncel2\ncel-commodity-pricing\backend\data\tmp_wasde0326.txt,partial
2024-05-01,2024/25,Ukraine,usda_global_production,USDA global production by country,global_production,26.8,million_tonnes,usda_marketing_year_hold_constant_monthly,USDA WASDE March 2026 local text snapshot,D:\ncel2\ncel-commodity-pricing\backend\data\tmp_wasde0326.txt,partial
2024-05-01,2024/25,United States,usda_global_production,USDA global production by country,global_production,378.27,million_tonnes,usda_marketing_year_hold_constant_monthly,USDA WASDE March 2026 local text snapshot,D:\ncel2\ncel-commodity-pricing\backend\data\tmp_wasde0326.txt,partial
2024-05-01,2024/25,India,yield_per_hectare,Yield per hectare,yield,3590.0,kg_per_hectare,annual_hold_constant_monthly,Economic Survey Statistical Appendix,https://www.indiabudget.gov.in/economicsurvey/doc/Statistical-Appendix-in-English.pdf,annual_only
2024-06-01,2024/25,India,acreage_sown_area,Acreage (sown area),area,12.1,million_hectare,annual_hold_constant_monthly,Economic Survey Statistical Appendix,https://www.indiabudget.gov.in/economicsurvey/doc/Statistical-Appendix-in-English.pdf,annual_only
2024-06-01,2023/24,Global,brazil_safrinha_harvest_calendar,Brazil safrinha harvest calendar,calendar,92.0,index,recurring_monthly_harvest_calendar,Curated Brazil safrinha harvest calendar,https://www.fao.org/,curated
2024-06-01,2024/25,India,buffer_stock,Buffer stock,stock,2.814182,million_tonnes,annual_opening_to_closing_stock_interpolation,Local supply-demand analytics store,D:\ncel2\ncel-commodity-pricing\backend\data\supply_demand_analytics.db,mixed
2024-06-01,2024/25,India,domestic_production,Domestic production,production,3.472,million_tonnes,annual_production_to_monthly_harvest_release_proxy,Economic Survey Statistical Appendix,https://www.indiabudget.gov.in/economicsurvey/doc/Statistical-Appendix-in-English.pdf,annual_only
2024-06-01,2023/24,Global,global_exporter_harvest_calendar,Global exporter harvest calendar,calendar,55.0,index,recurring_monthly_harvest_calendar,Curated global maize exporter harvest calendar,https://www.fao.org/,curated
2024-06-01,2024/25,India,imports,Imports,trade,0.0,million_tonnes,annual_imports_to_monthly_uniform_proxy,Local supply-demand analytics store,D:\ncel2\ncel-commodity-pricing\backend\data\supply_demand_analytics.db,mixed
2024-06-01,2023/24,Argentina,major_producer_crop_conditions,Major producer crop conditions,crop_condition,52.0,index,recurring_monthly_crop_condition_profile,Curated global maize crop-condition profile,https://www.usda.gov/,curated
2024-06-01,2023/24,Brazil,major_producer_crop_conditions,Major producer crop conditions,crop_condition,56.0,index,recurring_monthly_crop_condition_profile,Curated global maize crop-condition profile,https://www.usda.gov/,curated
2024-06-01,2023/24,Ukraine,major_producer_crop_conditions,Major producer crop conditions,crop_condition,70.0,index,recurring_monthly_crop_condition_profile,Curated global maize crop-condition profile,https://www.usda.gov/,curated
2024-06-01,2023/24,United States,major_producer_crop_conditions,Major producer crop conditions,crop_condition,74.0,index,recurring_monthly_crop_condition_profile,Curated global maize crop-condition profile,https://www.usda.gov/,curated
2024-06-01,2024/25,India,opening_stock,Opening stocks,stock,2.814182,million_tonnes,annual_opening_to_closing_stock_interpolation,Local supply-demand analytics store,D:\ncel2\ncel-commodity-pricing\backend\data\supply_demand_analytics.db,mixed
2024-06-01,2024/25,India,total_availability,Total availability,derived,6.286182,million_tonnes,opening_stock_plus_domestic_production_plus_imports,Derived inside Maize supply store,D:\ncel2\ncel-commodity-pricing\SnD\supply\maize\maize_supply_factors.db,derived
2024-06-01,2024/25,Argentina,usda_global_production,USDA global production by country,global_production,50.0,million_tonnes,usda_marketing_year_hold_constant_monthly,USDA WASDE March 2026 local text snapshot,D:\ncel2\ncel-commodity-pricing\backend\data\tmp_wasde0326.txt,partial
2024-06-01,2024/25,Brazil,usda_global_production,USDA global production by country,global_production,136.0,million_tonnes,usda_marketing_year_hold_constant_monthly,USDA WASDE March 2026 local text snapshot,D:\ncel2\ncel-commodity-pricing\backend\data\tmp_wasde0326.txt,partial
2024-06-01,2024/25,Ukraine,usda_global_production,USDA global production by country,global_production,26.8,million_tonnes,usda_marketing_year_hold_constant_monthly,USDA WASDE March 2026 local text snapshot,D:\ncel2\ncel-commodity-pricing\backend\data\tmp_wasde0326.txt,partial
2024-06-01,2024/25,United States,usda_global_production,USDA global production by country,global_production,378.27,million_tonnes,usda_marketing_year_hold_constant_monthly,USDA WASDE March 2026 local text snapshot,D:\ncel2\ncel-commodity-pricing\backend\data\tmp_wasde0326.txt,partial
2024-06-01,2024/25,India,yield_per_hectare,Yield per hectare,yield,3590.0,kg_per_hectare,annual_hold_constant_monthly,Economic Survey Statistical Appendix,https://www.indiabudget.gov.in/economicsurvey/doc/Statistical-Appendix-in-English.pdf,annual_only
2024-07-01,2024/25,India,acreage_sown_area,Acreage (sown area),area,12.1,million_hectare,annual_hold_constant_monthly,Economic Survey Statistical Appendix,https://www.indiabudget.gov.in/economicsurvey/doc/Statistical-Appendix-in-English.pdf,annual_only
2024-07-01,2023/24,Global,brazil_safrinha_harvest_calendar,Brazil safrinha harvest calendar,calendar,100.0,index,recurring_monthly_harvest_calendar,Curated Brazil safrinha harvest calendar,https://www.fao.org/,curated
2024-07-01,2024/25,India,buffer_stock,Buffer stock,stock,2.810273,million_tonnes,annual_opening_to_closing_stock_interpolation,Local supply-demand analytics store,D:\ncel2\ncel-commodity-pricing\backend\data\supply_demand_analytics.db,mixed
2024-07-01,2024/25,India,domestic_production,Domestic production,production,3.906,million_tonnes,annual_production_to_monthly_harvest_release_proxy,Economic Survey Statistical Appendix,https://www.indiabudget.gov.in/economicsurvey/doc/Statistical-Appendix-in-English.pdf,annual_only
2024-07-01,2023/24,Global,global_exporter_harvest_calendar,Global exporter harvest calendar,calendar,73.0,index,recurring_monthly_harvest_calendar,Curated global maize exporter harvest calendar,https://www.fao.org/,curated
2024-07-01,2024/25,India,imports,Imports,trade,0.0,million_tonnes,annual_imports_to_monthly_uniform_proxy,Local supply-demand analytics store,D:\ncel2\ncel-commodity-pricing\backend\data\supply_demand_analytics.db,mixed
2024-07-01,2023/24,Argentina,major_producer_crop_conditions,Major producer crop conditions,crop_condition,50.0,index,recurring_monthly_crop_condition_profile,Curated global maize crop-condition profile,https://www.usda.gov/,curated
2024-07-01,2023/24,Brazil,major_producer_crop_conditions,Major producer crop conditions,crop_condition,55.0,index,recurring_monthly_crop_condition_profile,Curated global maize crop-condition profile,https://www.usda.gov/,curated
2024-07-01,2023/24,Ukraine,major_producer_crop_conditions,Major producer crop conditions,crop_condition,76.0,index,recurring_monthly_crop_condition_profile,Curated global maize crop-condition profile,https://www.usda.gov/,curated
2024-07-01,2023/24,United States,major_producer_crop_conditions,Major producer crop conditions,crop_condition,78.0,index,recurring_monthly_crop_condition_profile,Curated global maize crop-condition profile,https://www.usda.gov/,curated
2024-07-01,2024/25,India,opening_stock,Opening stocks,stock,2.810273,million_tonnes,annual_opening_to_closing_stock_interpolation,Local supply-demand analytics store,D:\ncel2\ncel-commodity-pricing\backend\data\supply_demand_analytics.db,mixed
2024-07-01,2024/25,India,total_availability,Total availability,derived,6.716273,million_tonnes,opening_stock_plus_domestic_production_plus_imports,Derived inside Maize supply store,D:\ncel2\ncel-commodity-pricing\SnD\supply\maize\maize_supply_factors.db,derived
2024-07-01,2024/25,Argentina,usda_global_production,USDA global production by country,global_production,50.0,million_tonnes,usda_marketing_year_hold_constant_monthly,USDA WASDE March 2026 local text snapshot,D:\ncel2\ncel-commodity-pricing\backend\data\tmp_wasde0326.txt,partial
2024-07-01,2024/25,Brazil,usda_global_production,USDA global production by country,global_production,136.0,million_tonnes,usda_marketing_year_hold_constant_monthly,USDA WASDE March 2026 local text snapshot,D:\ncel2\ncel-commodity-pricing\backend\data\tmp_wasde0326.txt,partial
2024-07-01,2024/25,Ukraine,usda_global_production,USDA global production by country,global_production,26.8,million_tonnes,usda_marketing_year_hold_constant_monthly,USDA WASDE March 2026 local text snapshot,D:\ncel2\ncel-commodity-pricing\backend\data\tmp_wasde0326.txt,partial
2024-07-01,2024/25,United States,usda_global_production,USDA global production by country,global_production,378.27,million_tonnes,usda_marketing_year_hold_constant_monthly,USDA WASDE March 2026 local text snapshot,D:\ncel2\ncel-commodity-pricing\backend\data\tmp_wasde0326.txt,partial
2024-07-01,2024/25,India,yield_per_hectare,Yield per hectare,yield,3590.0,kg_per_hectare,annual_hold_constant_monthly,Economic Survey Statistical Appendix,https://www.indiabudget.gov.in/economicsurvey/doc/Statistical-Appendix-in-English.pdf,annual_only
2024-08-01,2024/25,India,acreage_sown_area,Acreage (sown area),area,12.1,million_hectare,annual_hold_constant_monthly,Economic Survey Statistical Appendix,https://www.indiabudget.gov.in/economicsurvey/doc/Statistical-Appendix-in-English.pdf,annual_only
2024-08-01,2023/24,Global,brazil_safrinha_harvest_calendar,Brazil safrinha harvest calendar,calendar,82.0,index,recurring_monthly_harvest_calendar,Curated Brazil safrinha harvest calendar,https://www.fao.org/,curated
2024-08-01,2024/25,India,buffer_stock,Buffer stock,stock,2.806364,million_tonnes,annual_opening_to_closing_stock_interpolation,Local supply-demand analytics store,D:\ncel2\ncel-commodity-pricing\backend\data\supply_demand_analytics.db,mixed
2024-08-01,2024/25,India,domestic_production,Domestic production,production,3.906,million_tonnes,annual_production_to_monthly_harvest_release_proxy,Economic Survey Statistical Appendix,https://www.indiabudget.gov.in/economicsurvey/doc/Statistical-Appendix-in-English.pdf,annual_only
2024-08-01,2023/24,Global,global_exporter_harvest_calendar,Global exporter harvest calendar,calendar,88.0,index,recurring_monthly_harvest_calendar,Curated global maize exporter harvest calendar,https://www.fao.org/,curated
2024-08-01,2024/25,India,imports,Imports,trade,0.0,million_tonnes,annual_imports_to_monthly_uniform_proxy,Local supply-demand analytics store,D:\ncel2\ncel-commodity-pricing\backend\data\supply_demand_analytics.db,mixed
2024-08-01,2023/24,Argentina,major_producer_crop_conditions,Major producer crop conditions,crop_condition,51.0,index,recurring_monthly_crop_condition_profile,Curated global maize crop-condition profile,https://www.usda.gov/,curated
2024-08-01,2023/24,Brazil,major_producer_crop_conditions,Major producer crop conditions,crop_condition,57.0,index,recurring_monthly_crop_condition_profile,Curated global maize crop-condition profile,https://www.usda.gov/,curated
2024-08-01,2023/24,Ukraine,major_producer_crop_conditions,Major producer crop conditions,crop_condition,73.0,index,recurring_monthly_crop_condition_profile,Curated global maize crop-condition profile,https://www.usda.gov/,curated
2024-08-01,2023/24,United States,major_producer_crop_conditions,Major producer crop conditions,crop_condition,71.0,index,recurring_monthly_crop_condition_profile,Curated global maize crop-condition profile,https://www.usda.gov/,curated
2024-08-01,2024/25,India,opening_stock,Opening stocks,stock,2.806364,million_tonnes,annual_opening_to_closing_stock_interpolation,Local supply-demand analytics store,D:\ncel2\ncel-commodity-pricing\backend\data\supply_demand_analytics.db,mixed
2024-08-01,2024/25,India,total_availability,Total availability,derived,6.712364,million_tonnes,opening_stock_plus_domestic_production_plus_imports,Derived inside Maize supply store,D:\ncel2\ncel-commodity-pricing\SnD\supply\maize\maize_supply_factors.db,derived
2024-08-01,2024/25,Argentina,usda_global_production,USDA global production by country,global_production,50.0,million_tonnes,usda_marketing_year_hold_constant_monthly,USDA WASDE March 2026 local text snapshot,D:\ncel2\ncel-commodity-pricing\backend\data\tmp_wasde0326.txt,partial
2024-08-01,2024/25,Brazil,usda_global_production,USDA global production by country,global_production,136.0,million_tonnes,usda_marketing_year_hold_constant_monthly,USDA WASDE March 2026 local text snapshot,D:\ncel2\ncel-commodity-pricing\backend\data\tmp_wasde0326.txt,partial
2024-08-01,2024/25,Ukraine,usda_global_production,USDA global production by country,global_production,26.8,million_tonnes,usda_marketing_year_hold_constant_monthly,USDA WASDE March 2026 local text snapshot,D:\ncel2\ncel-commodity-pricing\backend\data\tmp_wasde0326.txt,partial
2024-08-01,2024/25,United States,usda_global_production,USDA global production by country,global_production,378.27,million_tonnes,usda_marketing_year_hold_constant_monthly,USDA WASDE March 2026 local text snapshot,D:\ncel2\ncel-commodity-pricing\backend\data\tmp_wasde0326.txt,partial
2024-08-01,2024/25,India,yield_per_hectare,Yield per hectare,yield,3590.0,kg_per_hectare,annual_hold_constant_monthly,Economic Survey Statistical Appendix,https://www.indiabudget.gov.in/economicsurvey/doc/Statistical-Appendix-in-English.pdf,annual_only
2024-09-01,2024/25,India,acreage_sown_area,Acreage (sown area),area,12.1,million_hectare,annual_hold_constant_monthly,Economic Survey Statistical Appendix,https://www.indiabudget.gov.in/economicsurvey/doc/Statistical-Appendix-in-English.pdf,annual_only
2024-09-01,2023/24,Global,brazil_safrinha_harvest_calendar,Brazil safrinha harvest calendar,calendar,44.0,index,recurring_monthly_harvest_calendar,Curated Brazil safrinha harvest calendar,https://www.fao.org/,curated
2024-09-01,2024/25,India,buffer_stock,Buffer stock,stock,2.802455,million_tonnes,annual_opening_to_closing_stock_interpolation,Local supply-demand analytics store,D:\ncel2\ncel-commodity-pricing\backend\data\supply_demand_analytics.db,mixed
2024-09-01,2024/25,India,domestic_production,Domestic production,production,6.076,million_tonnes,annual_production_to_monthly_harvest_release_proxy,Economic Survey Statistical Appendix,https://www.indiabudget.gov.in/economicsurvey/doc/Statistical-Appendix-in-English.pdf,annual_only
2024-09-01,2023/24,Global,global_exporter_harvest_calendar,Global exporter harvest calendar,calendar,100.0,index,recurring_monthly_harvest_calendar,Curated global maize exporter harvest calendar,https://www.fao.org/,curated
2024-09-01,2024/25,India,imports,Imports,trade,0.0,million_tonnes,annual_imports_to_monthly_uniform_proxy,Local supply-demand analytics store,D:\ncel2\ncel-commodity-pricing\backend\data\supply_demand_analytics.db,mixed
2024-09-01,2023/24,Argentina,major_producer_crop_conditions,Major producer crop conditions,crop_condition,55.0,index,recurring_monthly_crop_condition_profile,Curated global maize crop-condition profile,https://www.usda.gov/,curated
2024-09-01,2023/24,Brazil,major_producer_crop_conditions,Major producer crop conditions,crop_condition,60.0,index,recurring_monthly_crop_condition_profile,Curated global maize crop-condition profile,https://www.usda.gov/,curated
2024-09-01,2023/24,Ukraine,major_producer_crop_conditions,Major producer crop conditions,crop_condition,64.0,index,recurring_monthly_crop_condition_profile,Curated global maize crop-condition profile,https://www.usda.gov/,curated
2024-09-01,2023/24,United States,major_producer_crop_conditions,Major producer crop conditions,crop_condition,60.0,index,recurring_monthly_crop_condition_profile,Curated global maize crop-condition profile,https://www.usda.gov/,curated
2024-09-01,2024/25,India,opening_stock,Opening stocks,stock,2.802455,million_tonnes,annual_opening_to_closing_stock_interpolation,Local supply-demand analytics store,D:\ncel2\ncel-commodity-pricing\backend\data\supply_demand_analytics.db,mixed
2024-09-01,2024/25,India,total_availability,Total availability,derived,8.878455,million_tonnes,opening_stock_plus_domestic_production_plus_imports,Derived inside Maize supply store,D:\ncel2\ncel-commodity-pricing\SnD\supply\maize\maize_supply_factors.db,derived
2024-09-01,2024/25,Argentina,usda_global_production,USDA global production by country,global_production,50.0,million_tonnes,usda_marketing_year_hold_constant_monthly,USDA WASDE March 2026 local text snapshot,D:\ncel2\ncel-commodity-pricing\backend\data\tmp_wasde0326.txt,partial
2024-09-01,2024/25,Brazil,usda_global_production,USDA global production by country,global_production,136.0,million_tonnes,usda_marketing_year_hold_constant_monthly,USDA WASDE March 2026 local text snapshot,D:\ncel2\ncel-commodity-pricing\backend\data\tmp_wasde0326.txt,partial
2024-09-01,2024/25,Ukraine,usda_global_production,USDA global production by country,global_production,26.8,million_tonnes,usda_marketing_year_hold_constant_monthly,USDA WASDE March 2026 local text snapshot,D:\ncel2\ncel-commodity-pricing\backend\data\tmp_wasde0326.txt,partial
2024-09-01,2024/25,United States,usda_global_production,USDA global production by country,global_production,378.27,million_tonnes,usda_marketing_year_hold_constant_monthly,USDA WASDE March 2026 local text snapshot,D:\ncel2\ncel-commodity-pricing\backend\data\tmp_wasde0326.txt,partial
2024-09-01,2024/25,India,yield_per_hectare,Yield per hectare,yield,3590.0,kg_per_hectare,annual_hold_constant_monthly,Economic Survey Statistical Appendix,https://www.indiabudget.gov.in/economicsurvey/doc/Statistical-Appendix-in-English.pdf,annual_only
2024-10-01,2024/25,India,acreage_sown_area,Acreage (sown area),area,12.1,million_hectare,annual_hold_constant_monthly,Economic Survey Statistical Appendix,https://www.indiabudget.gov.in/economicsurvey/doc/Statistical-Appendix-in-English.pdf,annual_only
2024-10-01,2024/25,Global,brazil_safrinha_harvest_calendar,Brazil safrinha harvest calendar,calendar,18.0,index,recurring_monthly_harvest_calendar,Curated Brazil safrinha harvest calendar,https://www.fao.org/,curated
2024-10-01,2024/25,India,buffer_stock,Buffer stock,stock,2.798545,million_tonnes,annual_opening_to_closing_stock_interpolation,Local supply-demand analytics store,D:\ncel2\ncel-commodity-pricing\backend\data\supply_demand_analytics.db,mixed
2024-10-01,2024/25,India,domestic_production,Domestic production,production,7.812,million_tonnes,annual_production_to_monthly_harvest_release_proxy,Economic Survey Statistical Appendix,https://www.indiabudget.gov.in/economicsurvey/doc/Statistical-Appendix-in-English.pdf,annual_only
2024-10-01,2024/25,Global,global_exporter_harvest_calendar,Global exporter harvest calendar,calendar,94.0,index,recurring_monthly_harvest_calendar,Curated global maize exporter harvest calendar,https://www.fao.org/,curated
2024-10-01,2024/25,India,imports,Imports,trade,0.0,million_tonnes,annual_imports_to_monthly_uniform_proxy,Local supply-demand analytics store,D:\ncel2\ncel-commodity-pricing\backend\data\supply_demand_analytics.db,mixed
2024-10-01,2024/25,Argentina,major_producer_crop_conditions,Major producer crop conditions,crop_condition,61.0,index,recurring_monthly_crop_condition_profile,Curated global maize crop-condition profile,https://www.usda.gov/,curated
2024-10-01,2024/25,Brazil,major_producer_crop_conditions,Major producer crop conditions,crop_condition,65.0,index,recurring_monthly_crop_condition_profile,Curated global maize crop-condition profile,https://www.usda.gov/,curated
2024-10-01,2024/25,Ukraine,major_producer_crop_conditions,Major producer crop conditions,crop_condition,53.0,index,recurring_monthly_crop_condition_profile,Curated global maize crop-condition profile,https://www.usda.gov/,curated
2024-10-01,2024/25,United States,major_producer_crop_conditions,Major producer crop conditions,crop_condition,48.0,index,recurring_monthly_crop_condition_profile,Curated global maize crop-condition profile,https://www.usda.gov/,curated
2024-10-01,2024/25,India,opening_stock,Opening stocks,stock,2.798545,million_tonnes,annual_opening_to_closing_stock_interpolation,Local supply-demand analytics store,D:\ncel2\ncel-commodity-pricing\backend\data\supply_demand_analytics.db,mixed
2024-10-01,2024/25,India,total_availability,Total availability,derived,10.610545,million_tonnes,opening_stock_plus_domestic_production_plus_imports,Derived inside Maize supply store,D:\ncel2\ncel-commodity-pricing\SnD\supply\maize\maize_supply_factors.db,derived
2024-10-01,2024/25,Argentina,usda_global_production,USDA global production by country,global_production,50.0,million_tonnes,usda_marketing_year_hold_constant_monthly,USDA WASDE March 2026 local text snapshot,D:\ncel2\ncel-commodity-pricing\backend\data\tmp_wasde0326.txt,partial
2024-10-01,2024/25,Brazil,usda_global_production,USDA global production by country,global_production,136.0,million_tonnes,usda_marketing_year_hold_constant_monthly,USDA WASDE March 2026 local text snapshot,D:\ncel2\ncel-commodity-pricing\backend\data\tmp_wasde0326.txt,partial
2024-10-01,2024/25,Ukraine,usda_global_production,USDA global production by country,global_production,26.8,million_tonnes,usda_marketing_year_hold_constant_monthly,USDA WASDE March 2026 local text snapshot,D:\ncel2\ncel-commodity-pricing\backend\data\tmp_wasde0326.txt,partial
2024-10-01,2024/25,United States,usda_global_production,USDA global production by country,global_production,378.27,million_tonnes,usda_marketing_year_hold_constant_monthly,USDA WASDE March 2026 local text snapshot,D:\ncel2\ncel-commodity-pricing\backend\data\tmp_wasde0326.txt,partial
2024-10-01,2024/25,India,yield_per_hectare,Yield per hectare,yield,3590.0,kg_per_hectare,annual_hold_constant_monthly,Economic Survey Statistical Appendix,https://www.indiabudget.gov.in/economicsurvey/doc/Statistical-Appendix-in-English.pdf,annual_only
2024-11-01,2024/25,India,acreage_sown_area,Acreage (sown area),area,12.1,million_hectare,annual_hold_constant_monthly,Economic Survey Statistical Appendix,https://www.indiabudget.gov.in/economicsurvey/doc/Statistical-Appendix-in-English.pdf,annual_only
2024-11-01,2024/25,Global,brazil_safrinha_harvest_calendar,Brazil safrinha harvest calendar,calendar,8.0,index,recurring_monthly_harvest_calendar,Curated Brazil safrinha harvest calendar,https://www.fao.org/,curated
2024-11-01,2024/25,India,buffer_stock,Buffer stock,stock,2.794636,million_tonnes,annual_opening_to_closing_stock_interpolation,Local supply-demand analytics store,D:\ncel2\ncel-commodity-pricing\backend\data\supply_demand_analytics.db,mixed
2024-11-01,2024/25,India,domestic_production,Domestic production,production,6.944,million_tonnes,annual_production_to_monthly_harvest_release_proxy,Economic Survey Statistical Appendix,https://www.indiabudget.gov.in/economicsurvey/doc/Statistical-Appendix-in-English.pdf,annual_only
2024-11-01,2024/25,Global,global_exporter_harvest_calendar,Global exporter harvest calendar,calendar,76.0,index,recurring_monthly_harvest_calendar,Curated global maize exporter harvest calendar,https://www.fao.org/,curated
2024-11-01,2024/25,India,imports,Imports,trade,0.0,million_tonnes,annual_imports_to_monthly_uniform_proxy,Local supply-demand analytics store,D:\ncel2\ncel-commodity-pricing\backend\data\supply_demand_analytics.db,mixed
2024-11-01,2024/25,Argentina,major_producer_crop_conditions,Major producer crop conditions,crop_condition,66.0,index,recurring_monthly_crop_condition_profile,Curated global maize crop-condition profile,https://www.usda.gov/,curated
2024-11-01,2024/25,Brazil,major_producer_crop_conditions,Major producer crop conditions,crop_condition,69.0,index,recurring_monthly_crop_condition_profile,Curated global maize crop-condition profile,https://www.usda.gov/,curated
2024-11-01,2024/25,Ukraine,major_producer_crop_conditions,Major producer crop conditions,crop_condition,45.0,index,recurring_monthly_crop_condition_profile,Curated global maize crop-condition profile,https://www.usda.gov/,curated
2024-11-01,2024/25,United States,major_producer_crop_conditions,Major producer crop conditions,crop_condition,40.0,index,recurring_monthly_crop_condition_profile,Curated global maize crop-condition profile,https://www.usda.gov/,curated
2024-11-01,2024/25,India,opening_stock,Opening stocks,stock,2.794636,million_tonnes,annual_opening_to_closing_stock_interpolation,Local supply-demand analytics store,D:\ncel2\ncel-commodity-pricing\backend\data\supply_demand_analytics.db,mixed
2024-11-01,2024/25,India,total_availability,Total availability,derived,9.738636,million_tonnes,opening_stock_plus_domestic_production_plus_imports,Derived inside Maize supply store,D:\ncel2\ncel-commodity-pricing\SnD\supply\maize\maize_supply_factors.db,derived
2024-11-01,2024/25,Argentina,usda_global_production,USDA global production by country,global_production,50.0,million_tonnes,usda_marketing_year_hold_constant_monthly,USDA WASDE March 2026 local text snapshot,D:\ncel2\ncel-commodity-pricing\backend\data\tmp_wasde0326.txt,partial
2024-11-01,2024/25,Brazil,usda_global_production,USDA global production by country,global_production,136.0,million_tonnes,usda_marketing_year_hold_constant_monthly,USDA WASDE March 2026 local text snapshot,D:\ncel2\ncel-commodity-pricing\backend\data\tmp_wasde0326.txt,partial
2024-11-01,2024/25,Ukraine,usda_global_production,USDA global production by country,global_production,26.8,million_tonnes,usda_marketing_year_hold_constant_monthly,USDA WASDE March 2026 local text snapshot,D:\ncel2\ncel-commodity-pricing\backend\data\tmp_wasde0326.txt,partial
2024-11-01,2024/25,United States,usda_global_production,USDA global production by country,global_production,378.27,million_tonnes,usda_marketing_year_hold_constant_monthly,USDA WASDE March 2026 local text snapshot,D:\ncel2\ncel-commodity-pricing\backend\data\tmp_wasde0326.txt,partial
2024-11-01,2024/25,India,yield_per_hectare,Yield per hectare,yield,3590.0,kg_per_hectare,annual_hold_constant_monthly,Economic Survey Statistical Appendix,https://www.indiabudget.gov.in/economicsurvey/doc/Statistical-Appendix-in-English.pdf,annual_only
2024-12-01,2024/25,India,acreage_sown_area,Acreage (sown area),area,12.1,million_hectare,annual_hold_constant_monthly,Economic Survey Statistical Appendix,https://www.indiabudget.gov.in/economicsurvey/doc/Statistical-Appendix-in-English.pdf,annual_only
2024-12-01,2024/25,Global,brazil_safrinha_harvest_calendar,Brazil safrinha harvest calendar,calendar,5.0,index,recurring_monthly_harvest_calendar,Curated Brazil safrinha harvest calendar,https://www.fao.org/,curated
2024-12-01,2024/25,India,buffer_stock,Buffer stock,stock,2.790727,million_tonnes,annual_opening_to_closing_stock_interpolation,Local supply-demand analytics store,D:\ncel2\ncel-commodity-pricing\backend\data\supply_demand_analytics.db,mixed
2024-12-01,2024/25,India,domestic_production,Domestic production,production,3.906,million_tonnes,annual_production_to_monthly_harvest_release_proxy,Economic Survey Statistical Appendix,https://www.indiabudget.gov.in/economicsurvey/doc/Statistical-Appendix-in-English.pdf,annual_only
2024-12-01,2024/25,Global,global_exporter_harvest_calendar,Global exporter harvest calendar,calendar,58.0,index,recurring_monthly_harvest_calendar,Curated global maize exporter harvest calendar,https://www.fao.org/,curated
2024-12-01,2024/25,India,imports,Imports,trade,0.0,million_tonnes,annual_imports_to_monthly_uniform_proxy,Local supply-demand analytics store,D:\ncel2\ncel-commodity-pricing\backend\data\supply_demand_analytics.db,mixed
2024-12-01,2024/25,Argentina,major_producer_crop_conditions,Major producer crop conditions,crop_condition,68.0,index,recurring_monthly_crop_condition_profile,Curated global maize crop-condition profile,https://www.usda.gov/,curated
2024-12-01,2024/25,Brazil,major_producer_crop_conditions,Major producer crop conditions,crop_condition,71.0,index,recurring_monthly_crop_condition_profile,Curated global maize crop-condition profile,https://www.usda.gov/,curated
2024-12-01,2024/25,Ukraine,major_producer_crop_conditions,Major producer crop conditions,crop_condition,42.0,index,recurring_monthly_crop_condition_profile,Curated global maize crop-condition profile,https://www.usda.gov/,curated
2024-12-01,2024/25,United States,major_producer_crop_conditions,Major producer crop conditions,crop_condition,36.0,index,recurring_monthly_crop_condition_profile,Curated global maize crop-condition profile,https://www.usda.gov/,curated
2024-12-01,2024/25,India,opening_stock,Opening stocks,stock,2.790727,million_tonnes,annual_opening_to_closing_stock_interpolation,Local supply-demand analytics store,D:\ncel2\ncel-commodity-pricing\backend\data\supply_demand_analytics.db,mixed
2024-12-01,2024/25,India,total_availability,Total availability,derived,6.696727,million_tonnes,opening_stock_plus_domestic_production_plus_imports,Derived inside Maize supply store,D:\ncel2\ncel-commodity-pricing\SnD\supply\maize\maize_supply_factors.db,derived
2024-12-01,2024/25,Argentina,usda_global_production,USDA global production by country,global_production,50.0,million_tonnes,usda_marketing_year_hold_constant_monthly,USDA WASDE March 2026 local text snapshot,D:\ncel2\ncel-commodity-pricing\backend\data\tmp_wasde0326.txt,partial
2024-12-01,2024/25,Brazil,usda_global_production,USDA global production by country,global_production,136.0,million_tonnes,usda_marketing_year_hold_constant_monthly,USDA WASDE March 2026 local text snapshot,D:\ncel2\ncel-commodity-pricing\backend\data\tmp_wasde0326.txt,partial
2024-12-01,2024/25,Ukraine,usda_global_production,USDA global production by country,global_production,26.8,million_tonnes,usda_marketing_year_hold_constant_monthly,USDA WASDE March 2026 local text snapshot,D:\ncel2\ncel-commodity-pricing\backend\data\tmp_wasde0326.txt,partial
2024-12-01,2024/25,United States,usda_global_production,USDA global production by country,global_production,378.27,million_tonnes,usda_marketing_year_hold_constant_monthly,USDA WASDE March 2026 local text snapshot,D:\ncel2\ncel-commodity-pricing\backend\data\tmp_wasde0326.txt,partial
2024-12-01,2024/25,India,yield_per_hectare,Yield per hectare,yield,3590.0,kg_per_hectare,annual_hold_constant_monthly,Economic Survey Statistical Appendix,https://www.indiabudget.gov.in/economicsurvey/doc/Statistical-Appendix-in-English.pdf,annual_only
2025-01-01,2024/25,India,acreage_sown_area,Acreage (sown area),area,12.1,million_hectare,annual_hold_constant_monthly,Economic Survey Statistical Appendix,https://www.indiabudget.gov.in/economicsurvey/doc/Statistical-Appendix-in-English.pdf,annual_only
2025-01-01,2024/25,Global,brazil_safrinha_harvest_calendar,Brazil safrinha harvest calendar,calendar,12.0,index,recurring_monthly_harvest_calendar,Curated Brazil safrinha harvest calendar,https://www.fao.org/,curated
2025-01-01,2024/25,India,buffer_stock,Buffer stock,stock,2.786818,million_tonnes,annual_opening_to_closing_stock_interpolation,Local supply-demand analytics store,D:\ncel2\ncel-commodity-pricing\backend\data\supply_demand_analytics.db,mixed
2025-01-01,2024/25,India,domestic_production,Domestic production,production,2.17,million_tonnes,annual_production_to_monthly_harvest_release_proxy,Economic Survey Statistical Appendix,https://www.indiabudget.gov.in/economicsurvey/doc/Statistical-Appendix-in-English.pdf,annual_only
2025-01-01,2024/25,Global,global_exporter_harvest_calendar,Global exporter harvest calendar,calendar,34.0,index,recurring_monthly_harvest_calendar,Curated global maize exporter harvest calendar,https://www.fao.org/,curated
2025-01-01,2024/25,India,imports,Imports,trade,0.0,million_tonnes,annual_imports_to_monthly_uniform_proxy,Local supply-demand analytics store,D:\ncel2\ncel-commodity-pricing\backend\data\supply_demand_analytics.db,mixed
2025-01-01,2024/25,Argentina,major_producer_crop_conditions,Major producer crop conditions,crop_condition,69.0,index,recurring_monthly_crop_condition_profile,Curated global maize crop-condition profile,https://www.usda.gov/,curated
2025-01-01,2024/25,Brazil,major_producer_crop_conditions,Major producer crop conditions,crop_condition,72.0,index,recurring_monthly_crop_condition_profile,Curated global maize crop-condition profile,https://www.usda.gov/,curated
2025-01-01,2024/25,Ukraine,major_producer_crop_conditions,Major producer crop conditions,crop_condition,41.0,index,recurring_monthly_crop_condition_profile,Curated global maize crop-condition profile,https://www.usda.gov/,curated
2025-01-01,2024/25,United States,major_producer_crop_conditions,Major producer crop conditions,crop_condition,38.0,index,recurring_monthly_crop_condition_profile,Curated global maize crop-condition profile,https://www.usda.gov/,curated
2025-01-01,2024/25,India,opening_stock,Opening stocks,stock,2.786818,million_tonnes,annual_opening_to_closing_stock_interpolation,Local supply-demand analytics store,D:\ncel2\ncel-commodity-pricing\backend\data\supply_demand_analytics.db,mixed
2025-01-01,2024/25,India,total_availability,Total availability,derived,4.956818,million_tonnes,opening_stock_plus_domestic_production_plus_imports,Derived inside Maize supply store,D:\ncel2\ncel-commodity-pricing\SnD\supply\maize\maize_supply_factors.db,derived
2025-01-01,2024/25,Argentina,usda_global_production,USDA global production by country,global_production,50.0,million_tonnes,usda_marketing_year_hold_constant_monthly,USDA WASDE March 2026 local text snapshot,D:\ncel2\ncel-commodity-pricing\backend\data\tmp_wasde0326.txt,partial
2025-01-01,2024/25,Brazil,usda_global_production,USDA global production by country,global_production,136.0,million_tonnes,usda_marketing_year_hold_constant_monthly,USDA WASDE March 2026 local text snapshot,D:\ncel2\ncel-commodity-pricing\backend\data\tmp_wasde0326.txt,partial
2025-01-01,2024/25,Ukraine,usda_global_production,USDA global production by country,global_production,26.8,million_tonnes,usda_marketing_year_hold_constant_monthly,USDA WASDE March 2026 local text snapshot,D:\ncel2\ncel-commodity-pricing\backend\data\tmp_wasde0326.txt,partial
2025-01-01,2024/25,United States,usda_global_production,USDA global production by country,global_production,378.27,million_tonnes,usda_marketing_year_hold_constant_monthly,USDA WASDE March 2026 local text snapshot,D:\ncel2\ncel-commodity-pricing\backend\data\tmp_wasde0326.txt,partial
2025-01-01,2024/25,India,yield_per_hectare,Yield per hectare,yield,3590.0,kg_per_hectare,annual_hold_constant_monthly,Economic Survey Statistical Appendix,https://www.indiabudget.gov.in/economicsurvey/doc/Statistical-Appendix-in-English.pdf,annual_only
2025-02-01,2024/25,India,acreage_sown_area,Acreage (sown area),area,12.1,million_hectare,annual_hold_constant_monthly,Economic Survey Statistical Appendix,https://www.indiabudget.gov.in/economicsurvey/doc/Statistical-Appendix-in-English.pdf,annual_only
2025-02-01,2024/25,Global,brazil_safrinha_harvest_calendar,Brazil safrinha harvest calendar,calendar,18.0,index,recurring_monthly_harvest_calendar,Curated Brazil safrinha harvest calendar,https://www.fao.org/,curated
2025-02-01,2024/25,India,buffer_stock,Buffer stock,stock,2.782909,million_tonnes,annual_opening_to_closing_stock_interpolation,Local supply-demand analytics store,D:\ncel2\ncel-commodity-pricing\backend\data\supply_demand_analytics.db,mixed
2025-02-01,2024/25,India,domestic_production,Domestic production,production,1.302,million_tonnes,annual_production_to_monthly_harvest_release_proxy,Economic Survey Statistical Appendix,https://www.indiabudget.gov.in/economicsurvey/doc/Statistical-Appendix-in-English.pdf,annual_only
2025-02-01,2024/25,Global,global_exporter_harvest_calendar,Global exporter harvest calendar,calendar,28.0,index,recurring_monthly_harvest_calendar,Curated global maize exporter harvest calendar,https://www.fao.org/,curated
2025-02-01,2024/25,India,imports,Imports,trade,0.0,million_tonnes,annual_imports_to_monthly_uniform_proxy,Local supply-demand analytics store,D:\ncel2\ncel-commodity-pricing\backend\data\supply_demand_analytics.db,mixed
2025-02-01,2024/25,Argentina,major_producer_crop_conditions,Major producer crop conditions,crop_condition,67.0,index,recurring_monthly_crop_condition_profile,Curated global maize crop-condition profile,https://www.usda.gov/,curated
2025-02-01,2024/25,Brazil,major_producer_crop_conditions,Major producer crop conditions,crop_condition,70.0,index,recurring_monthly_crop_condition_profile,Curated global maize crop-condition profile,https://www.usda.gov/,curated
2025-02-01,2024/25,Ukraine,major_producer_crop_conditions,Major producer crop conditions,crop_condition,39.0,index,recurring_monthly_crop_condition_profile,Curated global maize crop-condition profile,https://www.usda.gov/,curated
2025-02-01,2024/25,United States,major_producer_crop_conditions,Major producer crop conditions,crop_condition,35.0,index,recurring_monthly_crop_condition_profile,Curated global maize crop-condition profile,https://www.usda.gov/,curated
2025-02-01,2024/25,India,opening_stock,Opening stocks,stock,2.782909,million_tonnes,annual_opening_to_closing_stock_interpolation,Local supply-demand analytics store,D:\ncel2\ncel-commodity-pricing\backend\data\supply_demand_analytics.db,mixed
2025-02-01,2024/25,India,total_availability,Total availability,derived,4.084909,million_tonnes,opening_stock_plus_domestic_production_plus_imports,Derived inside Maize supply store,D:\ncel2\ncel-commodity-pricing\SnD\supply\maize\maize_supply_factors.db,derived
2025-02-01,2024/25,Argentina,usda_global_production,USDA global production by country,global_production,50.0,million_tonnes,usda_marketing_year_hold_constant_monthly,USDA WASDE March 2026 local text snapshot,D:\ncel2\ncel-commodity-pricing\backend\data\tmp_wasde0326.txt,partial
2025-02-01,2024/25,Brazil,usda_global_production,USDA global production by country,global_production,136.0,million_tonnes,usda_marketing_year_hold_constant_monthly,USDA WASDE March 2026 local text snapshot,D:\ncel2\ncel-commodity-pricing\backend\data\tmp_wasde0326.txt,partial
2025-02-01,2024/25,Ukraine,usda_global_production,USDA global production by country,global_production,26.8,million_tonnes,usda_marketing_year_hold_constant_monthly,USDA WASDE March 2026 local text snapshot,D:\ncel2\ncel-commodity-pricing\backend\data\tmp_wasde0326.txt,partial
2025-02-01,2024/25,United States,usda_global_production,USDA global production by country,global_production,378.27,million_tonnes,usda_marketing_year_hold_constant_monthly,USDA WASDE March 2026 local text snapshot,D:\ncel2\ncel-commodity-pricing\backend\data\tmp_wasde0326.txt,partial
2025-02-01,2024/25,India,yield_per_hectare,Yield per hectare,yield,3590.0,kg_per_hectare,annual_hold_constant_monthly,Economic Survey Statistical Appendix,https://www.indiabudget.gov.in/economicsurvey/doc/Statistical-Appendix-in-English.pdf,annual_only
2025-03-01,2024/25,India,acreage_sown_area,Acreage (sown area),area,12.1,million_hectare,annual_hold_constant_monthly,Economic Survey Statistical Appendix,https://www.indiabudget.gov.in/economicsurvey/doc/Statistical-Appendix-in-English.pdf,annual_only
2025-03-01,2024/25,Global,brazil_safrinha_harvest_calendar,Brazil safrinha harvest calendar,calendar,26.0,index,recurring_monthly_harvest_calendar,Curated Brazil safrinha harvest calendar,https://www.fao.org/,curated
2025-03-01,2024/25,India,buffer_stock,Buffer stock,stock,2.779,million_tonnes,annual_opening_to_closing_stock_interpolation,Local supply-demand analytics store,D:\ncel2\ncel-commodity-pricing\backend\data\supply_demand_analytics.db,mixed
2025-03-01,2024/25,India,domestic_production,Domestic production,production,0.434,million_tonnes,annual_production_to_monthly_harvest_release_proxy,Economic Survey Statistical Appendix,https://www.indiabudget.gov.in/economicsurvey/doc/Statistical-Appendix-in-English.pdf,annual_only
2025-03-01,2024/25,Global,global_exporter_harvest_calendar,Global exporter harvest calendar,calendar,22.0,index,recurring_monthly_harvest_calendar,Curated global maize exporter harvest calendar,https://www.fao.org/,curated
2025-03-01,2024/25,India,imports,Imports,trade,0.0,million_tonnes,annual_imports_to_monthly_uniform_proxy,Local supply-demand analytics store,D:\ncel2\ncel-commodity-pricing\backend\data\supply_demand_analytics.db,mixed
2025-03-01,2024/25,Argentina,major_producer_crop_conditions,Major producer crop conditions,crop_condition,63.0,index,recurring_monthly_crop_condition_profile,Curated global maize crop-condition profile,https://www.usda.gov/,curated
2025-03-01,2024/25,Brazil,major_producer_crop_conditions,Major producer crop conditions,crop_condition,66.0,index,recurring_monthly_crop_condition_profile,Curated global maize crop-condition profile,https://www.usda.gov/,curated
2025-03-01,2024/25,Ukraine,major_producer_crop_conditions,Major producer crop conditions,crop_condition,43.0,index,recurring_monthly_crop_condition_profile,Curated global maize crop-condition profile,https://www.usda.gov/,curated
2025-03-01,2024/25,United States,major_producer_crop_conditions,Major producer crop conditions,crop_condition,40.0,index,recurring_monthly_crop_condition_profile,Curated global maize crop-condition profile,https://www.usda.gov/,curated
2025-03-01,2024/25,India,opening_stock,Opening stocks,stock,2.779,million_tonnes,annual_opening_to_closing_stock_interpolation,Local supply-demand analytics store,D:\ncel2\ncel-commodity-pricing\backend\data\supply_demand_analytics.db,mixed
2025-03-01,2024/25,India,total_availability,Total availability,derived,3.213,million_tonnes,opening_stock_plus_domestic_production_plus_imports,Derived inside Maize supply store,D:\ncel2\ncel-commodity-pricing\SnD\supply\maize\maize_supply_factors.db,derived
2025-03-01,2024/25,Argentina,usda_global_production,USDA global production by country,global_production,50.0,million_tonnes,usda_marketing_year_hold_constant_monthly,USDA WASDE March 2026 local text snapshot,D:\ncel2\ncel-commodity-pricing\backend\data\tmp_wasde0326.txt,partial
2025-03-01,2024/25,Brazil,usda_global_production,USDA global production by country,global_production,136.0,million_tonnes,usda_marketing_year_hold_constant_monthly,USDA WASDE March 2026 local text snapshot,D:\ncel2\ncel-commodity-pricing\backend\data\tmp_wasde0326.txt,partial
2025-03-01,2024/25,Ukraine,usda_global_production,USDA global production by country,global_production,26.8,million_tonnes,usda_marketing_year_hold_constant_monthly,USDA WASDE March 2026 local text snapshot,D:\ncel2\ncel-commodity-pricing\backend\data\tmp_wasde0326.txt,partial
2025-03-01,2024/25,United States,usda_global_production,USDA global production by country,global_production,378.27,million_tonnes,usda_marketing_year_hold_constant_monthly,USDA WASDE March 2026 local text snapshot,D:\ncel2\ncel-commodity-pricing\backend\data\tmp_wasde0326.txt,partial
2025-03-01,2024/25,India,yield_per_hectare,Yield per hectare,yield,3590.0,kg_per_hectare,annual_hold_constant_monthly,Economic Survey Statistical Appendix,https://www.indiabudget.gov.in/economicsurvey/doc/Statistical-Appendix-in-English.pdf,annual_only
2025-04-01,2025/26,India,acreage_sown_area,Acreage (sown area),area,12.1,million_hectare,annual_hold_constant_monthly,Unified current crop balance snapshot,D:\ncel2\ncel-commodity-pricing\backend\data\supply_demand_analytics.db,annual_only
2025-04-01,2024/25,Global,brazil_safrinha_harvest_calendar,Brazil safrinha harvest calendar,calendar,42.0,index,recurring_monthly_harvest_calendar,Curated Brazil safrinha harvest calendar,https://www.fao.org/,curated
2025-04-01,2025/26,India,buffer_stock,Buffer stock,stock,2.658,million_tonnes,annual_opening_to_closing_stock_interpolation,Local supply-demand analytics store,D:\ncel2\ncel-commodity-pricing\backend\data\supply_demand_analytics.db,mixed
2025-04-01,2025/26,India,domestic_production,Domestic production,production,1.302,million_tonnes,annual_production_to_monthly_harvest_release_proxy,Unified current crop balance snapshot,D:\ncel2\ncel-commodity-pricing\backend\data\supply_demand_analytics.db,annual_only
2025-04-01,2024/25,Global,global_exporter_harvest_calendar,Global exporter harvest calendar,calendar,24.0,index,recurring_monthly_harvest_calendar,Curated global maize exporter harvest calendar,https://www.fao.org/,curated
2025-04-01,2025/26,India,imports,Imports,trade,0.025,million_tonnes,annual_imports_to_monthly_uniform_proxy,Local supply-demand analytics store,D:\ncel2\ncel-commodity-pricing\backend\data\supply_demand_analytics.db,mixed
2025-04-01,2024/25,Argentina,major_producer_crop_conditions,Major producer crop conditions,crop_condition,58.0,index,recurring_monthly_crop_condition_profile,Curated global maize crop-condition profile,https://www.usda.gov/,curated
2025-04-01,2024/25,Brazil,major_producer_crop_conditions,Major producer crop conditions,crop_condition,62.0,index,recurring_monthly_crop_condition_profile,Curated global maize crop-condition profile,https://www.usda.gov/,curated
2025-04-01,2024/25,Ukraine,major_producer_crop_conditions,Major producer crop conditions,crop_condition,50.0,index,recurring_monthly_crop_condition_profile,Curated global maize crop-condition profile,https://www.usda.gov/,curated
2025-04-01,2024/25,United States,major_producer_crop_conditions,Major producer crop conditions,crop_condition,52.0,index,recurring_monthly_crop_condition_profile,Curated global maize crop-condition profile,https://www.usda.gov/,curated
2025-04-01,2025/26,India,opening_stock,Opening stocks,stock,2.658,million_tonnes,annual_opening_to_closing_stock_interpolation,Local supply-demand analytics store,D:\ncel2\ncel-commodity-pricing\backend\data\supply_demand_analytics.db,mixed
2025-04-01,2025/26,India,total_availability,Total availability,derived,3.985,million_tonnes,opening_stock_plus_domestic_production_plus_imports,Derived inside Maize supply store,D:\ncel2\ncel-commodity-pricing\SnD\supply\maize\maize_supply_factors.db,derived
2025-04-01,2025/26,Argentina,usda_global_production,USDA global production by country,global_production,53.0,million_tonnes,usda_marketing_year_hold_constant_monthly,USDA WASDE March 2026 local text snapshot,D:\ncel2\ncel-commodity-pricing\backend\data\tmp_wasde0326.txt,partial
2025-04-01,2025/26,Brazil,usda_global_production,USDA global production by country,global_production,131.0,million_tonnes,usda_marketing_year_hold_constant_monthly,USDA WASDE March 2026 local text snapshot,D:\ncel2\ncel-commodity-pricing\backend\data\tmp_wasde0326.txt,partial
2025-04-01,2025/26,Ukraine,usda_global_production,USDA global production by country,global_production,29.0,million_tonnes,usda_marketing_year_hold_constant_monthly,USDA WASDE March 2026 local text snapshot,D:\ncel2\ncel-commodity-pricing\backend\data\tmp_wasde0326.txt,partial
2025-04-01,2025/26,United States,usda_global_production,USDA global production by country,global_production,432.34,million_tonnes,usda_marketing_year_hold_constant_monthly,USDA WASDE March 2026 local text snapshot,D:\ncel2\ncel-commodity-pricing\backend\data\tmp_wasde0326.txt,partial
2025-04-01,2025/26,India,yield_per_hectare,Yield per hectare,yield,3590.0,kg_per_hectare,annual_hold_constant_monthly,Unified current crop balance snapshot,D:\ncel2\ncel-commodity-pricing\backend\data\supply_demand_analytics.db,annual_only
2025-05-01,2025/26,India,acreage_sown_area,Acreage (sown area),area,12.1,million_hectare,annual_hold_constant_monthly,Unified current crop balance snapshot,D:\ncel2\ncel-commodity-pricing\backend\data\supply_demand_analytics.db,annual_only
2025-05-01,2024/25,Global,brazil_safrinha_harvest_calendar,Brazil safrinha harvest calendar,calendar,68.0,index,recurring_monthly_harvest_calendar,Curated Brazil safrinha harvest calendar,https://www.fao.org/,curated
2025-05-01,2025/26,India,buffer_stock,Buffer stock,stock,2.637182,million_tonnes,annual_opening_to_closing_stock_interpolation,Local supply-demand analytics store,D:\ncel2\ncel-commodity-pricing\backend\data\supply_demand_analytics.db,mixed
2025-05-01,2025/26,India,domestic_production,Domestic production,production,2.17,million_tonnes,annual_production_to_monthly_harvest_release_proxy,Unified current crop balance snapshot,D:\ncel2\ncel-commodity-pricing\backend\data\supply_demand_analytics.db,annual_only
2025-05-01,2024/25,Global,global_exporter_harvest_calendar,Global exporter harvest calendar,calendar,39.0,index,recurring_monthly_harvest_calendar,Curated global maize exporter harvest calendar,https://www.fao.org/,curated
2025-05-01,2025/26,India,imports,Imports,trade,0.025,million_tonnes,annual_imports_to_monthly_uniform_proxy,Local supply-demand analytics store,D:\ncel2\ncel-commodity-pricing\backend\data\supply_demand_analytics.db,mixed
2025-05-01,2024/25,Argentina,major_producer_crop_conditions,Major producer crop conditions,crop_condition,54.0,index,recurring_monthly_crop_condition_profile,Curated global maize crop-condition profile,https://www.usda.gov/,curated
2025-05-01,2024/25,Brazil,major_producer_crop_conditions,Major producer crop conditions,crop_condition,58.0,index,recurring_monthly_crop_condition_profile,Curated global maize crop-condition profile,https://www.usda.gov/,curated
2025-05-01,2024/25,Ukraine,major_producer_crop_conditions,Major producer crop conditions,crop_condition,60.0,index,recurring_monthly_crop_condition_profile,Curated global maize crop-condition profile,https://www.usda.gov/,curated
2025-05-01,2024/25,United States,major_producer_crop_conditions,Major producer crop conditions,crop_condition,63.0,index,recurring_monthly_crop_condition_profile,Curated global maize crop-condition profile,https://www.usda.gov/,curated
2025-05-01,2025/26,India,opening_stock,Opening stocks,stock,2.637182,million_tonnes,annual_opening_to_closing_stock_interpolation,Local supply-demand analytics store,D:\ncel2\ncel-commodity-pricing\backend\data\supply_demand_analytics.db,mixed
2025-05-01,2025/26,India,total_availability,Total availability,derived,4.832182,million_tonnes,opening_stock_plus_domestic_production_plus_imports,Derived inside Maize supply store,D:\ncel2\ncel-commodity-pricing\SnD\supply\maize\maize_supply_factors.db,derived
2025-05-01,2025/26,Argentina,usda_global_production,USDA global production by country,global_production,53.0,million_tonnes,usda_marketing_year_hold_constant_monthly,USDA WASDE March 2026 local text snapshot,D:\ncel2\ncel-commodity-pricing\backend\data\tmp_wasde0326.txt,partial
2025-05-01,2025/26,Brazil,usda_global_production,USDA global production by country,global_production,131.0,million_tonnes,usda_marketing_year_hold_constant_monthly,USDA WASDE March 2026 local text snapshot,D:\ncel2\ncel-commodity-pricing\backend\data\tmp_wasde0326.txt,partial
2025-05-01,2025/26,Ukraine,usda_global_production,USDA global production by country,global_production,29.0,million_tonnes,usda_marketing_year_hold_constant_monthly,USDA WASDE March 2026 local text snapshot,D:\ncel2\ncel-commodity-pricing\backend\data\tmp_wasde0326.txt,partial
2025-05-01,2025/26,United States,usda_global_production,USDA global production by country,global_production,432.34,million_tonnes,usda_marketing_year_hold_constant_monthly,USDA WASDE March 2026 local text snapshot,D:\ncel2\ncel-commodity-pricing\backend\data\tmp_wasde0326.txt,partial
2025-05-01,2025/26,India,yield_per_hectare,Yield per hectare,yield,3590.0,kg_per_hectare,annual_hold_constant_monthly,Unified current crop balance snapshot,D:\ncel2\ncel-commodity-pricing\backend\data\supply_demand_analytics.db,annual_only
2025-06-01,2025/26,India,acreage_sown_area,Acreage (sown area),area,12.1,million_hectare,annual_hold_constant_monthly,Unified current crop balance snapshot,D:\ncel2\ncel-commodity-pricing\backend\data\supply_demand_analytics.db,annual_only
2025-06-01,2024/25,Global,brazil_safrinha_harvest_calendar,Brazil safrinha harvest calendar,calendar,92.0,index,recurring_monthly_harvest_calendar,Curated Brazil safrinha harvest calendar,https://www.fao.org/,curated
2025-06-01,2025/26,India,buffer_stock,Buffer stock,stock,2.616364,million_tonnes,annual_opening_to_closing_stock_interpolation,Local supply-demand analytics store,D:\ncel2\ncel-commodity-pricing\backend\data\supply_demand_analytics.db,mixed
2025-06-01,2025/26,India,domestic_production,Domestic production,production,3.472,million_tonnes,annual_production_to_monthly_harvest_release_proxy,Unified current crop balance snapshot,D:\ncel2\ncel-commodity-pricing\backend\data\supply_demand_analytics.db,annual_only
2025-06-01,2024/25,Global,global_exporter_harvest_calendar,Global exporter harvest calendar,calendar,55.0,index,recurring_monthly_harvest_calendar,Curated global maize exporter harvest calendar,https://www.fao.org/,curated
2025-06-01,2025/26,India,imports,Imports,trade,0.025,million_tonnes,annual_imports_to_monthly_uniform_proxy,Local supply-demand analytics store,D:\ncel2\ncel-commodity-pricing\backend\data\supply_demand_analytics.db,mixed
2025-06-01,2024/25,Argentina,major_producer_crop_conditions,Major producer crop conditions,crop_condition,52.0,index,recurring_monthly_crop_condition_profile,Curated global maize crop-condition profile,https://www.usda.gov/,curated
2025-06-01,2024/25,Brazil,major_producer_crop_conditions,Major producer crop conditions,crop_condition,56.0,index,recurring_monthly_crop_condition_profile,Curated global maize crop-condition profile,https://www.usda.gov/,curated
2025-06-01,2024/25,Ukraine,major_producer_crop_conditions,Major producer crop conditions,crop_condition,70.0,index,recurring_monthly_crop_condition_profile,Curated global maize crop-condition profile,https://www.usda.gov/,curated
2025-06-01,2024/25,United States,major_producer_crop_conditions,Major producer crop conditions,crop_condition,74.0,index,recurring_monthly_crop_condition_profile,Curated global maize crop-condition profile,https://www.usda.gov/,curated
2025-06-01,2025/26,India,opening_stock,Opening stocks,stock,2.616364,million_tonnes,annual_opening_to_closing_stock_interpolation,Local supply-demand analytics store,D:\ncel2\ncel-commodity-pricing\backend\data\supply_demand_analytics.db,mixed
2025-06-01,2025/26,India,total_availability,Total availability,derived,6.113364,million_tonnes,opening_stock_plus_domestic_production_plus_imports,Derived inside Maize supply store,D:\ncel2\ncel-commodity-pricing\SnD\supply\maize\maize_supply_factors.db,derived
2025-06-01,2025/26,Argentina,usda_global_production,USDA global production by country,global_production,53.0,million_tonnes,usda_marketing_year_hold_constant_monthly,USDA WASDE March 2026 local text snapshot,D:\ncel2\ncel-commodity-pricing\backend\data\tmp_wasde0326.txt,partial
2025-06-01,2025/26,Brazil,usda_global_production,USDA global production by country,global_production,131.0,million_tonnes,usda_marketing_year_hold_constant_monthly,USDA WASDE March 2026 local text snapshot,D:\ncel2\ncel-commodity-pricing\backend\data\tmp_wasde0326.txt,partial
2025-06-01,2025/26,Ukraine,usda_global_production,USDA global production by country,global_production,29.0,million_tonnes,usda_marketing_year_hold_constant_monthly,USDA WASDE March 2026 local text snapshot,D:\ncel2\ncel-commodity-pricing\backend\data\tmp_wasde0326.txt,partial
2025-06-01,2025/26,United States,usda_global_production,USDA global production by country,global_production,432.34,million_tonnes,usda_marketing_year_hold_constant_monthly,USDA WASDE March 2026 local text snapshot,D:\ncel2\ncel-commodity-pricing\backend\data\tmp_wasde0326.txt,partial
2025-06-01,2025/26,India,yield_per_hectare,Yield per hectare,yield,3590.0,kg_per_hectare,annual_hold_constant_monthly,Unified current crop balance snapshot,D:\ncel2\ncel-commodity-pricing\backend\data\supply_demand_analytics.db,annual_only
2025-07-01,2025/26,India,acreage_sown_area,Acreage (sown area),area,12.1,million_hectare,annual_hold_constant_monthly,Unified current crop balance snapshot,D:\ncel2\ncel-commodity-pricing\backend\data\supply_demand_analytics.db,annual_only
2025-07-01,2024/25,Global,brazil_safrinha_harvest_calendar,Brazil safrinha harvest calendar,calendar,100.0,index,recurring_monthly_harvest_calendar,Curated Brazil safrinha harvest calendar,https://www.fao.org/,curated
2025-07-01,2025/26,India,buffer_stock,Buffer stock,stock,2.595545,million_tonnes,annual_opening_to_closing_stock_interpolation,Local supply-demand analytics store,D:\ncel2\ncel-commodity-pricing\backend\data\supply_demand_analytics.db,mixed
2025-07-01,2025/26,India,domestic_production,Domestic production,production,3.906,million_tonnes,annual_production_to_monthly_harvest_release_proxy,Unified current crop balance snapshot,D:\ncel2\ncel-commodity-pricing\backend\data\supply_demand_analytics.db,annual_only
2025-07-01,2024/25,Global,global_exporter_harvest_calendar,Global exporter harvest calendar,calendar,73.0,index,recurring_monthly_harvest_calendar,Curated global maize exporter harvest calendar,https://www.fao.org/,curated
2025-07-01,2025/26,India,imports,Imports,trade,0.025,million_tonnes,annual_imports_to_monthly_uniform_proxy,Local supply-demand analytics store,D:\ncel2\ncel-commodity-pricing\backend\data\supply_demand_analytics.db,mixed
2025-07-01,2024/25,Argentina,major_producer_crop_conditions,Major producer crop conditions,crop_condition,50.0,index,recurring_monthly_crop_condition_profile,Curated global maize crop-condition profile,https://www.usda.gov/,curated
2025-07-01,2024/25,Brazil,major_producer_crop_conditions,Major producer crop conditions,crop_condition,55.0,index,recurring_monthly_crop_condition_profile,Curated global maize crop-condition profile,https://www.usda.gov/,curated
2025-07-01,2024/25,Ukraine,major_producer_crop_conditions,Major producer crop conditions,crop_condition,76.0,index,recurring_monthly_crop_condition_profile,Curated global maize crop-condition profile,https://www.usda.gov/,curated
2025-07-01,2024/25,United States,major_producer_crop_conditions,Major producer crop conditions,crop_condition,78.0,index,recurring_monthly_crop_condition_profile,Curated global maize crop-condition profile,https://www.usda.gov/,curated
2025-07-01,2025/26,India,opening_stock,Opening stocks,stock,2.595545,million_tonnes,annual_opening_to_closing_stock_interpolation,Local supply-demand analytics store,D:\ncel2\ncel-commodity-pricing\backend\data\supply_demand_analytics.db,mixed
2025-07-01,2025/26,India,total_availability,Total availability,derived,6.526545,million_tonnes,opening_stock_plus_domestic_production_plus_imports,Derived inside Maize supply store,D:\ncel2\ncel-commodity-pricing\SnD\supply\maize\maize_supply_factors.db,derived
2025-07-01,2025/26,Argentina,usda_global_production,USDA global production by country,global_production,53.0,million_tonnes,usda_marketing_year_hold_constant_monthly,USDA WASDE March 2026 local text snapshot,D:\ncel2\ncel-commodity-pricing\backend\data\tmp_wasde0326.txt,partial
2025-07-01,2025/26,Brazil,usda_global_production,USDA global production by country,global_production,131.0,million_tonnes,usda_marketing_year_hold_constant_monthly,USDA WASDE March 2026 local text snapshot,D:\ncel2\ncel-commodity-pricing\backend\data\tmp_wasde0326.txt,partial
2025-07-01,2025/26,Ukraine,usda_global_production,USDA global production by country,global_production,29.0,million_tonnes,usda_marketing_year_hold_constant_monthly,USDA WASDE March 2026 local text snapshot,D:\ncel2\ncel-commodity-pricing\backend\data\tmp_wasde0326.txt,partial
2025-07-01,2025/26,United States,usda_global_production,USDA global production by country,global_production,432.34,million_tonnes,usda_marketing_year_hold_constant_monthly,USDA WASDE March 2026 local text snapshot,D:\ncel2\ncel-commodity-pricing\backend\data\tmp_wasde0326.txt,partial
2025-07-01,2025/26,India,yield_per_hectare,Yield per hectare,yield,3590.0,kg_per_hectare,annual_hold_constant_monthly,Unified current crop balance snapshot,D:\ncel2\ncel-commodity-pricing\backend\data\supply_demand_analytics.db,annual_only
2025-08-01,2025/26,India,acreage_sown_area,Acreage (sown area),area,12.1,million_hectare,annual_hold_constant_monthly,Unified current crop balance snapshot,D:\ncel2\ncel-commodity-pricing\backend\data\supply_demand_analytics.db,annual_only
2025-08-01,2024/25,Global,brazil_safrinha_harvest_calendar,Brazil safrinha harvest calendar,calendar,82.0,index,recurring_monthly_harvest_calendar,Curated Brazil safrinha harvest calendar,https://www.fao.org/,curated
2025-08-01,2025/26,India,buffer_stock,Buffer stock,stock,2.574727,million_tonnes,annual_opening_to_closing_stock_interpolation,Local supply-demand analytics store,D:\ncel2\ncel-commodity-pricing\backend\data\supply_demand_analytics.db,mixed
2025-08-01,2025/26,India,domestic_production,Domestic production,production,3.906,million_tonnes,annual_production_to_monthly_harvest_release_proxy,Unified current crop balance snapshot,D:\ncel2\ncel-commodity-pricing\backend\data\supply_demand_analytics.db,annual_only
2025-08-01,2024/25,Global,global_exporter_harvest_calendar,Global exporter harvest calendar,calendar,88.0,index,recurring_monthly_harvest_calendar,Curated global maize exporter harvest calendar,https://www.fao.org/,curated
2025-08-01,2025/26,India,imports,Imports,trade,0.025,million_tonnes,annual_imports_to_monthly_uniform_proxy,Local supply-demand analytics store,D:\ncel2\ncel-commodity-pricing\backend\data\supply_demand_analytics.db,mixed
2025-08-01,2024/25,Argentina,major_producer_crop_conditions,Major producer crop conditions,crop_condition,51.0,index,recurring_monthly_crop_condition_profile,Curated global maize crop-condition profile,https://www.usda.gov/,curated
2025-08-01,2024/25,Brazil,major_producer_crop_conditions,Major producer crop conditions,crop_condition,57.0,index,recurring_monthly_crop_condition_profile,Curated global maize crop-condition profile,https://www.usda.gov/,curated
2025-08-01,2024/25,Ukraine,major_producer_crop_conditions,Major producer crop conditions,crop_condition,73.0,index,recurring_monthly_crop_condition_profile,Curated global maize crop-condition profile,https://www.usda.gov/,curated
2025-08-01,2024/25,United States,major_producer_crop_conditions,Major producer crop conditions,crop_condition,71.0,index,recurring_monthly_crop_condition_profile,Curated global maize crop-condition profile,https://www.usda.gov/,curated
2025-08-01,2025/26,India,opening_stock,Opening stocks,stock,2.574727,million_tonnes,annual_opening_to_closing_stock_interpolation,Local supply-demand analytics store,D:\ncel2\ncel-commodity-pricing\backend\data\supply_demand_analytics.db,mixed
2025-08-01,2025/26,India,total_availability,Total availability,derived,6.505727,million_tonnes,opening_stock_plus_domestic_production_plus_imports,Derived inside Maize supply store,D:\ncel2\ncel-commodity-pricing\SnD\supply\maize\maize_supply_factors.db,derived
2025-08-01,2025/26,Argentina,usda_global_production,USDA global production by country,global_production,53.0,million_tonnes,usda_marketing_year_hold_constant_monthly,USDA WASDE March 2026 local text snapshot,D:\ncel2\ncel-commodity-pricing\backend\data\tmp_wasde0326.txt,partial
2025-08-01,2025/26,Brazil,usda_global_production,USDA global production by country,global_production,131.0,million_tonnes,usda_marketing_year_hold_constant_monthly,USDA WASDE March 2026 local text snapshot,D:\ncel2\ncel-commodity-pricing\backend\data\tmp_wasde0326.txt,partial
2025-08-01,2025/26,Ukraine,usda_global_production,USDA global production by country,global_production,29.0,million_tonnes,usda_marketing_year_hold_constant_monthly,USDA WASDE March 2026 local text snapshot,D:\ncel2\ncel-commodity-pricing\backend\data\tmp_wasde0326.txt,partial
2025-08-01,2025/26,United States,usda_global_production,USDA global production by country,global_production,432.34,million_tonnes,usda_marketing_year_hold_constant_monthly,USDA WASDE March 2026 local text snapshot,D:\ncel2\ncel-commodity-pricing\backend\data\tmp_wasde0326.txt,partial
2025-08-01,2025/26,India,yield_per_hectare,Yield per hectare,yield,3590.0,kg_per_hectare,annual_hold_constant_monthly,Unified current crop balance snapshot,D:\ncel2\ncel-commodity-pricing\backend\data\supply_demand_analytics.db,annual_only
2025-09-01,2025/26,India,acreage_sown_area,Acreage (sown area),area,12.1,million_hectare,annual_hold_constant_monthly,Unified current crop balance snapshot,D:\ncel2\ncel-commodity-pricing\backend\data\supply_demand_analytics.db,annual_only
2025-09-01,2024/25,Global,brazil_safrinha_harvest_calendar,Brazil safrinha harvest calendar,calendar,44.0,index,recurring_monthly_harvest_calendar,Curated Brazil safrinha harvest calendar,https://www.fao.org/,curated
2025-09-01,2025/26,India,buffer_stock,Buffer stock,stock,2.553909,million_tonnes,annual_opening_to_closing_stock_interpolation,Local supply-demand analytics store,D:\ncel2\ncel-commodity-pricing\backend\data\supply_demand_analytics.db,mixed
2025-09-01,2025/26,India,domestic_production,Domestic production,production,6.076,million_tonnes,annual_production_to_monthly_harvest_release_proxy,Unified current crop balance snapshot,D:\ncel2\ncel-commodity-pricing\backend\data\supply_demand_analytics.db,annual_only
2025-09-01,2024/25,Global,global_exporter_harvest_calendar,Global exporter harvest calendar,calendar,100.0,index,recurring_monthly_harvest_calendar,Curated global maize exporter harvest calendar,https://www.fao.org/,curated
2025-09-01,2025/26,India,imports,Imports,trade,0.025,million_tonnes,annual_imports_to_monthly_uniform_proxy,Local supply-demand analytics store,D:\ncel2\ncel-commodity-pricing\backend\data\supply_demand_analytics.db,mixed
2025-09-01,2024/25,Argentina,major_producer_crop_conditions,Major producer crop conditions,crop_condition,55.0,index,recurring_monthly_crop_condition_profile,Curated global maize crop-condition profile,https://www.usda.gov/,curated
2025-09-01,2024/25,Brazil,major_producer_crop_conditions,Major producer crop conditions,crop_condition,60.0,index,recurring_monthly_crop_condition_profile,Curated global maize crop-condition profile,https://www.usda.gov/,curated
2025-09-01,2024/25,Ukraine,major_producer_crop_conditions,Major producer crop conditions,crop_condition,64.0,index,recurring_monthly_crop_condition_profile,Curated global maize crop-condition profile,https://www.usda.gov/,curated
2025-09-01,2024/25,United States,major_producer_crop_conditions,Major producer crop conditions,crop_condition,60.0,index,recurring_monthly_crop_condition_profile,Curated global maize crop-condition profile,https://www.usda.gov/,curated
2025-09-01,2025/26,India,opening_stock,Opening stocks,stock,2.553909,million_tonnes,annual_opening_to_closing_stock_interpolation,Local supply-demand analytics store,D:\ncel2\ncel-commodity-pricing\backend\data\supply_demand_analytics.db,mixed
2025-09-01,2025/26,India,total_availability,Total availability,derived,8.654909,million_tonnes,opening_stock_plus_domestic_production_plus_imports,Derived inside Maize supply store,D:\ncel2\ncel-commodity-pricing\SnD\supply\maize\maize_supply_factors.db,derived
2025-09-01,2025/26,Argentina,usda_global_production,USDA global production by country,global_production,53.0,million_tonnes,usda_marketing_year_hold_constant_monthly,USDA WASDE March 2026 local text snapshot,D:\ncel2\ncel-commodity-pricing\backend\data\tmp_wasde0326.txt,partial
2025-09-01,2025/26,Brazil,usda_global_production,USDA global production by country,global_production,131.0,million_tonnes,usda_marketing_year_hold_constant_monthly,USDA WASDE March 2026 local text snapshot,D:\ncel2\ncel-commodity-pricing\backend\data\tmp_wasde0326.txt,partial
2025-09-01,2025/26,Ukraine,usda_global_production,USDA global production by country,global_production,29.0,million_tonnes,usda_marketing_year_hold_constant_monthly,USDA WASDE March 2026 local text snapshot,D:\ncel2\ncel-commodity-pricing\backend\data\tmp_wasde0326.txt,partial
2025-09-01,2025/26,United States,usda_global_production,USDA global production by country,global_production,432.34,million_tonnes,usda_marketing_year_hold_constant_monthly,USDA WASDE March 2026 local text snapshot,D:\ncel2\ncel-commodity-pricing\backend\data\tmp_wasde0326.txt,partial
2025-09-01,2025/26,India,yield_per_hectare,Yield per hectare,yield,3590.0,kg_per_hectare,annual_hold_constant_monthly,Unified current crop balance snapshot,D:\ncel2\ncel-commodity-pricing\backend\data\supply_demand_analytics.db,annual_only
2025-10-01,2025/26,India,acreage_sown_area,Acreage (sown area),area,12.1,million_hectare,annual_hold_constant_monthly,Unified current crop balance snapshot,D:\ncel2\ncel-commodity-pricing\backend\data\supply_demand_analytics.db,annual_only
2025-10-01,2025/26,Global,brazil_safrinha_harvest_calendar,Brazil safrinha harvest calendar,calendar,18.0,index,recurring_monthly_harvest_calendar,Curated Brazil safrinha harvest calendar,https://www.fao.org/,curated
2025-10-01,2025/26,India,buffer_stock,Buffer stock,stock,2.533091,million_tonnes,annual_opening_to_closing_stock_interpolation,Local supply-demand analytics store,D:\ncel2\ncel-commodity-pricing\backend\data\supply_demand_analytics.db,mixed
2025-10-01,2025/26,India,domestic_production,Domestic production,production,7.812,million_tonnes,annual_production_to_monthly_harvest_release_proxy,Unified current crop balance snapshot,D:\ncel2\ncel-commodity-pricing\backend\data\supply_demand_analytics.db,annual_only
2025-10-01,2025/26,Global,global_exporter_harvest_calendar,Global exporter harvest calendar,calendar,94.0,index,recurring_monthly_harvest_calendar,Curated global maize exporter harvest calendar,https://www.fao.org/,curated
2025-10-01,2025/26,India,imports,Imports,trade,0.025,million_tonnes,annual_imports_to_monthly_uniform_proxy,Local supply-demand analytics store,D:\ncel2\ncel-commodity-pricing\backend\data\supply_demand_analytics.db,mixed
2025-10-01,2025/26,Argentina,major_producer_crop_conditions,Major producer crop conditions,crop_condition,61.0,index,recurring_monthly_crop_condition_profile,Curated global maize crop-condition profile,https://www.usda.gov/,curated
2025-10-01,2025/26,Brazil,major_producer_crop_conditions,Major producer crop conditions,crop_condition,65.0,index,recurring_monthly_crop_condition_profile,Curated global maize crop-condition profile,https://www.usda.gov/,curated
2025-10-01,2025/26,Ukraine,major_producer_crop_conditions,Major producer crop conditions,crop_condition,53.0,index,recurring_monthly_crop_condition_profile,Curated global maize crop-condition profile,https://www.usda.gov/,curated
2025-10-01,2025/26,United States,major_producer_crop_conditions,Major producer crop conditions,crop_condition,48.0,index,recurring_monthly_crop_condition_profile,Curated global maize crop-condition profile,https://www.usda.gov/,curated
2025-10-01,2025/26,India,opening_stock,Opening stocks,stock,2.533091,million_tonnes,annual_opening_to_closing_stock_interpolation,Local supply-demand analytics store,D:\ncel2\ncel-commodity-pricing\backend\data\supply_demand_analytics.db,mixed
2025-10-01,2025/26,India,total_availability,Total availability,derived,10.370091,million_tonnes,opening_stock_plus_domestic_production_plus_imports,Derived inside Maize supply store,D:\ncel2\ncel-commodity-pricing\SnD\supply\maize\maize_supply_factors.db,derived
2025-10-01,2025/26,Argentina,usda_global_production,USDA global production by country,global_production,53.0,million_tonnes,usda_marketing_year_hold_constant_monthly,USDA WASDE March 2026 local text snapshot,D:\ncel2\ncel-commodity-pricing\backend\data\tmp_wasde0326.txt,partial
2025-10-01,2025/26,Brazil,usda_global_production,USDA global production by country,global_production,131.0,million_tonnes,usda_marketing_year_hold_constant_monthly,USDA WASDE March 2026 local text snapshot,D:\ncel2\ncel-commodity-pricing\backend\data\tmp_wasde0326.txt,partial
2025-10-01,2025/26,Ukraine,usda_global_production,USDA global production by country,global_production,29.0,million_tonnes,usda_marketing_year_hold_constant_monthly,USDA WASDE March 2026 local text snapshot,D:\ncel2\ncel-commodity-pricing\backend\data\tmp_wasde0326.txt,partial
2025-10-01,2025/26,United States,usda_global_production,USDA global production by country,global_production,432.34,million_tonnes,usda_marketing_year_hold_constant_monthly,USDA WASDE March 2026 local text snapshot,D:\ncel2\ncel-commodity-pricing\backend\data\tmp_wasde0326.txt,partial
2025-10-01,2025/26,India,yield_per_hectare,Yield per hectare,yield,3590.0,kg_per_hectare,annual_hold_constant_monthly,Unified current crop balance snapshot,D:\ncel2\ncel-commodity-pricing\backend\data\supply_demand_analytics.db,annual_only
2025-11-01,2025/26,India,acreage_sown_area,Acreage (sown area),area,12.1,million_hectare,annual_hold_constant_monthly,Unified current crop balance snapshot,D:\ncel2\ncel-commodity-pricing\backend\data\supply_demand_analytics.db,annual_only
2025-11-01,2025/26,Global,brazil_safrinha_harvest_calendar,Brazil safrinha harvest calendar,calendar,8.0,index,recurring_monthly_harvest_calendar,Curated Brazil safrinha harvest calendar,https://www.fao.org/,curated
2025-11-01,2025/26,India,buffer_stock,Buffer stock,stock,2.512273,million_tonnes,annual_opening_to_closing_stock_interpolation,Local supply-demand analytics store,D:\ncel2\ncel-commodity-pricing\backend\data\supply_demand_analytics.db,mixed
2025-11-01,2025/26,India,domestic_production,Domestic production,production,6.944,million_tonnes,annual_production_to_monthly_harvest_release_proxy,Unified current crop balance snapshot,D:\ncel2\ncel-commodity-pricing\backend\data\supply_demand_analytics.db,annual_only
2025-11-01,2025/26,Global,global_exporter_harvest_calendar,Global exporter harvest calendar,calendar,76.0,index,recurring_monthly_harvest_calendar,Curated global maize exporter harvest calendar,https://www.fao.org/,curated
2025-11-01,2025/26,India,imports,Imports,trade,0.025,million_tonnes,annual_imports_to_monthly_uniform_proxy,Local supply-demand analytics store,D:\ncel2\ncel-commodity-pricing\backend\data\supply_demand_analytics.db,mixed
2025-11-01,2025/26,Argentina,major_producer_crop_conditions,Major producer crop conditions,crop_condition,66.0,index,recurring_monthly_crop_condition_profile,Curated global maize crop-condition profile,https://www.usda.gov/,curated
2025-11-01,2025/26,Brazil,major_producer_crop_conditions,Major producer crop conditions,crop_condition,69.0,index,recurring_monthly_crop_condition_profile,Curated global maize crop-condition profile,https://www.usda.gov/,curated
2025-11-01,2025/26,Ukraine,major_producer_crop_conditions,Major producer crop conditions,crop_condition,45.0,index,recurring_monthly_crop_condition_profile,Curated global maize crop-condition profile,https://www.usda.gov/,curated
2025-11-01,2025/26,United States,major_producer_crop_conditions,Major producer crop conditions,crop_condition,40.0,index,recurring_monthly_crop_condition_profile,Curated global maize crop-condition profile,https://www.usda.gov/,curated
2025-11-01,2025/26,India,opening_stock,Opening stocks,stock,2.512273,million_tonnes,annual_opening_to_closing_stock_interpolation,Local supply-demand analytics store,D:\ncel2\ncel-commodity-pricing\backend\data\supply_demand_analytics.db,mixed
2025-11-01,2025/26,India,total_availability,Total availability,derived,9.481273,million_tonnes,opening_stock_plus_domestic_production_plus_imports,Derived inside Maize supply store,D:\ncel2\ncel-commodity-pricing\SnD\supply\maize\maize_supply_factors.db,derived
2025-11-01,2025/26,Argentina,usda_global_production,USDA global production by country,global_production,53.0,million_tonnes,usda_marketing_year_hold_constant_monthly,USDA WASDE March 2026 local text snapshot,D:\ncel2\ncel-commodity-pricing\backend\data\tmp_wasde0326.txt,partial
2025-11-01,2025/26,Brazil,usda_global_production,USDA global production by country,global_production,131.0,million_tonnes,usda_marketing_year_hold_constant_monthly,USDA WASDE March 2026 local text snapshot,D:\ncel2\ncel-commodity-pricing\backend\data\tmp_wasde0326.txt,partial
2025-11-01,2025/26,Ukraine,usda_global_production,USDA global production by country,global_production,29.0,million_tonnes,usda_marketing_year_hold_constant_monthly,USDA WASDE March 2026 local text snapshot,D:\ncel2\ncel-commodity-pricing\backend\data\tmp_wasde0326.txt,partial
2025-11-01,2025/26,United States,usda_global_production,USDA global production by country,global_production,432.34,million_tonnes,usda_marketing_year_hold_constant_monthly,USDA WASDE March 2026 local text snapshot,D:\ncel2\ncel-commodity-pricing\backend\data\tmp_wasde0326.txt,partial
2025-11-01,2025/26,India,yield_per_hectare,Yield per hectare,yield,3590.0,kg_per_hectare,annual_hold_constant_monthly,Unified current crop balance snapshot,D:\ncel2\ncel-commodity-pricing\backend\data\supply_demand_analytics.db,annual_only
2025-12-01,2025/26,India,acreage_sown_area,Acreage (sown area),area,12.1,million_hectare,annual_hold_constant_monthly,Unified current crop balance snapshot,D:\ncel2\ncel-commodity-pricing\backend\data\supply_demand_analytics.db,annual_only
2025-12-01,2025/26,Global,brazil_safrinha_harvest_calendar,Brazil safrinha harvest calendar,calendar,5.0,index,recurring_monthly_harvest_calendar,Curated Brazil safrinha harvest calendar,https://www.fao.org/,curated
2025-12-01,2025/26,India,buffer_stock,Buffer stock,stock,2.491455,million_tonnes,annual_opening_to_closing_stock_interpolation,Local supply-demand analytics store,D:\ncel2\ncel-commodity-pricing\backend\data\supply_demand_analytics.db,mixed
2025-12-01,2025/26,India,domestic_production,Domestic production,production,3.906,million_tonnes,annual_production_to_monthly_harvest_release_proxy,Unified current crop balance snapshot,D:\ncel2\ncel-commodity-pricing\backend\data\supply_demand_analytics.db,annual_only
2025-12-01,2025/26,Global,global_exporter_harvest_calendar,Global exporter harvest calendar,calendar,58.0,index,recurring_monthly_harvest_calendar,Curated global maize exporter harvest calendar,https://www.fao.org/,curated
2025-12-01,2025/26,India,imports,Imports,trade,0.025,million_tonnes,annual_imports_to_monthly_uniform_proxy,Local supply-demand analytics store,D:\ncel2\ncel-commodity-pricing\backend\data\supply_demand_analytics.db,mixed
2025-12-01,2025/26,Argentina,major_producer_crop_conditions,Major producer crop conditions,crop_condition,68.0,index,recurring_monthly_crop_condition_profile,Curated global maize crop-condition profile,https://www.usda.gov/,curated
2025-12-01,2025/26,Brazil,major_producer_crop_conditions,Major producer crop conditions,crop_condition,71.0,index,recurring_monthly_crop_condition_profile,Curated global maize crop-condition profile,https://www.usda.gov/,curated
2025-12-01,2025/26,Ukraine,major_producer_crop_conditions,Major producer crop conditions,crop_condition,42.0,index,recurring_monthly_crop_condition_profile,Curated global maize crop-condition profile,https://www.usda.gov/,curated
2025-12-01,2025/26,United States,major_producer_crop_conditions,Major producer crop conditions,crop_condition,36.0,index,recurring_monthly_crop_condition_profile,Curated global maize crop-condition profile,https://www.usda.gov/,curated
2025-12-01,2025/26,India,opening_stock,Opening stocks,stock,2.491455,million_tonnes,annual_opening_to_closing_stock_interpolation,Local supply-demand analytics store,D:\ncel2\ncel-commodity-pricing\backend\data\supply_demand_analytics.db,mixed
2025-12-01,2025/26,India,total_availability,Total availability,derived,6.422455,million_tonnes,opening_stock_plus_domestic_production_plus_imports,Derived inside Maize supply store,D:\ncel2\ncel-commodity-pricing\SnD\supply\maize\maize_supply_factors.db,derived
2025-12-01,2025/26,Argentina,usda_global_production,USDA global production by country,global_production,53.0,million_tonnes,usda_marketing_year_hold_constant_monthly,USDA WASDE March 2026 local text snapshot,D:\ncel2\ncel-commodity-pricing\backend\data\tmp_wasde0326.txt,partial
2025-12-01,2025/26,Brazil,usda_global_production,USDA global production by country,global_production,131.0,million_tonnes,usda_marketing_year_hold_constant_monthly,USDA WASDE March 2026 local text snapshot,D:\ncel2\ncel-commodity-pricing\backend\data\tmp_wasde0326.txt,partial
2025-12-01,2025/26,Ukraine,usda_global_production,USDA global production by country,global_production,29.0,million_tonnes,usda_marketing_year_hold_constant_monthly,USDA WASDE March 2026 local text snapshot,D:\ncel2\ncel-commodity-pricing\backend\data\tmp_wasde0326.txt,partial
2025-12-01,2025/26,United States,usda_global_production,USDA global production by country,global_production,432.34,million_tonnes,usda_marketing_year_hold_constant_monthly,USDA WASDE March 2026 local text snapshot,D:\ncel2\ncel-commodity-pricing\backend\data\tmp_wasde0326.txt,partial
2025-12-01,2025/26,India,yield_per_hectare,Yield per hectare,yield,3590.0,kg_per_hectare,annual_hold_constant_monthly,Unified current crop balance snapshot,D:\ncel2\ncel-commodity-pricing\backend\data\supply_demand_analytics.db,annual_only
2026-01-01,2025/26,India,acreage_sown_area,Acreage (sown area),area,12.1,million_hectare,annual_hold_constant_monthly,Unified current crop balance snapshot,D:\ncel2\ncel-commodity-pricing\backend\data\supply_demand_analytics.db,annual_only
2026-01-01,2025/26,Global,brazil_safrinha_harvest_calendar,Brazil safrinha harvest calendar,calendar,12.0,index,recurring_monthly_harvest_calendar,Curated Brazil safrinha harvest calendar,https://www.fao.org/,curated
2026-01-01,2025/26,India,buffer_stock,Buffer stock,stock,2.470636,million_tonnes,annual_opening_to_closing_stock_interpolation,Local supply-demand analytics store,D:\ncel2\ncel-commodity-pricing\backend\data\supply_demand_analytics.db,mixed
2026-01-01,2025/26,India,domestic_production,Domestic production,production,2.17,million_tonnes,annual_production_to_monthly_harvest_release_proxy,Unified current crop balance snapshot,D:\ncel2\ncel-commodity-pricing\backend\data\supply_demand_analytics.db,annual_only
2026-01-01,2025/26,Global,global_exporter_harvest_calendar,Global exporter harvest calendar,calendar,34.0,index,recurring_monthly_harvest_calendar,Curated global maize exporter harvest calendar,https://www.fao.org/,curated
2026-01-01,2025/26,India,imports,Imports,trade,0.025,million_tonnes,annual_imports_to_monthly_uniform_proxy,Local supply-demand analytics store,D:\ncel2\ncel-commodity-pricing\backend\data\supply_demand_analytics.db,mixed
2026-01-01,2025/26,Argentina,major_producer_crop_conditions,Major producer crop conditions,crop_condition,69.0,index,recurring_monthly_crop_condition_profile,Curated global maize crop-condition profile,https://www.usda.gov/,curated
2026-01-01,2025/26,Brazil,major_producer_crop_conditions,Major producer crop conditions,crop_condition,72.0,index,recurring_monthly_crop_condition_profile,Curated global maize crop-condition profile,https://www.usda.gov/,curated
2026-01-01,2025/26,Ukraine,major_producer_crop_conditions,Major producer crop conditions,crop_condition,41.0,index,recurring_monthly_crop_condition_profile,Curated global maize crop-condition profile,https://www.usda.gov/,curated
2026-01-01,2025/26,United States,major_producer_crop_conditions,Major producer crop conditions,crop_condition,38.0,index,recurring_monthly_crop_condition_profile,Curated global maize crop-condition profile,https://www.usda.gov/,curated
2026-01-01,2025/26,India,opening_stock,Opening stocks,stock,2.470636,million_tonnes,annual_opening_to_closing_stock_interpolation,Local supply-demand analytics store,D:\ncel2\ncel-commodity-pricing\backend\data\supply_demand_analytics.db,mixed
2026-01-01,2025/26,India,total_availability,Total availability,derived,4.665636,million_tonnes,opening_stock_plus_domestic_production_plus_imports,Derived inside Maize supply store,D:\ncel2\ncel-commodity-pricing\SnD\supply\maize\maize_supply_factors.db,derived
2026-01-01,2025/26,Argentina,usda_global_production,USDA global production by country,global_production,53.0,million_tonnes,usda_marketing_year_hold_constant_monthly,USDA WASDE March 2026 local text snapshot,D:\ncel2\ncel-commodity-pricing\backend\data\tmp_wasde0326.txt,partial
2026-01-01,2025/26,Brazil,usda_global_production,USDA global production by country,global_production,131.0,million_tonnes,usda_marketing_year_hold_constant_monthly,USDA WASDE March 2026 local text snapshot,D:\ncel2\ncel-commodity-pricing\backend\data\tmp_wasde0326.txt,partial
2026-01-01,2025/26,Ukraine,usda_global_production,USDA global production by country,global_production,29.0,million_tonnes,usda_marketing_year_hold_constant_monthly,USDA WASDE March 2026 local text snapshot,D:\ncel2\ncel-commodity-pricing\backend\data\tmp_wasde0326.txt,partial
2026-01-01,2025/26,United States,usda_global_production,USDA global production by country,global_production,432.34,million_tonnes,usda_marketing_year_hold_constant_monthly,USDA WASDE March 2026 local text snapshot,D:\ncel2\ncel-commodity-pricing\backend\data\tmp_wasde0326.txt,partial
2026-01-01,2025/26,India,yield_per_hectare,Yield per hectare,yield,3590.0,kg_per_hectare,annual_hold_constant_monthly,Unified current crop balance snapshot,D:\ncel2\ncel-commodity-pricing\backend\data\supply_demand_analytics.db,annual_only
2026-02-01,2025/26,India,acreage_sown_area,Acreage (sown area),area,12.1,million_hectare,annual_hold_constant_monthly,Unified current crop balance snapshot,D:\ncel2\ncel-commodity-pricing\backend\data\supply_demand_analytics.db,annual_only
2026-02-01,2025/26,Global,brazil_safrinha_harvest_calendar,Brazil safrinha harvest calendar,calendar,18.0,index,recurring_monthly_harvest_calendar,Curated Brazil safrinha harvest calendar,https://www.fao.org/,curated
2026-02-01,2025/26,India,buffer_stock,Buffer stock,stock,2.449818,million_tonnes,annual_opening_to_closing_stock_interpolation,Local supply-demand analytics store,D:\ncel2\ncel-commodity-pricing\backend\data\supply_demand_analytics.db,mixed
2026-02-01,2025/26,India,domestic_production,Domestic production,production,1.302,million_tonnes,annual_production_to_monthly_harvest_release_proxy,Unified current crop balance snapshot,D:\ncel2\ncel-commodity-pricing\backend\data\supply_demand_analytics.db,annual_only
2026-02-01,2025/26,Global,global_exporter_harvest_calendar,Global exporter harvest calendar,calendar,28.0,index,recurring_monthly_harvest_calendar,Curated global maize exporter harvest calendar,https://www.fao.org/,curated
2026-02-01,2025/26,India,imports,Imports,trade,0.025,million_tonnes,annual_imports_to_monthly_uniform_proxy,Local supply-demand analytics store,D:\ncel2\ncel-commodity-pricing\backend\data\supply_demand_analytics.db,mixed
2026-02-01,2025/26,Argentina,major_producer_crop_conditions,Major producer crop conditions,crop_condition,67.0,index,recurring_monthly_crop_condition_profile,Curated global maize crop-condition profile,https://www.usda.gov/,curated
2026-02-01,2025/26,Brazil,major_producer_crop_conditions,Major producer crop conditions,crop_condition,70.0,index,recurring_monthly_crop_condition_profile,Curated global maize crop-condition profile,https://www.usda.gov/,curated
2026-02-01,2025/26,Ukraine,major_producer_crop_conditions,Major producer crop conditions,crop_condition,39.0,index,recurring_monthly_crop_condition_profile,Curated global maize crop-condition profile,https://www.usda.gov/,curated
2026-02-01,2025/26,United States,major_producer_crop_conditions,Major producer crop conditions,crop_condition,35.0,index,recurring_monthly_crop_condition_profile,Curated global maize crop-condition profile,https://www.usda.gov/,curated
2026-02-01,2025/26,India,opening_stock,Opening stocks,stock,2.449818,million_tonnes,annual_opening_to_closing_stock_interpolation,Local supply-demand analytics store,D:\ncel2\ncel-commodity-pricing\backend\data\supply_demand_analytics.db,mixed
2026-02-01,2025/26,India,total_availability,Total availability,derived,3.776818,million_tonnes,opening_stock_plus_domestic_production_plus_imports,Derived inside Maize supply store,D:\ncel2\ncel-commodity-pricing\SnD\supply\maize\maize_supply_factors.db,derived
2026-02-01,2025/26,Argentina,usda_global_production,USDA global production by country,global_production,53.0,million_tonnes,usda_marketing_year_hold_constant_monthly,USDA WASDE March 2026 local text snapshot,D:\ncel2\ncel-commodity-pricing\backend\data\tmp_wasde0326.txt,partial
2026-02-01,2025/26,Brazil,usda_global_production,USDA global production by country,global_production,131.0,million_tonnes,usda_marketing_year_hold_constant_monthly,USDA WASDE March 2026 local text snapshot,D:\ncel2\ncel-commodity-pricing\backend\data\tmp_wasde0326.txt,partial
2026-02-01,2025/26,Ukraine,usda_global_production,USDA global production by country,global_production,29.0,million_tonnes,usda_marketing_year_hold_constant_monthly,USDA WASDE March 2026 local text snapshot,D:\ncel2\ncel-commodity-pricing\backend\data\tmp_wasde0326.txt,partial
2026-02-01,2025/26,United States,usda_global_production,USDA global production by country,global_production,432.34,million_tonnes,usda_marketing_year_hold_constant_monthly,USDA WASDE March 2026 local text snapshot,D:\ncel2\ncel-commodity-pricing\backend\data\tmp_wasde0326.txt,partial
2026-02-01,2025/26,India,yield_per_hectare,Yield per hectare,yield,3590.0,kg_per_hectare,annual_hold_constant_monthly,Unified current crop balance snapshot,D:\ncel2\ncel-commodity-pricing\backend\data\supply_demand_analytics.db,annual_only
2026-03-01,2025/26,India,acreage_sown_area,Acreage (sown area),area,12.1,million_hectare,annual_hold_constant_monthly,Unified current crop balance snapshot,D:\ncel2\ncel-commodity-pricing\backend\data\supply_demand_analytics.db,annual_only
2026-03-01,2025/26,Global,brazil_safrinha_harvest_calendar,Brazil safrinha harvest calendar,calendar,26.0,index,recurring_monthly_harvest_calendar,Curated Brazil safrinha harvest calendar,https://www.fao.org/,curated
2026-03-01,2025/26,India,buffer_stock,Buffer stock,stock,2.429,million_tonnes,annual_opening_to_closing_stock_interpolation,Local supply-demand analytics store,D:\ncel2\ncel-commodity-pricing\backend\data\supply_demand_analytics.db,mixed
2026-03-01,2025/26,India,domestic_production,Domestic production,production,0.434,million_tonnes,annual_production_to_monthly_harvest_release_proxy,Unified current crop balance snapshot,D:\ncel2\ncel-commodity-pricing\backend\data\supply_demand_analytics.db,annual_only
2026-03-01,2025/26,Global,global_exporter_harvest_calendar,Global exporter harvest calendar,calendar,22.0,index,recurring_monthly_harvest_calendar,Curated global maize exporter harvest calendar,https://www.fao.org/,curated
2026-03-01,2025/26,India,imports,Imports,trade,0.025,million_tonnes,annual_imports_to_monthly_uniform_proxy,Local supply-demand analytics store,D:\ncel2\ncel-commodity-pricing\backend\data\supply_demand_analytics.db,mixed
2026-03-01,2025/26,Argentina,major_producer_crop_conditions,Major producer crop conditions,crop_condition,63.0,index,recurring_monthly_crop_condition_profile,Curated global maize crop-condition profile,https://www.usda.gov/,curated
2026-03-01,2025/26,Brazil,major_producer_crop_conditions,Major producer crop conditions,crop_condition,66.0,index,recurring_monthly_crop_condition_profile,Curated global maize crop-condition profile,https://www.usda.gov/,curated
2026-03-01,2025/26,Ukraine,major_producer_crop_conditions,Major producer crop conditions,crop_condition,43.0,index,recurring_monthly_crop_condition_profile,Curated global maize crop-condition profile,https://www.usda.gov/,curated
2026-03-01,2025/26,United States,major_producer_crop_conditions,Major producer crop conditions,crop_condition,40.0,index,recurring_monthly_crop_condition_profile,Curated global maize crop-condition profile,https://www.usda.gov/,curated
2026-03-01,2025/26,India,opening_stock,Opening stocks,stock,2.429,million_tonnes,annual_opening_to_closing_stock_interpolation,Local supply-demand analytics store,D:\ncel2\ncel-commodity-pricing\backend\data\supply_demand_analytics.db,mixed
2026-03-01,2025/26,India,total_availability,Total availability,derived,2.888,million_tonnes,opening_stock_plus_domestic_production_plus_imports,Derived inside Maize supply store,D:\ncel2\ncel-commodity-pricing\SnD\supply\maize\maize_supply_factors.db,derived
2026-03-01,2025/26,Argentina,usda_global_production,USDA global production by country,global_production,53.0,million_tonnes,usda_marketing_year_hold_constant_monthly,USDA WASDE March 2026 local text snapshot,D:\ncel2\ncel-commodity-pricing\backend\data\tmp_wasde0326.txt,partial
2026-03-01,2025/26,Brazil,usda_global_production,USDA global production by country,global_production,131.0,million_tonnes,usda_marketing_year_hold_constant_monthly,USDA WASDE March 2026 local text snapshot,D:\ncel2\ncel-commodity-pricing\backend\data\tmp_wasde0326.txt,partial
2026-03-01,2025/26,Ukraine,usda_global_production,USDA global production by country,global_production,29.0,million_tonnes,usda_marketing_year_hold_constant_monthly,USDA WASDE March 2026 local text snapshot,D:\ncel2\ncel-commodity-pricing\backend\data\tmp_wasde0326.txt,partial
2026-03-01,2025/26,United States,usda_global_production,USDA global production by country,global_production,432.34,million_tonnes,usda_marketing_year_hold_constant_monthly,USDA WASDE March 2026 local text snapshot,D:\ncel2\ncel-commodity-pricing\backend\data\tmp_wasde0326.txt,partial
2026-03-01,2025/26,India,yield_per_hectare,Yield per hectare,yield,3590.0,kg_per_hectare,annual_hold_constant_monthly,Unified current crop balance snapshot,D:\ncel2\ncel-commodity-pricing\backend\data\supply_demand_analytics.db,annual_only
